{
	"window" : [ 285, 208, 769, 279 ],
	"metroON" : 	{
		"patching_rect" : [ 102.5, 36, 17, 17 ],
		"hidden" : 0,
		"bgcolor" : [ 0.936116, 1, 0.980372, 1 ],
		"checkedcolor" : [ 0, 0, 0, 1 ],
		"elementcolor" : [ 0.221327066888467, 0.221327006361825, 0.221327022178404, 1 ],
		"uncheckedcolor" : [ 1, 1, 1, 1 ]
	}
,
	"my_control@" : 	{
		"patching_rect" : [ 0, 16, 94, 20 ],
		"hidden" : 0,
		"bgcolor" : [ 0.317647, 0.317647, 0.317647, 1 ],
		"bgoncolor" : [ 0.55, 0.55, 0.55, 1 ],
		"fontsize" : 13,
		"legacytextcolor" : 1,
		"textcolor" : [ 1, 1, 1, 1 ],
		"textoncolor" : [ 1, 1, 1, 1 ],
		"textovercolor" : [ 1, 1, 1, 1 ],
		"usebgoncolor" : 1,
		"usetextovercolor" : 1
	}
,
	"incoming" : 	{
		"patching_rect" : [ 94, 16, 117, 20 ],
		"hidden" : 0,
		"bgcolor" : [ 0, 0.160491, 0.868185, 1 ],
		"bgoncolor" : [ 0.55, 0.55, 0.55, 1 ],
		"fontsize" : 13,
		"legacytextcolor" : 1,
		"textcolor" : [ 1, 1, 1, 1 ],
		"textoncolor" : [ 1, 1, 1, 1 ],
		"textovercolor" : [ 1, 1, 1, 1 ],
		"usebgoncolor" : 1,
		"usetextovercolor" : 1
	}
,
	"colums" : 	{
		"patching_rect" : [ 266, 16, 29, 22 ],
		"hidden" : 0,
		"bgcolor" : [ 0.290196, 0.309804, 0.301961, 0 ],
		"fontsize" : 12,
		"htricolor" : [ 0.922234290352602, 0.71007200526417, 0.329758341965716, 1 ],
		"textcolor" : [ 0, 0, 0, 1 ],
		"tricolor" : [ 0.458595350062755, 0.458595237564901, 0.458595266962388, 1 ]
	}
,
	"blink" : 	{
		"patching_rect" : [ 0, 37, 53, 16 ],
		"hidden" : 0,
		"bgcolor" : [ 0.077015, 0.727263, 0.343121, 1 ],
		"bgoncolor" : [ 0.380989, 0.866667, 0.315289, 1 ],
		"fontsize" : 13,
		"legacytextcolor" : 1,
		"textcolor" : [ 0.854874, 0.854874, 0.854874, 1 ],
		"textoncolor" : [ 0, 0, 0, 1 ],
		"textovercolor" : [ 0.854874, 0.854874, 0.854874, 1 ],
		"usebgoncolor" : 1,
		"usetextovercolor" : 1
	}
,
	"presets" : 	{
		"patching_rect" : [ 63, 0, 241, 16 ],
		"hidden" : 0,
		"jsarguments" : [ 14, "255 255 255", "50 50 50", "255 0 0", "0 255 0", "xgroove@1" ]
	}
,
	"metro" : 	{
		"patching_rect" : [ 119, 36, 92, 17 ],
		"hidden" : 0,
		"bgcolor" : [ 0.64342, 0.61058, 1, 1 ],
		"bordercolor" : [ 0.5, 0.5, 0.5, 1 ],
		"fontsize" : 13,
		"labelcolor" : [ 0, 0, 0, 1 ],
		"selectcolor" : [ 0.45, 0.67, 1, 0.47 ],
		"slidercolor" : [ 0, 0, 0, 1 ],
		"slidercolornofocus" : [ 0.48, 0.48, 0.48, 0.55 ],
		"textcolor" : [ 0, 0, 0, 1 ],
		"textcolornofocus" : [ 0.48, 0.48, 0.48, 0.79 ]
	}
,
	"midi_port" : 	{
		"patching_rect" : [ 389.5, 18, 60.5, 20 ],
		"hidden" : 0,
		"applycolors" : 0,
		"bgfillcolor" : 		{
			"type" : "gradient",
			"color1" : [ 0.172137149796092, 0.172137100044002, 0.172137113045018, 1 ],
			"color2" : [ 0.172137149796092, 0.172137100044002, 0.172137113045018, 1 ],
			"color" : [ 0.172137149796092, 0.172137100044002, 0.172137113045018, 1 ]
		}
,
		"color" : [ 0.618934978328545, 0.744701397656435, 0.953750108255376, 1 ],
		"elementcolor" : [ 0.221327066888467, 0.221327006361825, 0.221327022178404, 1 ],
		"fontsize" : 10,
		"textcolor" : [ 0.9, 0.9, 0.9, 1 ]
	}
,
	"beats_in_bar" : 	{
		"patching_rect" : [ 371, 0, 18, 20 ],
		"hidden" : 0,
		"applycolors" : 0,
		"bgfillcolor" : 		{
			"type" : "gradient",
			"color1" : [ 0.172137149796092, 0.172137100044002, 0.172137113045018, 1 ],
			"color2" : [ 0.172137149796092, 0.172137100044002, 0.172137113045018, 1 ],
			"color" : [ 0.172137149796092, 0.172137100044002, 0.172137113045018, 1 ]
		}
,
		"color" : [ 0.618934978328545, 0.744701397656435, 0.953750108255376, 1 ],
		"elementcolor" : [ 0.221327066888467, 0.221327006361825, 0.221327022178404, 1 ],
		"fontsize" : 10,
		"textcolor" : [ 0.9, 0.9, 0.9, 1 ]
	}
,
	"use_metro" : 	{
		"patching_rect" : [ 66, 36, 39, 17 ],
		"hidden" : 0,
		"bgcolor" : [ 0.72549, 0.337154, 0.215688, 1 ],
		"bgoncolor" : [ 1, 0.268109, 0.157234, 1 ],
		"fontsize" : 11,
		"legacytextcolor" : 1,
		"textcolor" : [ 0.854874, 0.854874, 0.854874, 1 ],
		"textoncolor" : [ 0, 0, 0, 1 ],
		"textovercolor" : [ 0.854874, 0.854874, 0.854874, 1 ],
		"usebgoncolor" : 1,
		"usetextovercolor" : 1
	}
,
	"use_midiclock_ext" : 	{
		"patching_rect" : [ 305, 18, 39, 17 ],
		"hidden" : 0,
		"bgcolor" : [ 0.72549, 0.337154, 0.215688, 1 ],
		"bgoncolor" : [ 1, 0.268109, 0.157234, 1 ],
		"fontsize" : 11,
		"legacytextcolor" : 1,
		"textcolor" : [ 0.854874, 0.854874, 0.854874, 1 ],
		"textoncolor" : [ 0, 0, 0, 1 ],
		"textovercolor" : [ 0.854874, 0.854874, 0.854874, 1 ],
		"usebgoncolor" : 1,
		"usetextovercolor" : 1
	}
,
	"use_midiclock_int" : 	{
		"patching_rect" : [ 305, 35, 39, 17 ],
		"hidden" : 0,
		"bgcolor" : [ 0.72549, 0.337154, 0.215688, 1 ],
		"bgoncolor" : [ 1, 0.268109, 0.157234, 1 ],
		"fontsize" : 11,
		"legacytextcolor" : 1,
		"textcolor" : [ 0.854874, 0.854874, 0.854874, 1 ],
		"textoncolor" : [ 0, 0, 0, 1 ],
		"textovercolor" : [ 0.854874, 0.854874, 0.854874, 1 ],
		"usebgoncolor" : 1,
		"usetextovercolor" : 1
	}
,
	"bpm" : 	{
		"patching_rect" : [ 405, 35, 48, 22 ],
		"hidden" : 0,
		"bgcolor" : [ 0.125, 0.125, 0.125, 1 ],
		"fontsize" : 12,
		"htricolor" : [ 0.922234290352602, 0.71007200526417, 0.329758341965716, 1 ],
		"textcolor" : [ 0.9, 0.9, 0.9, 1 ],
		"tricolor" : [ 0.458595350062755, 0.458595237564901, 0.458595266962388, 1 ]
	}
,
	"midiclock_on" : 	{
		"patching_rect" : [ 387, 36, 20, 18 ],
		"hidden" : 0,
		"bgcolor" : [ 0.72549, 0.337154, 0.215688, 1 ],
		"bgoncolor" : [ 1, 0.268109, 0.157234, 1 ],
		"fontsize" : 11,
		"legacytextcolor" : 1,
		"textcolor" : [ 0.854874, 0.854874, 0.854874, 1 ],
		"textoncolor" : [ 0, 0, 0, 1 ],
		"textovercolor" : [ 0.854874, 0.854874, 0.854874, 1 ],
		"usebgoncolor" : 1,
		"usetextovercolor" : 1
	}
,
	"colwidth" : 	{
		"patching_rect" : [ 264.5, 33, 36, 22 ],
		"hidden" : 0,
		"bgcolor" : [ 0.290196, 0.309804, 0.301961, 0 ],
		"fontsize" : 12,
		"htricolor" : [ 0.922234290352602, 0.71007200526417, 0.329758341965716, 1 ],
		"textcolor" : [ 0, 0, 0, 1 ],
		"tricolor" : [ 0.458595350062755, 0.458595237564901, 0.458595266962388, 1 ]
	}
,
	"cellblock" : 	{
		"patching_rect" : [ 0, 53, 484, 20 ],
		"hidden" : 0,
		"bgcolor" : [ 1, 1, 1, 1 ],
		"bordercolor" : [ 0.5, 0.5, 0.5, 1 ],
		"fgcolor" : [ 0, 0, 0, 1 ],
		"fontsize" : 12,
		"gridlinecolor" : [ 0.5, 0.5, 0.5, 1 ],
		"hcellcolor" : [ 0, 0, 0, 0 ],
		"headercolor" : [ 0.7, 0.7, 0.7, 1 ],
		"sccolor" : [ 1, 1, 1, 1 ],
		"sgcolor" : [ 0.96, 0.96, 0.98, 1 ],
		"stcolor" : [ 0.8, 0.8, 0.9, 1 ],
		"textcolor" : [ 0, 0, 0, 1 ]
	}
,
	"del_edit" : 	{
		"patching_rect" : [ 200, 53, 59, 22 ],
		"hidden" : 0,
		"bgcolor" : [ 0.125, 0.125, 0.125, 1 ],
		"fontsize" : 12,
		"htricolor" : [ 0.922234290352602, 0.71007200526417, 0.329758341965716, 1 ],
		"textcolor" : [ 0.9, 0.9, 0.9, 1 ],
		"tricolor" : [ 0.458595350062755, 0.458595237564901, 0.458595266962388, 1 ]
	}
,
	"midi_refresh" : 	{
		"patching_rect" : [ 449, 18, 34, 17 ],
		"hidden" : 0,
		"bgcolor" : [ 0.72549, 0.337154, 0.215688, 1 ],
		"bgoncolor" : [ 1, 0.268109, 0.157234, 1 ],
		"fontsize" : 8,
		"legacytextcolor" : 1,
		"textcolor" : [ 0.854874, 0.854874, 0.854874, 1 ],
		"textoncolor" : [ 0, 0, 0, 1 ],
		"textovercolor" : [ 0.854874, 0.854874, 0.854874, 1 ],
		"usebgoncolor" : 1,
		"usetextovercolor" : 1
	}

}
