{
	"window" : [ 71, 433, 199, 545 ],
	"local_display" : 	{
		"patching_rect" : [ 67.5, 0, 60, 40 ],
		"hidden" : 0,
		"bordercolor" : [ 0, 0, 0, 1 ],
		"colormode" : "argb"
	}
,
	"jit_input1" : 	{
		"patching_rect" : [ 0, 16, 68, 19 ],
		"hidden" : 0,
		"applycolors" : 0,
		"bgfillcolor" : 		{
			"type" : "color",
			"color1" : [ 0.376471, 0.384314, 0.4, 1.0 ],
			"color2" : [ 0.290196, 0.309804, 0.301961, 1.0 ],
			"color" : [ 0.011765, 0.101961, 0.219608, 1.0 ],
			"angle" : 270.0,
			"proportion" : 0.39
		}
,
		"color" : [ 0.618934978328545, 0.744701397656435, 0.953750108255376, 1 ],
		"elementcolor" : [ 0.221327066888467, 0.221327006361825, 0.221327022178404, 1 ],
		"fontsize" : 9,
		"textcolor" : [ 1, 0.745098, 0.960784, 1 ]
	}
,
	"jit_ms" : 	{
		"patching_rect" : [ 22, 32, 33, 19 ],
		"hidden" : 0,
		"bgcolor" : [ 0.752941, 0.023529, 0.247059, 1 ],
		"fontsize" : 9,
		"htricolor" : [ 0.87, 0.82, 0.24, 1 ],
		"textcolor" : [ 0, 0.776471, 0.211765, 1 ],
		"tricolor" : [ 0.75, 0.75, 0.75, 1 ]
	}
,
	"jit_on" : 	{
		"patching_rect" : [ 0, 33, 23, 13 ],
		"hidden" : 0,
		"jsarguments" : [ "on", "on", "232 49 0", "0 198 54", "170 170 170", "192 6 63", 0, 0.8 ]
	}
,
	"local_disp_on" : 	{
		"patching_rect" : [ 52, 32, 16, 16 ],
		"hidden" : 0,
		"bgcolor" : [ 0.75, 0.75, 0.75, 1 ],
		"bgoncolor" : [ 0.752941, 0.023529, 0.247059, 1 ],
		"fontsize" : 9,
		"legacytextcolor" : 1,
		"textcolor" : [ 0.752941, 0.023529, 0.247059, 1 ],
		"textoncolor" : [ 0.870588, 0.819608, 0.239216, 1 ],
		"textovercolor" : [ 0.752941, 0.023529, 0.247059, 1 ],
		"usebgoncolor" : 1,
		"usetextovercolor" : 1
	}
,
	"mean_disp" : 	{
		"patching_rect" : [ 0, 48, 41, 64 ],
		"hidden" : 0,
		"bgcolor" : [ 1, 1, 1, 1 ],
		"bordercolor" : [ 0.5, 0.5, 0.5, 1 ],
		"fontsize" : 12,
		"labelcolor" : [ 0.65098, 0.666667, 0.662745, 1 ],
		"selectcolor" : [ 0.45, 0.67, 1, 0.47 ],
		"slidercolor" : [ 0, 0, 0, 1 ],
		"slidercolornofocus" : [ 0, 0, 0, 1 ],
		"textcolor" : [ 0.65098, 0.666667, 0.662745, 1 ],
		"textcolornofocus" : [ 0.48, 0.48, 0.48, 0.79 ]
	}
,
	"min_disp" : 	{
		"patching_rect" : [ 40, 48, 45, 64 ],
		"hidden" : 0,
		"bgcolor" : [ 1, 1, 1, 1 ],
		"bordercolor" : [ 0.5, 0.5, 0.5, 1 ],
		"fontsize" : 12,
		"labelcolor" : [ 0.65098, 0.666667, 0.662745, 1 ],
		"selectcolor" : [ 0.45, 0.67, 1, 0.47 ],
		"slidercolor" : [ 0, 0, 0, 1 ],
		"slidercolornofocus" : [ 0, 0, 0, 1 ],
		"textcolor" : [ 0.65098, 0.666667, 0.662745, 1 ],
		"textcolornofocus" : [ 0.48, 0.48, 0.48, 0.79 ]
	}
,
	"max_disp" : 	{
		"patching_rect" : [ 82.5, 48, 45, 64 ],
		"hidden" : 0,
		"bgcolor" : [ 1, 1, 1, 1 ],
		"bordercolor" : [ 0.5, 0.5, 0.5, 1 ],
		"fontsize" : 12,
		"labelcolor" : [ 0.65098, 0.666667, 0.662745, 1 ],
		"selectcolor" : [ 0.45, 0.67, 1, 0.47 ],
		"slidercolor" : [ 0, 0, 0, 1 ],
		"slidercolornofocus" : [ 0, 0, 0, 1 ],
		"textcolor" : [ 0.65098, 0.666667, 0.662745, 1 ],
		"textcolornofocus" : [ 0.48, 0.48, 0.48, 0.79 ]
	}

}
