{
	"ho_st1" : 	{
		"_actwindow" : [ "ho_st", 457, 196, 590, 320 ],
		"act_menu" : "snap@",
		"audioON/OFF" : 1,
		"chans" : 16,
		"def" : -1,
		"envi_menu" : "ducks9",
		"favorites" : "(favorites)",
		"jit.on" : 0,
		"menubar" : 1,
		"ppooll" : -1,
		"rec" : 0,
		"screen" : 1,
		"stereo" : 0,
		"time" : 30424,
		"vol" : 1,
		"vol_ramp" : 10,
		"vol_slider" : 1,
		"watch_menu" : "time",
		"write_envi" : -1,
		"osc_port" : 7400,
		"ll.dims" : 0,
		"pfl_act_menu" : "no",
		"pfl_par_menu" : "-no-",
		"params_only" : 0,
		"act::active_store" : "_",
		"act::master/activest" : [ 0, 0 ],
		"act::pres_menu" : "_",
		"act::tetris_menu" : "",
		"act::title_menu" : "closeall"
	}
,
	"fffb@1" : 	{
		"_actwindow" : [ "fffb@", 277, 487, 761, 696 ],
		"preset-ramp" : 0,
		"presets" : 0,
		"act::active_store" : 0,
		"act::master/activest" : [ 0, 0 ],
		"act::pres_menu" : "_",
		"act::tetris_menu" : "",
		"act::title_menu" : "",
		"gains" : [ 0.4796, 0.4796, 0.4796, 0.4796, 0.4796, 0.4796, 0.4796, 0.4796, 0.4796, 0.4796, 0.4796 ],
		"ll.blues::status" : [ 1, 1, 0, 1, 0, 0, 0 ],
		"freqs" : [ 298.640015000000005, 365.380004999999983, 562.15002400000003, 600.30999799999995, 1044.489990000000034, 1807.40002400000003, 2742.919922000000042, 3777.5, 4724.569824000000153, 7154.569824000000153, 7154.569824000000153 ],
		"ll.blues::outputs~" : [ "ho_st1~out.1", "_" ],
		"Qs" : [ 67.120002999999997, 40.610000999999997, 34.340000000000003, 22.549999, 14.779999999999999, 17.510000000000002, 20.73, 20.73, 13.58, 31.57, 67.120002999999997 ],
		"ll.blues::outputsMix~" : [ "no~-no-", "_" ],
		"pans" : [ 13.333333, 22.222221000000001, 28.888888999999999, 31.111111000000001, 46.666668000000001, 57.777779000000002, 66.666663999999997, 68.888885000000002, 71.111114999999998, 75.555556999999993, 82.222221000000005 ],
		"ll.blues::chans" : [ 2, 2 ],
		"1st_gain" : 1,
		"ll.blues::levels" : [ 1, 1, 0, 1, 10, 0, 0.5 ],
		"1st_freq" : 0,
		"1st_Q" : 0,
		"Q-default" : -1,
		"freq-default" : 0,
		"gain-default" : -1,
		"pan-default" : 0,
		"freq_mode" : 1,
		"interval" : 28
	}
,
	"modul.ator1" : 	{
		"_actwindow" : [ "modul.ator", 281, 126, 646, 185 ],
		"low-slider-min" : 0,
		"low-slider-max" : 0,
		"high-slider-min" : 0,
		"high-slider-max" : 1,
		"freq_Hz" : 0.018555,
		"wf_p" : [ 1, 1, 1, 1, 1, 1, 1, 1, 1, 1, 1, 1, 1, 1, 1, 1, 1, 1, 1, 1, 1, 1, 1, 1, 1, 1, 1, 1, 1, 1, 1, 1, 1, 1, 1, 1, 1, 1, 1, 1, 1, 1, 1, 1, 1, 1, 1, 1, 1, 1, 1, 1, 1, 1, 1, 1, 1, 1, 1, 1, 1, 1, 1, 1, 1, 1, 1, 1, 1, 1, 1, 1, 1, 1, 1, 1, 1, 1, 1, 1, 0, 0, 0, 0, 0, 0, 0, 0, 0, 0, 0, 0, 0, 0, 0, 0, 0, 0, 0, 0, 0, 0, 0, 0, 0, 0, 0, 0, 0, 0, 0, 0, 0, 0, 0, 0, 0, 0, 0, 0, 0, 0, 0, 0, 0, 0, 0, 0, 0, 0, 0, 0, 0, 0, 0, 0, 0, 0, 0, 0, 0, 0, 0, 0, 0, 0, 0, 0, 0, 0, 0, 0, 0, 0, 0, 0, 0, 0, 0, 0, 0, 0, 0, 0, 0, 0, 0, 0, 0, 0, 0, 0, 0, 0, 0, 0, 0, 0, 0, 0, 0, 0, 0, 0, 0, 0, 0, 0, 0, 0, 0, 0, 0, 0, 0, 0, 0, 0, 0, 0, 0, 0, 0, 0, 0, 0, 0, 0, 0, 0, 0, 0, 0, 0, 0, 0.732558012008667, 0.732558012008667, 0.732558012008667, 0.732558012008667, 0.732558012008667, 0.732558012008667, 0.732558012008667, 0.732558012008667, 0.732558012008667, 0.732558012008667, 0.732558012008667, 0.732558012008667, 0.732558012008667, 0.732558012008667, 0.736433982849121, 0.74031001329422, 0.744185984134674, 0.748062014579773, 0.751937985420227, 0.755814015865326, 0.755814015865326, 0.755814015865326, 0.755814015865326, 0.755814015865326, 0.755814015865326, 0.755814015865326, 0.767441987991333, 0.779070019721985, 0.790697991847992, 0.802326023578644, 0.81395298242569, 0.825581014156342, 0.829456984996796, 0.833333015441895, 0.837208986282349, 0.841085016727448, 0.844960987567902, 0.848837018013, 0.852415025234222, 0.8559929728508, 0.859570980072021, 0.863147974014282, 0.866725981235504, 0.870303988456726, 0.873881995677948, 0.87746000289917, 0.881038010120392, 0.884615004062653, 0.888193011283875, 0.891771018505096, 0.895349025726318, 0.899224996566772, 0.903101027011871, 0.906976997852325, 0.910853028297424, 0.914728999137878, 0.918605029582977, 0.922481000423431, 0.926356971263885, 0.930233001708984, 0.934108018875122, 0.937983989715576, 0.941860020160675, 0.941860020160675, 0.941860020160675, 0.941860020160675, 0.941860020160675, 0.941860020160675, 0.965116024017334, 0, 0, 0, 0, 0, 0, 0, 0, 0, 0, 0, 0, 0, 0, 0, 0, 0, 0, 0, 0, 0, 0, 0, 0, 0, 0, 0, 0, 0, 0, 0, 0, 0, 0, 0, 0, 0, 0, 0, 0, 0, 0, 0, 0, 0, 0, 0, 0, 0, 0, 0, 0, 0, 0, 0, 0, 0, 0, 0, 0, 0, 0, 0, 0, 0, 0, 0, 0, 0, 0, 0, 0, 0, 0, 0, 0, 0, 0, 0, 0, 0, 0, 0, 0, 0, 0, 0, 0, 0, 0, 0, 0, 0, 0, 0, 0, 0, 0, 0, 0, 0, 0, 0, 0, 0, 0, 0, 0, 0, 0, 0, 0, 0, 0, 0, 0, 0, 0, 0, 0, 0, 0, 0, 0, 0.848837018013, 0.848837018013, 0.848837018013, 0.848837018013, 0.848837018013, 0.848837018013, 0.848837018013, 0.848837018013, 0.848837018013, 0.848837018013, 0.848837018013, 0.848837018013, 0.848837018013, 0.848837018013, 0.848837018013, 0.848837018013, 0.848837018013, 0.848837018013, 0.848837018013, 0.848837018013, 0.848837018013, 0.848837018013, 0.848837018013, 0.848837018013, 0.848837018013, 0.848837018013, 0.848837018013, 0.848837018013, 0.848837018013, 0.848837018013, 0.848837018013, 0.848837018013, 0.848837018013, 0.848837018013, 0.848837018013, 0.848837018013, 0.848837018013, 0.848837018013, 0.848837018013, 0.848837018013, 0.848837018013, 0.848837018013, 0.848837018013, 0.848837018013, 0.848837018013, 0.848837018013, 0.848837018013, 0.848837018013, 0.848837018013, 0.852712988853455, 0.856589019298553, 0.860464990139008, 0.864341020584106, 0.868216991424561, 0.872093021869659, 0.872093021869659, 0.872093021869659, 0.872093021869659, 0.872093021869659, 0.872093021869659, 0.872093021869659, 0, 0, 0, 0, 0, 0, 0, 0, 0, 0, 0, 0, 0, 0, 0, 0, 0, 0, 0, 0, 0, 0, 0, 0, 0, 0, 0, 0, 0, 0, 0, 0, 0, 0, 0, 0, 0, 0, 0, 0, 0, 0, 0 ],
		"wf-mouse" : [ 0.915663, 0.872093, 0 ],
		"lowhigh_format" : 1.2,
		"act::active_store" : " ",
		"act::master/activest" : [ 0, 0 ],
		"act::pres_menu" : "_",
		"act::tetris_menu" : "",
		"act::title_menu" : "",
		"freq" : 0.018555,
		"hz-ms-switch" : "Hz",
		"size" : 512,
		"wave-calc" : "saw",
		"on/off" : 1,
		"low" : -0.03,
		"link-lo-hi" : 2,
		"high" : 0.032109,
		"log" : 0,
		"syncto" : "sync-off",
		"rate" : 0,
		"ring_in" : 0,
		"interpolate" : 1,
		"loop" : 1,
		"settriggermode" : 0,
		"trigger" : 0,
		"mes/sig" : 1,
		"act_menu" : "overdrive@1",
		"par_menu" : "in.1",
		"list_param_item" : 1,
		"smooth_amt" : 1,
		"endsmooth" : 0,
		"smooth" : 0,
		"speedlim" : 0,
		"ramp" : 0,
		"rand_table" : 0,
		"presets" : 0,
		"preset-ramp" : 0
	}
,
	"modul.ator2" : 	{
		"_actwindow" : [ "modul.ator", 285, 58, 650, 117 ],
		"low-slider-min" : 0,
		"low-slider-max" : 0,
		"high-slider-min" : 0,
		"high-slider-max" : 1,
		"freq_Hz" : 13.5486,