{
	"ho_st1" : 	{
		"_actwindow" : [ "ho_st", 457, 196, 587, 321 ],
		"act" : 		{
			"active_store" : "_"
		}
,
		"inputs~" : [ "out(2)", "res(1)", "freq(1)", "noise_freq(1)" ],
		"params_only" : 0,
		"pfl_par_menu" : "-no-",
		"pfl_act_menu" : "no",
		"ll.dims" : 0,
		"osc_port" : 7400,
		"write_envi" : -1,
		"watch_menu" : "time",
		"vol_slider" : 1.0,
		"vol_ramp" : 10,
		"vol" : 1.0,
		"title_menu" : "closeall",
		"tetris_menu" : "",
		"stereo" : 0,
		"screen" : 1,
		"rec" : 0,
		"pres_menu" : "_",
		"ppooll" : -1,
		"menubar" : 1,
		"master" : "we",
		"jit.on" : 0,
		"favorites" : "(favorites)",
		"envi_menu" : "ducksN.json",
		"def" : -1,
		"chans" : 16,
		"audioON/OFF" : 1,
		"act_menu" : "(__acts__)"
	}
,
	"fffb@1" : 	{
		"_actwindow" : [ "fffb@", 277, 487, 761, 696 ],
		"ll.blues" : 		{
			"state" : [ 2, 1, 0, 1, 2, 0 ],
			"outputs" : [ "ho_st1~out.1", "no~-no-" ],
			"levels" : [ 1.0, 1.0, 0.0, 1.0, 10.0, 0.0, 0.5 ]
		}
,
		"act" : 		{
			"active_store" : "_"
		}
,
		"presets" : 1,
		"preset-ramp" : 0.0,
		"inputs~" : "in(1)",
		"gains" : [ 0.4796, 0.4796, 0.4796, 0.4796, 0.4796, 0.4796, 0.4796, 0.4796, 0.4796, 0.4796, 0.4796 ],
		"freqs" : [ 298.640015000000005, 365.380004999999983, 562.15002400000003, 600.30999799999995, 1044.489990000000034, 1807.40002400000003, 2742.919922000000042, 3777.5, 4724.569824000000153, 7154.569824000000153, 7154.569824000000153 ],
		"Qs" : [ 67.120002999999997, 40.610000999999997, 34.340000000000003, 22.549999, 14.779999999999999, 17.510000000000002, 20.73, 20.73, 13.58, 31.57, 67.120002999999997 ],
		"pans" : [ 13.333333, 22.222221000000001, 28.888888999999999, 31.111111000000001, 46.666668000000001, 57.777779000000002, 66.666663999999997, 68.888885000000002, 71.111114999999998, 75.555556999999993, 82.222221000000005 ],
		"1st_gain" : 1,
		"1st_freq" : 0,
		"1st_Q" : 0,
		"pan-default" : 0,
		"gain-default" : -1,
		"freq-default" : 0,
		"Q-default" : -1,
		"interval" : 28.0,
		"freq_mode" : 1,
		"pres_menu" : "_",
		"tetris_menu" : "",
		"title_menu" : "subpatch",
		"master" : 0
	}
,
	"kaos@1" : 	{
		"_actwindow" : [ "kaos@", 918, 454, 1065, 656 ],
		"act" : 		{
			"active_store" : "_"
		}
,
		"y_min" : 350,
		"y_max" : 403,
		"x_min" : 461,
		"x_max" : 681,
		"set!" : -1,
		"on" : 0,
		"metro_min" : 447.761194029850742,
		"metro_max" : 895.522388059701484,
		"fullscreen" : -1,
		"doubleclick" : 0,
		"click_on" : 0,
		"presets" : 0,
		"title_menu" : "subpatch",
		"pres_menu" : "_",
		"tetris_menu" : "",
		"master" : 0
	}
,
	"modul.ator1" : 	{
		"_actwindow" : [ "modul.ator", 281, 126, 649, 185 ],
		"act" : 		{
			"active_store" : " "
		}
,
		"lowhigh_format" : 1.2,
		"wf-mouse" : [ 0.951807228915663, -0.886363625526428, 0 ],
		"wf_p" : [ 0.0, 0.0, 0.0, 0.0, 0.0, 0.0, 0.0, 0.0, 0.0, 0.0, 0.0, 0.0, 0.0, 0.0, 0.0, 0.0, 0.0, 0.0, 0.0, 0.0, 0.0, 0.0, 0.0, 0.0, 0.0, 0.0, 0.0, 0.0, 0.0, 0.0, 0.0, 0.0, 0.0, 0.0, 0.0, 0.0, 0.0, 0.0, 0.0, 0.0, 0.0, 0.0, 0.0, 0.0, 0.0, 0.0, 0.0, 0.0, 0.0, 0.0, 0.0, 0.0, 0.0, 0.0, 0.0, 0.0, 0.0, 0.0, 0.0, 0.0, 0.0, 0.0, 0.0, 0.0, 0.0, 0.0, 0.0, 0.0, 0.0, 0.0, 0.0, 0.0, 0.0, 0.0, 0.0, 0.0, 0.0, 0.0, 0.0, 0.0, 0.0, 0.0, 0.0, 0.0, 0.0, 0.0, 0.0, 0.0, 0.0, 0.0, 0.0, 0.0, 0.0, 0.0, 0.0, 0.0, 0.0, 0.0, 0.0, 0.0, 0.0, 0.0, 0.0, 0.0, 0.0, 0.0, 0.0, 0.0, 0.0, 0.0, 0.0, 0.0, 0.0, 0.0, 0.0, 0.0, 0.0, 0.0, 0.0, 0.0, 0.0, 0.0, 0.0, 0.0, 0.0, 0.0, 0.0, 0.0, 0.0, 0.0, 0.0, 0.0, 0.0, 0.0, 0.0, 0.0, 0.0, 0.0, 0.0, 0.0, 0.0, 0.0, 0.0, 0.0, 0.0, 0.0, 0.0, 0.0, 0.0, 0.0, 0.0, 0.0, 0.0, 0.0, 0.0, 0.0, 0.0, 0.0, 0.0, 0.0, 0.0, 0.0, 0.0, 0.0, 0.0, 0.0, 0.0, 0.0, 0.0, 0.0, 0.0, 0.0, 0.0, 0.0, 0.0, 0.0, 0.0, 0.0, 0.0, 0.0, 0.0, 0.0, 0.0, 0.0, 0.0, 0.0, 0.0, 0.0, 0.0, 0.0, 0.0, 0.0, 0.0, 0.0, 0.0, 0.0, 0.0, 0.0, 0.0, 0.0, 0.0, 0.0, 0.0, 0.0, 0.0, 0.0, 0.0, 0.0, 0.0, 0.0, 0.0, 0.0, 0.0, 0.0, 0.0, 0.0, 0.0, 0.0, 0.0, 0.0, 0.0, 0.0, 0.0, 0.0, 0.0, 0.0, 0.0, 0.0, 0.0, 0.0, 0.0, 0.0, 0.0, 0.0, 0.0, 0.0, 0.0, 0.0, 0.0, 0.0, 0.0, 0.0, 0.0, 0.0, 0.0, 0.0, 0.0, 0.0, 0.0, 0.0, 0.0, 0.0, 0.0, 0.0 ],
		"freq_Hz" : 0.018555,
		"high-slider-max" : 1.0,
		"high-slider-min" : 0.0,
		"low-slider-max" : 0.0,
		"low-slider-min" : 0.0,
		"inputs~" : [ "freq(1)", "freq_rel(1)", "sync_in(1)", "ring(1)" ],
		"freq" : 0.018555,
		"size" : 512,
		"hz-ms-switch" : "Hz",
		"wave-calc" : "saw",
		"waves" : "-no-",
		"buffer-menu" : "mod.native",
		"on/off" : 1,
		"low" : -0.032109,
		"link-lo-hi" : 2,
		"high" : 0.032109,
		"log" : 0.0,
		"syncto" : "sync-off",
		"rate" : 0.0,
		"ring_in" : 0,
		"interpolate" : 1,
		"loop" : 1,
		"settriggermode" : 0,
		"trigger" : 0,
		"mes/sig" : 1.0,
		"act_menu" : "overdrive@1",
		"par_menu" : "in.0",
		"list_param_item" : 1,
		"smooth_amt" : 1,
		"endsmooth" : 0,
		"smooth" : 0,
		"speedlim" : 0,
		"get!" : -1,
		"ramp" : 0,
		"rand_table" : 0,
		"presets" : 0,
		"preset-ramp" : 0,
		"title_menu" : "titlebar",
		"pres_menu" : "test",
		"tetris_menu" : "",
		"master" : 0
	}
,
	"modul.ator2" : 	{
		"_actwindow" : [ "modul.ator", 285, 58, 653, 117 ],
		"act" : 		{
			"active_store" : " "
		}
,
		"lowhigh_format" : 1.2,
		"wf-mouse" : [ 0.891566, -0.569767, 0 ],
		"wf_p" : [ 0.5, 0.506136, 0.512271, 0.518404, 0.524534, 0.53066, 0.536782, 0.542899, 0.549009, 0.555111, 0.561205, 0.56729, 0.573365, 0.579429, 0.585481, 0.59152, 0.597545, 0.603556, 0.609551, 0.615529, 0.62149, 0.627433, 0.633356, 0.63926, 0.645142, 0.651003, 0.656841, 0.662655, 0.668445, 0.674209, 0.679947, 0.685659, 0.691342, 0.696996, 0.702621, 0.708215, 0.713778, 0.719308, 0.724806, 0.730269, 0.735698, 0.741092, 0.746449, 0.751769, 0.757051, 0.762295, 0.767499, 0.772662, 0.777785, 0.782866, 0.787904, 0.792899, 0.79785, 0.802756, 0.807616, 0.81243, 0.817197, 0.821916, 0.826586, 0.831208, 0.835779, 0.840301, 0.84477, 0.849188, 0.853553, 0.857865, 0.862124, 0.866327, 0.870476, 0.874568, 0.878604, 0.882584, 0.886505, 0.890369, 0.894173, 0.897918, 0.901604, 0.905229, 0.908792, 0.912295, 0.915735, 0.919112, 0.922427, 0.925678, 0.928864, 0.931986, 0.935043, 0.938035, 0.940961, 0.94382, 0.946612, 0.949337, 0.951995, 0.954584, 0.957105, 0.959557, 0.96194, 0.964253, 0.966496, 0.968669, 0.970772, 0.972804, 0.974764, 0.976653, 0.97847, 0.980215, 0.981888, 0.983488, 0.985016, 0.98647, 0.987851, 0.989159, 0.990393, 0.991553, 0.992639, 0.993651, 0.994588, 0.995451, 0.99624, 0.996953, 0.997592, 0.998156, 0.998645, 0.999059, 0.999398, 0.999661, 0.999849, 0.999962, 1.0, 0.999962, 0.999849, 0.999661, 0.999398, 0.999059, 0.998645, 0.998156, 0.997592, 0.996953, 0.99624, 0.995451, 0.994588, 0.993651, 0.992639, 0.991553, 0.990393, 0.989159, 0.987851, 0.98647, 0.985016, 0.983488, 0.981888, 0.980215, 0.97847, 0.976653, 0.974764, 0.972804, 0.970772, 0.96867, 0.966496, 0.964253, 0.96194, 0.959557, 0.957105, 0.954584, 0.951995, 0.949337, 0.946612, 0.94382, 0.940961, 0.938035, 0.935044, 0.931986, 0.928864, 0.925678, 0.922427, 0.919112, 0.915735, 0.912295, 0.908792, 0.905229, 0.901604, 0.897918, 0.894173, 0.890369, 0.886505, 0.882584, 0.878604, 0.874568, 0.870476, 0.866327, 0.862124, 0.857865, 0.853553, 0.849188, 0.84477, 0.840301, 0.83578, 0.831208, 0.826586, 0.821916, 0.817197, 0.81243, 0.807616, 0.802756, 0.79785, 0.792899, 0.787904, 0.782866, 0.777785, 0.772663, 0.767499, 0.762295, 0.757051, 0.751769, 0.746449, 0.741092, 0.735698, 0.730269, 0.724806, 0.719308, 0.713778, 0.708215, 0.702621, 0.696996, 0.691342, 0.685659, 0.679948, 0.674209, 0.668445, 0.662655, 0.656841, 0.651003, 0.645142, 0.63926, 0.633356, 0.627433, 0.62149, 0.615529, 0.609551, 0.603556, 0.597545, 0.59152, 0.585481, 0.579429, 0.573365, 0.56729, 0.561205, 0.555111, 0.549009, 0.542899, 0.536782, 0.53066, 0.524534, 0.518404 ],
		"freq_Hz" : 13.5486,
		"high-slider-max" : 1.0,
		"high-slider-min" : 0.0,
		"low-slider-max" : 0.0,
		"low-slider-min" : 0.0,
		"inputs~" : [ "freq(1)", "freq_rel(1)", "sync_in(1)", "ring(1)" ],
		"freq" : 13.5486,
		"size" : 512,
		"hz-ms-switch" : "Hz",
		"wave-calc" : "sin",
		"waves" : "-no-",
		"buffer-menu" : "mod.native",
		"on/off" : 1,
		"low" : 0.0,