{
	"ho_st1" : 	{
		"_actwindow" : [ "ho_st", 457, 196, 567, 321, "act" ],
		"act" : 		{
			"active_store" : 0
		}
,
		"params_only" : 0,
		"pfl_par_menu" : "-no-",
		"pfl_act_menu" : "no",
		"ll.dims" : 0,
		"osc_port" : 7400,
		"watch_menu" : "time",
		"vol_slider" : 0.635827,
		"vol_ramp" : 1000,
		"vol" : 1.0,
		"title_menu" : "closeall",
		"tetris_menu" : " ",
		"screen" : 1,
		"rec" : 0,
		"pres_menu" : "TEXT",
		"ppooll" : -1,
		"menubar" : 0,
		"jit.on" : 1,
		"favorites" : " ",
		"envi_menu" : "write",
		"def" : -1,
		"audioON/OFF" : 0,
		"act_menu" : "2Dsliders"
	}
,
	"fffb@1" : 	{
		"_actwindow" : [ "fffb@", 277, 487, 761, 696, "act" ],
		"ll.inputmix" : 		{
			"levels" : [ 1.0, 1.0, 1 ]
		}
,
		"ll.blues" : 		{
			"state" : [ 1, 1, 1, 1, 0, 0, 1 ],
			"outputs" : [ "ho_st1~out.1", "ho_st1~out." ],
			"levels" : [ 1.0, 1.0, 0.0, 0.0, 10.0, 0.0, 0.5 ]
		}
,
		"act" : 		{
			"active_store" : 0
		}
,
		"presets" : 0,
		"preset-ramp" : 0,
		"gains" : [ 0.4796, 0.4796, 0.4796, 0.4796, 0.4796, 0.4796, 0.4796, 0.4796, 0.4796, 0.4796, 0.4796 ],
		"freqs" : [ 298.640015000000005, 365.380004999999983, 562.15002400000003, 600.30999799999995, 1044.489990000000034, 1807.40002400000003, 2742.919922000000042, 3777.5, 4724.569824000000153, 7154.569824000000153, 7154.569824000000153 ],
		"Qs" : [ 67.120002999999997, 40.610000999999997, 34.340000000000003, 22.549999, 14.779999999999999, 17.510000000000002, 20.73, 20.73, 13.58, 31.57, 67.120002999999997 ],
		"pans" : [ 13.333333, 22.222221000000001, 28.888888999999999, 31.111111000000001, 46.666668000000001, 57.777779000000002, 66.666663999999997, 68.888885000000002, 71.111114999999998, 75.555556999999993, 82.222221000000005 ],
		"1st_gain" : 1,
		"1st_freq" : 0,
		"1st_Q" : 0,
		"pan-default" : -1,
		"gain-default" : -1,
		"freq-default" : 0,
		"Q-default" : -1,
		"interval" : 28.0,
		"freq_mode" : 1,
		"pres_menu" : " ",
		"tetris_menu" : " ",
		"title_menu" : "info",
		"master" : 0
	}
,
	"modul.ator1" : 	{
		"_actwindow" : [ "modul.ator", 281, 126, 648, 185, "act" ],
		"act" : 		{
			"active_store" : 0
		}
,
		"freq_Hz" : 0.018555,
		"freq" : 0.018555,
		"size" : 512,
		"hz-ms-switch" : "Hz",
		"wave-calc" : "saw",
		"waves" : "-no-",
		"buffer-menu" : "mod.native",
		"on/off" : 1,
		"low" : -0.03,
		"link-lo-hi" : 2,
		"high" : 0.032109,
		"log" : 0.0,
		"syncto" : "sync-off",
		"rate" : 0.0,
		"ring_in" : 0,
		"interpolate" : 1,
		"loop" : 1,
		"settriggermode" : 0,
		"trigger" : 0,
		"mes/sig" : 1.0,
		"act_menu" : "overdrive@1",
		"par_menu" : "in.1",
		"list_param_item" : 1,
		"smooth_amt" : 1,
		"endsmooth" : 0,
		"smooth" : 0,
		"speedlim" : 0,
		"low-slider-min" : 0.0,
		"get!" : -1,
		"low-slider-max" : 0.0,
		"ramp" : 0,
		"high-slider-min" : 0.0,
		"high-slider-max" : 1.0,
		"presets" : 0,
		"preset-ramp" : [ 0.009607, 0.010841, 0.012149, 0.01353, 0.014984, 0.016512, 0.018112, 0.019785, 0.02153, 0.023347, 0.025236, 0.027196, 0.029228, 0.03133, 0.033503, 0.035747, 0.03806, 0.040443, 0.042895, 0.045416, 0.048005, 0.050663, 0.053388, 0.05618, 0.059039, 0.061965, 0.064956, 0.068013, 0.071135, 0.074322, 0.077573, 0.080887, 0.084265, 0.087705, 0.091207, 0.094771, 0.098396, 0.102081, 0.105827, 0.109631, 0.113494, 0.117416, 0.121395, 0.125432, 0.129524, 0.133673, 0.137876, 0.142134, 0.146446, 0.150812, 0.15523, 0.159699, 0.16422, 0.168792, 0.173413, 0.178084, 0.182803, 0.18757, 0.192384, 0.197244, 0.20215, 0.207101, 0.212096, 0.217134, 0.222215, 0.227337, 0.232501, 0.237705, 0.242948, 0.24823, 0.253551, 0.258908, 0.264301, 0.26973, 0.275194, 0.280692, 0.286222, 0.291785, 0.297379, 0.303004, 0.308658, 0.314341, 0.320052, 0.32579, 0.331555, 0.337344, 0.343159, 0.348997, 0.354857, 0.36074, 0.366643, 0.372567, 0.37851, 0.38447, 0.390449, 0.396444, 0.402454, 0.40848, 0.414519, 0.420571, 0.426634, 0.432709, 0.438794, 0.444889, 0.450991, 0.457101, 0.463217, 0.469339, 0.475466, 0.481596, 0.487729, 0.493864 ],
		"wf-mouse" : [ 0.915663, 0.872093, 0 ],
		"wf_p" : [ 1.0, 1.0, 1.0, 1.0, 1.0, 1.0, 1.0, 1.0, 1.0, 1.0, 1.0, 1.0, 1.0, 1.0, 1.0, 1.0, 1.0, 1.0, 1.0, 1.0, 1.0, 1.0, 1.0, 1.0, 1.0, 1.0, 1.0, 1.0, 1.0, 1.0, 1.0, 1.0, 1.0, 1.0, 1.0, 1.0, 1.0, 1.0, 1.0, 1.0, 1.0, 1.0, 1.0, 1.0, 1.0, 1.0, 1.0, 1.0, 1.0, 1.0, 1.0, 1.0, 1.0, 1.0, 1.0, 1.0, 1.0, 1.0, 1.0, 1.0, 1.0, 1.0, 1.0, 1.0, 1.0, 1.0, 1.0, 1.0, 1.0, 1.0, 1.0, 1.0, 1.0, 1.0, 1.0, 1.0, 1.0, 1.0, 1.0, 1.0, 0.0, 0.0, 0.0, 0.0, 0.0, 0.0, 0.0, 0.0, 0.0, 0.0, 0.0, 0.0, 0.0, 0.0, 0.0, 0.0, 0.0, 0.0, 0.0, 0.0, 0.0, 0.0, 0.0, 0.0, 0.0, 0.0, 0.0, 0.0, 0.0, 0.0, 0.0, 0.0, 0.0, 0.0, 0.0, 0.0, 0.0, 0.0, 0.0, 0.0, 0.0, 0.0, 0.0, 0.0, 0.0, 0.0, 0.0, 0.0, 0.0, 0.0, 0.0, 0.0, 0.0, 0.0, 0.0, 0.0, 0.0, 0.0, 0.0, 0.0, 0.0, 0.0, 0.0, 0.0, 0.0, 0.0, 0.0, 0.0, 0.0, 0.0, 0.0, 0.0, 0.0, 0.0, 0.0, 0.0, 0.0, 0.0, 0.0, 0.0, 0.0, 0.0, 0.0, 0.0, 0.0, 0.0, 0.0, 0.0, 0.0, 0.0, 0.0, 0.0, 0.0, 0.0, 0.0, 0.0, 0.0, 0.0, 0.0, 0.0, 0.0, 0.0, 0.0, 0.0, 0.0, 0.0, 0.0, 0.0, 0.0, 0.0, 0.0, 0.0, 0.0, 0.0, 0.0, 0.0, 0.0, 0.0, 0.0, 0.0, 0.0, 0.0, 0.0, 0.0, 0.0, 0.0, 0.0, 0.0, 0.0, 0.0, 0.0, 0.0, 0.0, 0.0, 0.0, 0.732558, 0.732558, 0.732558, 0.732558, 0.732558, 0.732558, 0.732558, 0.732558, 0.732558, 0.732558, 0.732558, 0.732558, 0.732558, 0.732558, 0.736434, 0.74031, 0.744186, 0.748062, 0.751938, 0.755814, 0.755814, 0.755814, 0.755814, 0.755814, 0.755814, 0.755814, 0.767442, 0.77907, 0.790698, 0.802326, 0.813953, 0.825581, 0.829457, 0.833333, 0.837209, 0.841085, 0.844961, 0.848837, 0.852415, 0.855993 ],
		"title_menu" : "clientwindow",
		"pres_menu" : " ",
		"tetris_menu" : " ",
		"master" : 0
	}
,
	"modul.ator2" : 	{
		"_actwindow" : [ "modul.ator", 285, 58, 652, 117, "act" ],
		"act" : 		{
			"active_store" : 0
		}
,
		"freq_Hz" : 13.5486,
		"freq" : 13.5486,
		"size" : 512,
		"hz-ms-switch" : "Hz",
		"wave-calc" : "sin",
		"waves" : "-no-",
		"buffer-menu" : "mod.native",
		"on/off" : 1,
		"low" : 0.0,
		"link-lo-hi" : 0,
		"high" : 0.01,
		"log" : 0.0,
		"syncto" : "sync-off",
		"rate" : 0.0,
		"ring_in" : 0,
		"interpolate" : 0,
		"loop" : 1,
		"settriggermode" : 0,
		"trigger" : 0,
		"mes/sig" : 1.0,
		"act_menu" : "modul.ator1",
		"par_menu" : "freq_rel.1",
		"list_param_item" : 1,
		"smooth_amt" : 1,
		"endsmooth" : 0,
		"smooth" : 0,
		"speedlim" : 0,
		"low-slider-min" : 0.0,
		"get!" : -1,
		"low-slider-max" : 0.0,
		"ramp" : 0,
		"high-slider-min" : 0.0,
		"high-slider-max" : 1.0,
		"presets" : 0,
		"preset-ramp" : [ 0.034884, 0.034884, 0.034884, 0.034884, 0.034884, 0.034884, 0.034884, 0.034884, 0.031008, 0.027132, 0.023256, 0.01938, 0.015504, 0.011628, 0.00969, 0.007752, 0.005814, 0.003876, 0.001938, 0.0, 0.0, 0.0, 0.0, 0.0, 0.0, 0.0, 0.0, 0.0, 0.0, 0.0, 0.0, 0.0, 0.0, 0.0, 0.0, 0.0, 0.0, 0.0, 0.0, 0.0, 0.0, 0.0, 0.0, 0.0, 0.0, 0.0, 0.0, 0.0, 0.0, 0.0, 0.0, 0.0, 0.0, 0.0, 0.0, 0.0, 0.0, 0.0, 0.0, 0.0, 0.0, 0.0, 0.0, 0.0, 0.0, 0.0, 0.0, 0.0, 0.0, 0.0, 0.0, 0.0, 0.0, 0.0, 0.0, 0.0, 0.0, 0.0, 0.0, 0.0, 0.0, 0.0, 0.0, 0.0, 0.0, 0.0, 0.0, 0.0, 0.0, 0.0, 0.0, 0.0, 0.0, 0.0, 0.0, 0.0, 0.0, 0.0, 0.0, 0.0, 0.0, 0.0, 0.0, 0.0, 0.0, 0.0, 0.0, 0.0, 0.0, 0.0, 0.0, 0.0 ],
		"wf-mouse" : [ 0.891566, -0.569767, 0 ],