{
	"ho_st1" : 	{
		"_actwindow" : [ "ho_st", 457, 196, 587, 321, "", "act" ],
		"act" : 		{
			"active_store" : "_"
		}
,
		"inputs~" : [ "out(16)", "res(1)", "freq(1)", "noise_freq(1)" ],
		"params_only" : 0,
		"pfl_par_menu" : "-no-",
		"pfl_act_menu" : "no",
		"ll.dims" : 0,
		"osc_port" : 7400,
		"write_envi" : -1,
		"watch_menu" : "time",
		"vol_slider" : 1.0,
		"vol_ramp" : 10,
		"vol" : 1.0,
		"title_menu" : "closeall",
		"tetris_menu" : "",
		"stereo" : 0,
		"screen" : 1,
		"rec" : 0,
		"pres_menu" : "_",
		"ppooll" : -1,
		"menubar" : 1,
		"master" : "we",
		"jit.on" : 0,
		"favorites" : "tetris@",
		"envi_menu" : "ducks.json",
		"def" : -1,
		"chans" : 16,
		"audioON/OFF" : 0,
		"act_menu" : "overdrive@"
	}
,
	"fffb@1" : 	{
		"_actwindow" : [ "fffb@", 277, 487, 761, 696, "", "act" ],
		"ll.blues" : 		{
			"state" : [ 2, 1, 0, 1, 2, 0 ],
			"outputs" : [ "ho_st1~out.1", "no~-no-" ],
			"levels" : [ 1.0, 1.0, 0.0, 1.0, 10.0, 0.0, 0.5 ]
		}
,
		"act" : 		{
			"active_store" : 0
		}
,
		"presets" : 1,
		"preset-ramp" : 0.0,
		"inputs~" : "in(1)",
		"gains" : [ 0.1516, 0.1516, 0.1516, 0.1516, 0.1516, 0.1516, 0.1516, 0.1516, 0.1516, 0.1516, 0.1516 ],
		"freqs" : [ 73.050003000000004, 166.059998000000007, 212.149993999999992, 251.96000699999999, 308.890015000000005, 620.700012000000015, 865.429992999999968, 1727.430053999999927, 1565.660033999999996, 2820.469970999999987, 11420.299805000000561 ],
		"Qs" : [ 10.52, 16.09, 16.09, 9.859999999999999, 9.859999999999999, 12.84, 39.909999999999997, 19.049999, 13.58, 87.010002, 146.110001000000011 ],
		"pans" : [ 13.333333, 22.222221000000001, 28.888888999999999, 31.111111000000001, 46.666668000000001, 57.777779000000002, 66.666663999999997, 68.888885000000002, 71.111114999999998, 75.555556999999993, 82.222221000000005 ],
		"1st_gain" : 1,
		"1st_freq" : 0,
		"1st_Q" : 0,
		"pan-default" : 0,
		"gain-default" : -1,
		"freq-default" : 0,
		"Q-default" : -1,
		"interval" : 28.0,
		"freq_mode" : 1,
		"pres_menu" : "test",
		"tetris_menu" : "",
		"title_menu" : "subpatch",
		"master" : 0
	}
,
	"modul.ator1" : 	{
		"_actwindow" : [ "modul.ator", 281, 126, 649, 185, "", "act" ],
		"act" : 		{
			"active_store" : " "
		}
,
		"lowhigh_format" : 1.2,
		"wf-mouse" : [ 0.722892, 0.5, 0 ],
		"wf_p" : [ 0.0, 0.001952999969944, 0.003905999939889, 0.005859000142664, 0.007811999879777, 0.009766000322998, 0.01171899959445, 0.013671999797225, 0.015625, 0.017578000202775, 0.01953100040555, 0.021484000608325, 0.0234379991889, 0.025390999391675, 0.02734399959445, 0.029296999797225, 0.03125, 0.03320299834013, 0.03515600040555, 0.03710899874568, 0.0390620008111, 0.04101600125432, 0.04296899959445, 0.04492200165987, 0.046875, 0.04882799834013, 0.05078100040555, 0.05273399874568, 0.0546879991889, 0.05664100125432, 0.05859399959445, 0.06054700165987, 0.0625, 0.06445299834013, 0.06640599668026, 0.06835900247097, 0.0703120008111, 0.07226599752903, 0.07421900331974, 0.07617200165987, 0.078125, 0.08007799834013, 0.08203099668026, 0.08398400247097, 0.0859379991889, 0.08789099752903, 0.08984400331974, 0.09179700165987, 0.09375, 0.09570299834013, 0.09765599668026, 0.09960900247097, 0.1015620008111, 0.10351599752903, 0.10546900331974, 0.10742200165987, 0.109375, 0.11132799834013, 0.11328099668026, 0.11523400247097, 0.1171879991889, 0.11914099752903, 0.12109400331974, 0.12304700165987, 0.125, 0.12695300579071, 0.12890599668026, 0.13085900247097, 0.132811993360519, 0.13476599752903, 0.13671900331974, 0.13867199420929, 0.140625, 0.14257800579071, 0.14453099668026, 0.14648400247097, 0.148438006639481, 0.15039099752903, 0.15234400331974, 0.15429699420929, 0.15625, 0.15820300579071, 0.16015599668026, 0.16210900247097, 0.164061993360519, 0.16601599752903, 0.16796900331974, 0.16992199420929, 0.171875, 0.17382800579071, 0.17578099668026, 0.17773400247097, 0.179688006639481, 0.18164099752903, 0.18359400331974, 0.18554699420929, 0.1875, 0.18945300579071, 0.19140599668026, 0.19335900247097, 0.195311993360519, 0.19726599752903, 0.19921900331974, 0.20117199420929, 0.203125, 0.20507800579071, 0.20703099668026, 0.20898400247097, 0.210938006639481, 0.21289099752903, 0.21484400331974, 0.21679699420929, 0.21875, 0.22070300579071, 0.22265599668026, 0.22460900247097, 0.226561993360519, 0.22851599752903, 0.23046900331974, 0.23242199420929, 0.234375, 0.23632800579071, 0.23828099668026, 0.24023400247097, 0.242188006639481, 0.24414099752903, 0.24609400331974, 0.24804699420929, 0.25, 0.25195300579071, 0.253906011581421, 0.255858987569809, 0.257811993360519, 0.259766012430191, 0.261718988418579, 0.26367199420929, 0.265625, 0.26757800579071, 0.269531011581421, 0.271483987569809, 0.273438006639481, 0.275391012430191, 0.277343988418579, 0.27929699420929, 0.28125, 0.28320300579071, 0.285156011581421, 0.287108987569809, 0.289061993360519, 0.291016012430191, 0.292968988418579, 0.29492199420929, 0.296875, 0.29882800579071, 0.300781011581421, 0.302733987569809, 0.304688006639481, 0.306641012430191, 0.308593988418579, 0.31054699420929, 0.3125, 0.31445300579071, 0.316406011581421, 0.318358987569809, 0.320311993360519, 0.322266012430191, 0.324218988418579, 0.32617199420929, 0.328125, 0.33007800579071, 0.332031011581421, 0.333983987569809, 0.335938006639481, 0.337891012430191, 0.339843988418579, 0.34179699420929, 0.34375, 0.34570300579071, 0.347656011581421, 0.349608987569809, 0.351561993360519, 0.353516012430191, 0.355468988418579, 0.35742199420929, 0.359375, 0.36132800579071, 0.363281011581421, 0.365233987569809, 0.367188006639481, 0.369141012430191, 0.371093988418579, 0.37304699420929, 0.375, 0.37695300579071, 0.378906011581421, 0.380858987569809, 0.382811993360519, 0.384766012430191, 0.386718988418579, 0.38867199420929, 0.390625, 0.39257800579071, 0.394531011581421, 0.396483987569809, 0.398438006639481, 0.400391012430191, 0.402343988418579, 0.40429699420929, 0.40625, 0.40820300579071, 0.410156011581421, 0.412108987569809, 0.414061993360519, 0.416016012430191, 0.417968988418579, 0.41992199420929, 0.421875, 0.42382800579071, 0.425781011581421, 0.427733987569809, 0.429688006639481, 0.431641012430191, 0.433593988418579, 0.43554699420929, 0.4375, 0.43945300579071, 0.441406011581421, 0.443358987569809, 0.445311993360519, 0.447266012430191, 0.449218988418579, 0.45117199420929, 0.453125, 0.45507800579071, 0.457031011581421, 0.458983987569809, 0.460938006639481, 0.462891012430191, 0.464843988418579, 0.46679699420929, 0.46875, 0.47070300579071, 0.472656011581421, 0.474608987569809, 0.476561993360519, 0.478516012430191, 0.480468988418579, 0.48242199420929, 0.484375, 0.48632800579071, 0.488281011581421, 0.490233987569809, 0.492188006639481, 0.494141012430191, 0.496093988418579 ],
		"freq_Hz" : 0.018555,
		"high-slider-max" : 1.0,
		"high-slider-min" : 0.0,
		"low-slider-max" : 0.0,
		"low-slider-min" : 0.0,
		"inputs~" : [ "freq(1)", "freq_rel(1)", "sync_in(1)", "ring(1)" ],
		"freq" : 0.018555,
		"size" : 512,
		"hz-ms-switch" : "Hz",
		"wave-calc" : "saw",
		"waves" : "-no-",
		"buffer-menu" : "mod.native",
		"on/off" : 1,
		"low" : -0.032109,
		"link-lo-hi" : 2,
		"high" : 0.032109,
		"log" : 0.0,
		"syncto" : "sync-off",
		"rate" : 0.0,
		"ring_in" : 0,
		"interpolate" : 0,
		"loop" : 1,
		"settriggermode" : 0,
		"trigger" : 0,
		"mes/sig" : 1.0,
		"act_menu" : "overdrive@1",
		"par_menu" : "in.0",
		"list_param_item" : 1,
		"smooth_amt" : 1,
		"endsmooth" : 0,
		"smooth" : 0,
		"speedlim" : 0,
		"get!" : -1,
		"ramp" : 0,
		"rand_table" : 0,
		"presets" : 0,
		"preset-ramp" : 0,
		"title_menu" : "titlebar",
		"pres_menu" : "test",
		"tetris_menu" : "",
		"master" : 0
	}
,
	"modul.ator2" : 	{
		"_actwindow" : [ "modul.ator", 285, 58, 653, 117, "", "act" ],
		"act" : 		{
			"active_store" : " "
		}
,
		"lowhigh_format" : 1.2,
		"wf-mouse" : [ 0.457831, -0.244186, 0 ],