{
	"ho_st1" : 	{
		"_actwindow" : [ "ho_st", 457, 196, 587, 321 ],
		"act" : 		{
			"active_store" : "_"
		}
,
		"inputs~" : [ "out(16)", "res(1)", "freq(1)", "noise_freq(1)" ],
		"params_only" : 0,
		"pfl_par_menu" : "-no-",
		"pfl_act_menu" : "no",
		"ll.dims" : 0,
		"osc_port" : 7400,
		"write_envi" : -1,
		"watch_menu" : "time",
		"vol_slider" : 1.0,
		"vol_ramp" : 10,
		"vol" : 1.0,
		"title_menu" : "closeall",
		"tetris_menu" : "",
		"stereo" : 0,
		"screen" : 1,
		"rec" : 0,
		"pres_menu" : "_",
		"ppooll" : -1,
		"menubar" : 1,
		"master" : "we",
		"jit.on" : 0,
		"favorites" : "noize@",
		"envi_menu" : "ducks&k.json",
		"def" : -1,
		"chans" : 16,
		"audioON/OFF" : 1,
		"act_menu" : "(__acts__)"
	}
,
	"fffb@1" : 	{
		"_actwindow" : [ "fffb@", 277, 487, 761, 696 ],
		"ll.blues" : 		{
			"state" : [ 2, 1, 0, 1, 2, 0 ],
			"outputs" : [ "ho_st1~out.1", "no~-no-" ],
			"levels" : [ 1.0, 1.0, 0.0, 1.0, 10.0, 0.0, 0.5 ]
		}
,
		"act" : 		{
			"active_store" : 0
		}
,
		"presets" : 1,
		"preset-ramp" : 0.0,
		"inputs~" : "in(1)",
		"gains" : [ 0.4796, 0.4796, 0.4796, 0.4796, 0.4796, 0.4796, 0.4796, 0.4796, 0.4796, 0.4796, 0.4796 ],
		"freqs" : [ 298.640015000000005, 365.380004999999983, 562.15002400000003, 600.30999799999995, 1044.489990000000034, 1807.40002400000003, 2742.919922000000042, 3777.5, 4724.569824000000153, 7154.569824000000153, 7154.569824000000153 ],
		"Qs" : [ 67.120002999999997, 40.610000999999997, 34.340000000000003, 22.549999, 14.779999999999999, 17.510000000000002, 20.73, 20.73, 13.58, 31.57, 67.120002999999997 ],
		"pans" : [ 50.0, 50.0, 50.0, 50.0, 50.0, 50.0, 50.0, 50.0, 50.0, 50.0, 50.0 ],
		"1st_gain" : 1,
		"1st_freq" : 0,
		"1st_Q" : 0,
		"pan-default" : 0,
		"gain-default" : -1,
		"freq-default" : 0,
		"Q-default" : -1,
		"interval" : 28.0,
		"freq_mode" : 1,
		"pres_menu" : "test",
		"tetris_menu" : "",
		"title_menu" : "subpatch",
		"master" : 0
	}
,
	"kaos@1" : 	{
		"_actwindow" : [ "kaos@", 918, 454, 1065, 656 ],
		"act" : 		{
			"active_store" : "_"
		}
,
		"y_min" : 350,
		"y_max" : 403,
		"x_min" : 461,
		"x_max" : 681,
		"set!" : -1,
		"on" : 0,
		"metro_min" : 447.761194029850742,
		"metro_max" : 895.522388059701484,
		"fullscreen" : -1,
		"doubleclick" : 0,
		"click_on" : 0,
		"presets" : 0,
		"title_menu" : "subpatch",
		"pres_menu" : "_",
		"tetris_menu" : "",
		"master" : 0
	}
,
	"modul.ator1" : 	{
		"_actwindow" : [ "modul.ator", 281, 126, 649, 185 ],
		"act" : 		{
			"active_store" : " "
		}
,
		"lowhigh_format" : 1.2,
		"wf-mouse" : [ 1.590361445783133, -1.204545497894287, 0 ],
		"wf_p" : [ 0.0, 0.0, 0.0, 0.0, 0.0, 0.0, 0.0, 0.0, 0.0, 0.0, 0.0, 0.0, 0.0, 0.0, 0.0, 0.0, 0.0, 0.0, 0.0, 0.0, 0.0, 0.0, 0.0, 0.0, 0.0, 0.0, 0.0, 0.0, 0.0, 0.0, 0.0, 0.0, 0.0, 0.0, 0.0, 0.0, 0.0, 0.0, 0.0, 0.0, 0.0, 0.0, 0.0, 0.0, 0.0, 0.0, 0.0, 0.0, 0.0, 0.0, 0.0, 0.0, 0.0, 0.0, 0.0, 0.0, 0.0, 0.0, 0.0, 0.0, 0.0, 0.0, 0.0, 0.0, 0.0, 0.0, 0.0, 0.0, 0.0, 0.0, 0.0, 0.0, 0.0, 0.0, 0.0, 0.0, 0.0, 0.0, 0.0, 0.0, 0.0, 0.0, 0.0, 0.0, 0.0, 0.0, 0.0, 0.0, 0.0, 0.0, 0.0, 0.0, 0.0, 0.0, 0.0, 0.0, 0.0, 0.0, 0.0, 0.0, 0.0, 0.0, 0.0, 0.0, 0.0, 0.0, 0.0, 0.0, 0.0, 0.0, 0.0, 0.0, 0.0, 0.0, 0.0, 0.0, 0.0, 0.0, 0.0, 0.0, 0.0, 0.0, 0.0, 0.0, 0.0, 0.0, 0.0, 0.0, 0.0, 0.0, 0.0, 0.0, 0.0, 0.0, 0.0, 0.0, 0.0, 0.0, 0.0, 0.0, 0.0, 0.0, 0.0, 0.0, 0.0, 0.0, 0.0, 0.0, 0.0, 0.0, 0.0, 0.0, 0.0, 0.0, 0.0, 0.0, 0.0, 0.0, 0.0, 0.0, 0.0, 0.0, 0.0, 0.0, 0.0, 0.0, 0.0, 0.0, 0.0, 0.0, 0.0, 0.0, 0.0, 0.0, 0.0, 0.0, 0.0, 0.0, 0.0, 0.0, 0.0, 0.0, 0.0, 0.0, 0.0, 0.0, 0.0, 0.0, 0.0, 0.0, 0.0, 0.0, 0.0, 0.0, 0.0, 0.0, 0.0, 0.0, 0.0, 0.0, 0.0, 0.0, 0.0, 0.0, 0.0, 0.0, 0.0, 0.0, 0.0, 0.0, 0.0, 0.0, 0.0, 0.0, 0.0, 0.0, 0.0, 0.0, 0.0, 0.0, 0.0, 0.0, 0.0, 0.0, 0.0, 0.0, 0.0, 0.0, 0.0, 0.0, 0.0, 0.0, 0.0, 0.0, 0.0, 0.0, 0.0, 0.0, 0.0, 0.0, 0.0, 0.0, 0.0, 0.0, 0.0, 0.0, 0.0, 0.0, 0.0, 0.0, 0.0, 0.0, 0.0, 0.0, 0.0 ],
		"freq_Hz" : 0.018555,
		"high-slider-max" : 1.0,
		"high-slider-min" : 0.0,
		"low-slider-max" : 0.0,
		"low-slider-min" : 0.0,
		"inputs~" : [ "freq(1)", "freq_rel(1)", "sync_in(1)", "ring(1)" ],
		"freq" : 0.018555,
		"size" : 512,
		"hz-ms-switch" : "Hz",
		"wave-calc" : "saw",
		"waves" : "-no-",
		"buffer-menu" : "mod.native",
		"on/off" : 1,
		"low" : -0.032109,
		"link-lo-hi" : 2,
		"high" : 0.032109,
		"log" : 0.0,
		"syncto" : "sync-off",
		"rate" : 0.0,
		"ring_in" : 0,
		"interpolate" : 1,
		"loop" : 1,
		"settriggermode" : 0,
		"trigger" : 0,
		"mes/sig" : 1.0,
		"act_menu" : "overdrive@1",
		"par_menu" : "in.0",
		"list_param_item" : 1,
		"smooth_amt" : 1,
		"endsmooth" : 0,
		"smooth" : 0,
		"speedlim" : 0,
		"get!" : -1,
		"ramp" : 0,
		"rand_table" : 0,
		"presets" : 0,
		"preset-ramp" : 0,
		"title_menu" : "titlebar",
		"pres_menu" : "test",
		"tetris_menu" : "",
		"master" : 0
	}
,
	"modul.ator2" : 	{
		"_actwindow" : [ "modul.ator", 285, 58, 653, 117 ],
		"act" : 		{
			"active_store" : " "
		}
,
		"lowhigh_format" : 1.2,
		"wf-mouse" : [ 0.891566, -0.569767, 0 ],