{
	"window" : [ 470, 391, 720, 554 ],
	"shape_quicksel" : 	{
		"patching_rect" : [ 0, 35, 99, 16 ],
		"hidden" : 0,
		"activebgcolor" : [ 0.079348079365577, 0.07934804057877, 0.079348050547289, 1.0 ],
		"activebgoncolor" : [ 0.079348079365577, 0.07934804057877, 0.079348050547289, 1.0 ],
		"bgcolor" : [ 0.079348079365577, 0.07934804057877, 0.079348050547289, 1.0 ],
		"bgoncolor" : [ 0.57636836783545, 0.576368229540612, 0.576368265679262, 1.0 ],
		"bordercolor" : [ 0.09782765023003, 0.097827613875914, 0.09782762332443, 1.0 ],
		"focusbordercolor" : [ 0.447518749806177, 0.44751863973454, 0.447518668498017, 1.0 ],
		"fontsize" : 9.5,
		"inactivelcdcolor" : [ 0.325, 0.325, 0.325, 1.0 ],
		"inactivetextoffcolor" : [ 0.57636836783545, 0.576368229540612, 0.576368265679262, 1.0 ],
		"inactivetextoncolor" : [ 0.221327066888467, 0.221327006361825, 0.221327022178404, 1.0 ],
		"lcdbgcolor" : [ 0.231372549019608, 0.376470588235294, 0.803921568627451, 1.0 ],
		"lcdcolor" : [ 1.0, 1.0, 1.0, 1.0 ],
		"remapsvgcolors" : 1,
		"textcolor" : [ 0.325, 0.325, 0.325, 1.0 ],
		"textoncolor" : [ 1.0, 0.725490196078431, 0.003921568627451, 1.0 ]
	}
,
	"preset-ramp" : 	{
		"patching_rect" : [ 204, 17, 44, 16 ],
		"hidden" : 0,
		"bgcolor" : [ 1.0, 1.0, 1.0, 1.0 ],
		"bordercolor" : [ 1.0, 1.0, 1.0, 1.0 ],
		"fontsize" : 12.0,
		"labelcolor" : [ 0.231372549019608, 0.376470588235294, 0.803921568627451, 1.0 ],
		"selectcolor" : [ 0.45, 0.67, 1.0, 0.47 ],
		"slidercolor" : [ 0.231372549019608, 0.376470588235294, 0.803921568627451, 1.0 ],
		"slidercolornofocus" : [ 0.48, 0.48, 0.48, 0.55 ],
		"textcolor" : [ 0.0, 0.0, 0.0, 1.0 ],
		"textcolornofocus" : [ 0.835294117647059, 0.215686274509804, 0.317647058823529, 0.51 ]
	}
,
	"presets" : 	{
		"patching_rect" : [ 68, 0, 181, 16 ],
		"hidden" : 0,
		"jsarguments" : [ 14, "255 255 255", "50 50 50", "255 0 0", "0 255 0", "mc.mod2" ]
	}
,
	"freq" : 	{
		"patching_rect" : [ 0, 71, 99, 16 ],
		"hidden" : 0,
		"bgcolor" : [ 1.0, 1.0, 1.0, 1.0 ],
		"bordercolor" : [ 1.0, 1.0, 1.0, 1.0 ],
		"fontsize" : 12.0,
		"labelcolor" : [ 0.231372549019608, 0.376470588235294, 0.803921568627451, 1.0 ],
		"selectcolor" : [ 0.45, 0.67, 1.0, 0.47 ],
		"slidercolor" : [ 0.231372549019608, 0.376470588235294, 0.803921568627451, 1.0 ],
		"slidercolornofocus" : [ 0.48, 0.48, 0.48, 0.55 ],
		"textcolor" : [ 0.835294117647059, 0.215686274509804, 0.317647058823529, 1.0 ],
		"textcolornofocus" : [ 0.835294117647059, 0.215686274509804, 0.317647058823529, 0.5 ]
	}
,
	"shape_mcspread" : 	{
		"patching_rect" : [ 101, 53, 50, 16 ],
		"hidden" : 0,
		"bgcolor" : [ 1.0, 1.0, 1.0, 1.0 ],
		"bordercolor" : [ 1.0, 1.0, 1.0, 1.0 ],
		"fontsize" : 12.0,
		"labelcolor" : [ 0.231372549019608, 0.376470588235294, 0.803921568627451, 1.0 ],
		"selectcolor" : [ 0.45, 0.67, 1.0, 0.47 ],
		"slidercolor" : [ 0.231372549019608, 0.376470588235294, 0.803921568627451, 1.0 ],
		"slidercolornofocus" : [ 0.48, 0.48, 0.48, 0.55 ],
		"textcolor" : [ 0.835294117647059, 0.215686274509804, 0.317647058823529, 1.0 ],
		"textcolornofocus" : [ 0.835294117647059, 0.215686274509804, 0.317647058823529, 0.5 ]
	}
,
	"freq_mcspread" : 	{
		"patching_rect" : [ 101, 71, 50, 16 ],
		"hidden" : 0,
		"bgcolor" : [ 1.0, 1.0, 1.0, 1.0 ],
		"bordercolor" : [ 1.0, 1.0, 1.0, 1.0 ],
		"fontsize" : 12.0,
		"labelcolor" : [ 0.231372549019608, 0.376470588235294, 0.803921568627451, 1.0 ],
		"selectcolor" : [ 0.45, 0.67, 1.0, 0.47 ],
		"slidercolor" : [ 0.231372549019608, 0.376470588235294, 0.803921568627451, 1.0 ],
		"slidercolornofocus" : [ 0.48, 0.48, 0.48, 0.55 ],
		"textcolor" : [ 0.835294117647059, 0.215686274509804, 0.317647058823529, 1.0 ],
		"textcolornofocus" : [ 0.835294117647059, 0.215686274509804, 0.317647058823529, 0.5 ]
	}
,
	"shape" : 	{
		"patching_rect" : [ 0, 53, 99, 16 ],
		"hidden" : 0,
		"bgcolor" : [ 1.0, 1.0, 1.0, 1.0 ],
		"bordercolor" : [ 1.0, 1.0, 1.0, 1.0 ],
		"fontsize" : 12.0,
		"labelcolor" : [ 0.231372549019608, 0.376470588235294, 0.803921568627451, 1.0 ],
		"selectcolor" : [ 0.45, 0.67, 1.0, 0.47 ],
		"slidercolor" : [ 0.231372549019608, 0.376470588235294, 0.803921568627451, 1.0 ],
		"slidercolornofocus" : [ 0.48, 0.48, 0.48, 0.55 ],
		"textcolor" : [ 0.835294117647059, 0.215686274509804, 0.317647058823529, 1.0 ],
		"textcolornofocus" : [ 0.835294117647059, 0.215686274509804, 0.317647058823529, 0.5 ]
	}
,
	"tilt" : 	{
		"patching_rect" : [ 0, 89, 99, 16 ],
		"hidden" : 0,
		"bgcolor" : [ 1.0, 1.0, 1.0, 1.0 ],
		"bordercolor" : [ 1.0, 1.0, 1.0, 1.0 ],
		"fontsize" : 12.0,
		"labelcolor" : [ 0.231372549019608, 0.376470588235294, 0.803921568627451, 1.0 ],
		"selectcolor" : [ 0.45, 0.67, 1.0, 0.47 ],
		"slidercolor" : [ 0.231372549019608, 0.376470588235294, 0.803921568627451, 1.0 ],
		"slidercolornofocus" : [ 0.48, 0.48, 0.48, 0.55 ],
		"textcolor" : [ 0.835294117647059, 0.215686274509804, 0.317647058823529, 1.0 ],
		"textcolornofocus" : [ 0.835294117647059, 0.215686274509804, 0.317647058823529, 0.5 ]
	}
,
	"tilt_mcspread" : 	{
		"patching_rect" : [ 101, 89, 50, 16 ],
		"hidden" : 0,
		"bgcolor" : [ 1.0, 1.0, 1.0, 1.0 ],
		"bordercolor" : [ 1.0, 1.0, 1.0, 1.0 ],
		"fontsize" : 12.0,
		"labelcolor" : [ 0.231372549019608, 0.376470588235294, 0.803921568627451, 1.0 ],
		"selectcolor" : [ 0.45, 0.67, 1.0, 0.47 ],
		"slidercolor" : [ 0.231372549019608, 0.376470588235294, 0.803921568627451, 1.0 ],
		"slidercolornofocus" : [ 0.48, 0.48, 0.48, 0.55 ],
		"textcolor" : [ 0.835294117647059, 0.215686274509804, 0.317647058823529, 1.0 ],
		"textcolornofocus" : [ 0.835294117647059, 0.215686274509804, 0.317647058823529, 0.5 ]
	}
,
	"chance" : 	{
		"patching_rect" : [ 0, 121, 99, 12 ],
		"hidden" : 0,
		"bgcolor" : [ 1.0, 1.0, 1.0, 1.0 ],
		"bordercolor" : [ 1.0, 1.0, 1.0, 1.0 ],
		"fontsize" : 12.0,
		"labelcolor" : [ 0.231372549019608, 0.376470588235294, 0.803921568627451, 1.0 ],
		"selectcolor" : [ 0.45, 0.67, 1.0, 0.47 ],
		"slidercolor" : [ 0.231372549019608, 0.376470588235294, 0.803921568627451, 0.5 ],
		"slidercolornofocus" : [ 0.48, 0.48, 0.48, 0.55 ],
		"textcolor" : [ 0.835294117647059, 0.215686274509804, 0.317647058823529, 1.0 ],
		"textcolornofocus" : [ 0.835294117647059, 0.215686274509804, 0.317647058823529, 0.5 ]
	}
,
	"chance_mcspread" : 	{
		"patching_rect" : [ 101, 121, 50, 12 ],
		"hidden" : 0,
		"bgcolor" : [ 1.0, 1.0, 1.0, 1.0 ],
		"bordercolor" : [ 1.0, 1.0, 1.0, 1.0 ],
		"fontsize" : 12.0,
		"labelcolor" : [ 0.231372549019608, 0.376470588235294, 0.803921568627451, 1.0 ],
		"selectcolor" : [ 0.45, 0.67, 1.0, 0.47 ],
		"slidercolor" : [ 0.231372549019608, 0.376470588235294, 0.803921568627451, 1.0 ],
		"slidercolornofocus" : [ 0.48, 0.48, 0.48, 0.55 ],
		"textcolor" : [ 0.835294117647059, 0.215686274509804, 0.317647058823529, 1.0 ],
		"textcolornofocus" : [ 0.835294117647059, 0.215686274509804, 0.317647058823529, 0.5 ]
	}
,
	"jitter" : 	{
		"patching_rect" : [ 0, 135, 99, 12 ],
		"hidden" : 0,
		"bgcolor" : [ 1.0, 1.0, 1.0, 1.0 ],
		"bordercolor" : [ 1.0, 1.0, 1.0, 1.0 ],
		"fontsize" : 12.0,
		"labelcolor" : [ 0.231372549019608, 0.376470588235294, 0.803921568627451, 1.0 ],
		"selectcolor" : [ 0.45, 0.67, 1.0, 0.47 ],
		"slidercolor" : [ 0.231372549019608, 0.376470588235294, 0.803921568627451, 0.5 ],
		"slidercolornofocus" : [ 0.48, 0.48, 0.48, 0.55 ],
		"textcolor" : [ 0.835294117647059, 0.215686274509804, 0.317647058823529, 1.0 ],
		"textcolornofocus" : [ 0.835294117647059, 0.215686274509804, 0.317647058823529, 1.0 ]
	}
,
	"jitter_mcspread" : 	{
		"patching_rect" : [ 101, 135, 50, 12 ],
		"hidden" : 0,
		"bgcolor" : [ 1.0, 1.0, 1.0, 1.0 ],
		"bordercolor" : [ 1.0, 1.0, 1.0, 1.0 ],
		"fontsize" : 12.0,
		"labelcolor" : [ 0.231372549019608, 0.376470588235294, 0.803921568627451, 1.0 ],
		"selectcolor" : [ 0.45, 0.67, 1.0, 0.47 ],
		"slidercolor" : [ 0.231372549019608, 0.376470588235294, 0.803921568627451, 1.0 ],
		"slidercolornofocus" : [ 0.48, 0.48, 0.48, 0.55 ],
		"textcolor" : [ 0.835294117647059, 0.215686274509804, 0.317647058823529, 1.0 ],