{
	"window" : [ 628, 140, 920, 214 ],
	"min_0" : 	{
		"patching_rect" : [ 69, 19, 53, 20 ],
		"hidden" : 0,
		"bgcolor" : [ 0.125, 0.125, 0.125, 1 ],
		"fontsize" : 10,
		"htricolor" : [ 0.922234290352602, 0.71007200526417, 0.329758341965716, 1 ],
		"textcolor" : [ 0.9, 0.9, 0.9, 1 ],
		"tricolor" : [ 0.458595350062755, 0.458595237564901, 0.458595266962388, 1 ]
	}
,
	"min_1" : 	{
		"patching_rect" : [ 69, 37, 53, 20 ],
		"hidden" : 0,
		"bgcolor" : [ 0.125, 0.125, 0.125, 1 ],
		"fontsize" : 10,
		"htricolor" : [ 0.922234290352602, 0.71007200526417, 0.329758341965716, 1 ],
		"textcolor" : [ 0.9, 0.9, 0.9, 1 ],
		"tricolor" : [ 0.458595350062755, 0.458595237564901, 0.458595266962388, 1 ]
	}
,
	"max_0" : 	{
		"patching_rect" : [ 157, 19, 53, 20 ],
		"hidden" : 0,
		"bgcolor" : [ 0.125, 0.125, 0.125, 1 ],
		"fontsize" : 10,
		"htricolor" : [ 0.922234290352602, 0.71007200526417, 0.329758341965716, 1 ],
		"textcolor" : [ 0.9, 0.9, 0.9, 1 ],
		"tricolor" : [ 0.458595350062755, 0.458595237564901, 0.458595266962388, 1 ]
	}
,
	"max_1" : 	{
		"patching_rect" : [ 157, 37, 53, 20 ],
		"hidden" : 0,
		"bgcolor" : [ 0.125, 0.125, 0.125, 1 ],
		"fontsize" : 10,
		"htricolor" : [ 0.922234290352602, 0.71007200526417, 0.329758341965716, 1 ],
		"textcolor" : [ 0.9, 0.9, 0.9, 1 ],
		"tricolor" : [ 0.458595350062755, 0.458595237564901, 0.458595266962388, 1 ]
	}
,
	"on/off" : 	{
		"patching_rect" : [ 2, 19, 32, 32 ],
		"hidden" : 0,
		"bgcolor" : [ 0.125, 0.125, 0.125, 1 ],
		"checkedcolor" : [ 0.618934978328545, 0.744701397656435, 0.953750108255376, 1 ],
		"elementcolor" : [ 0.221327066888467, 0.221327006361825, 0.221327022178404, 1 ],
		"uncheckedcolor" : [ 0.221327066888467, 0.221327006361825, 0.221327022178404, 1 ]
	}
,
	"state" : 	{
		"patching_rect" : [ 273, 54, 19, 19 ],
		"hidden" : 0,
		"bgcolor" : [ 0.125, 0.125, 0.125, 1 ],
		"checkedcolor" : [ 0.618934978328545, 0.744701397656435, 0.953750108255376, 1 ],
		"elementcolor" : [ 0.221327066888467, 0.221327006361825, 0.221327022178404, 1 ],
		"uncheckedcolor" : [ 0.221327066888467, 0.221327006361825, 0.221327022178404, 1 ]
	}
,
	"send-act" : 	{
		"patching_rect" : [ 69, 56, 67, 19 ],
		"hidden" : 0,
		"applycolors" : 0,
		"bgfillcolor" : 		{
			"type" : "gradient",
			"color1" : [ 0.172137149796092, 0.172137100044002, 0.172137113045018, 1 ],
			"color2" : [ 0.172137149796092, 0.172137100044002, 0.172137113045018, 1 ],
			"color" : [ 0.172137149796092, 0.172137100044002, 0.172137113045018, 1 ]
		}
,
		"color" : [ 0.618934978328545, 0.744701397656435, 0.953750108255376, 1 ],
		"elementcolor" : [ 0.221327066888467, 0.221327006361825, 0.221327022178404, 1 ],
		"fontsize" : 9,
		"textcolor" : [ 0.9, 0.9, 0.9, 1 ]
	}
,
	"send-par" : 	{
		"patching_rect" : [ 136, 56, 67, 19 ],
		"hidden" : 0,
		"applycolors" : 0,
		"bgfillcolor" : 		{
			"type" : "gradient",
			"color1" : [ 0.172137149796092, 0.172137100044002, 0.172137113045018, 1 ],
			"color2" : [ 0.172137149796092, 0.172137100044002, 0.172137113045018, 1 ],
			"color" : [ 0.172137149796092, 0.172137100044002, 0.172137113045018, 1 ]
		}
,
		"color" : [ 0.618934978328545, 0.744701397656435, 0.953750108255376, 1 ],
		"elementcolor" : [ 0.221327066888467, 0.221327006361825, 0.221327022178404, 1 ],
		"fontsize" : 9,
		"textcolor" : [ 0.9, 0.9, 0.9, 1 ]
	}
,
	"listitem" : 	{
		"patching_rect" : [ 203, 55, 29, 20 ],
		"hidden" : 0,
		"bgcolor" : [ 0.125, 0.125, 0.125, 1 ],
		"fontsize" : 10,
		"htricolor" : [ 0.922234290352602, 0.71007200526417, 0.329758341965716, 1 ],
		"textcolor" : [ 0.9, 0.9, 0.9, 1 ],
		"tricolor" : [ 0.458595350062755, 0.458595237564901, 0.458595266962388, 1 ]
	}
,
	"preset-ramp" : 	{
		"patching_rect" : [ 182, 0, 70, 16 ],
		"hidden" : 0,
		"bgcolor" : [ 1, 1, 1, 1 ],
		"bordercolor" : [ 0.5, 0.5, 0.5, 1 ],
		"fontsize" : 12,
		"labelcolor" : [ 0, 0, 0, 1 ],
		"selectcolor" : [ 0.45, 0.67, 1, 0.47 ],
		"slidercolor" : [ 0, 0, 0, 1 ],
		"slidercolornofocus" : [ 0.48, 0.48, 0.48, 0.55 ],
		"textcolor" : [ 0, 0, 0, 1 ],
		"textcolornofocus" : [ 0.48, 0.48, 0.48, 0.79 ]
	}
,
	"presets" : 	{
		"patching_rect" : [ 94, 0, 91, 16 ],
		"hidden" : 0,
		"jsarguments" : [ 14, "255 255 255", "50 50 50", "255 0 0", "0 255 0", "distort@1" ]
	}
,
	"max_value" : 	{
		"patching_rect" : [ 241, 36, 51, 20 ],
		"hidden" : 0,
		"bgcolor" : [ 0.125, 0.125, 0.125, 1 ],
		"fontsize" : 10,
		"htricolor" : [ 0.922234290352602, 0.71007200526417, 0.329758341965716, 1 ],
		"textcolor" : [ 0.9, 0.9, 0.9, 1 ],
		"tricolor" : [ 0.458595350062755, 0.458595237564901, 0.458595266962388, 1 ]
	}
,
	"min_value" : 	{
		"patching_rect" : [ 241, 18, 51, 20 ],
		"hidden" : 0,
		"bgcolor" : [ 0.125, 0.125, 0.125, 1 ],
		"fontsize" : 10,
		"htricolor" : [ 0.922234290352602, 0.71007200526417, 0.329758341965716, 1 ],
		"textcolor" : [ 0.9, 0.9, 0.9, 1 ],
		"tricolor" : [ 0.458595350062755, 0.458595237564901, 0.458595266962388, 1 ]
	}

}
