{
	"window" : [ 385, 401, 542, 518 ],
	"midi-port-out" : 	{
		"patching_rect" : [ 95, 33, 45, 19 ],
		"hidden" : 0,
		"applycolors" : 0,
		"bgfillcolor" : 		{
			"type" : "gradient",
			"color1" : [ 0.301961, 0.301961, 0.301961, 1 ],
			"color2" : [ 0.2, 0.2, 0.2, 1 ],
			"color" : [ 0.2, 0.2, 0.2, 1 ]
		}
,
		"color" : [ 0.807843, 0.898039, 0.909804, 1 ],
		"elementcolor" : [ 0.34902, 0.34902, 0.34902, 1 ],
		"fontsize" : 9.0,
		"textcolor" : [ 0.968627, 0.968627, 0.968627, 1 ]
	}
,
	"midi-port-in" : 	{
		"patching_rect" : [ 44, 33, 38, 19 ],
		"hidden" : 0,
		"applycolors" : 0,
		"bgfillcolor" : 		{
			"type" : "gradient",
			"color1" : [ 0.301961, 0.301961, 0.301961, 1 ],
			"color2" : [ 0.2, 0.2, 0.2, 1 ],
			"color" : [ 0.2, 0.2, 0.2, 1 ]
		}
,
		"color" : [ 0.807843, 0.898039, 0.909804, 1 ],
		"elementcolor" : [ 0.34902, 0.34902, 0.34902, 1 ],
		"fontsize" : 9.0,
		"textcolor" : [ 0.968627, 0.968627, 0.968627, 1 ]
	}
,
	"vst-folder" : 	{
		"patching_rect" : [ 57, -1, 70, 21 ],
		"hidden" : 0,
		"applycolors" : 0,
		"bgfillcolor" : 		{
			"type" : "color",
			"color1" : [ 0.376471, 0.384314, 0.4, 1.0 ],
			"color2" : [ 0.290196, 0.309804, 0.301961, 1.0 ],
			"color" : [ 0.0, 0.0, 0.0, 1.0 ],
			"angle" : 270.0,
			"autogradient" : 0.0,
			"proportion" : 0.39
		}
,
		"color" : [ 0.807843, 0.898039, 0.909804, 1 ],
		"elementcolor" : [ 0.34902, 0.34902, 0.34902, 1 ],
		"fontsize" : 11.0,
		"textcolor" : [ 1.0, 1.0, 1.0, 1.0 ]
	}
,
	"open!" : 	{
		"patching_rect" : [ 125, 0, 34, 16 ],
		"hidden" : 0,
		"bgcolor" : [ 0.027451, 0.023529, 0.6, 1.0 ],
		"bgoncolor" : [ 0.55, 0.55, 0.55, 1.0 ],
		"fontsize" : 11.0,
		"legacytextcolor" : 1,
		"textcolor" : [ 1.0, 1.0, 1.0, 1.0 ],
		"textoncolor" : [ 1.0, 1.0, 1.0, 1.0 ],
		"textovercolor" : [ 0.846939, 0.846939, 0.846939, 1.0 ],
		"usebgoncolor" : 1,
		"usetextovercolor" : 1
	}
,
	"ll.blues" : 	{
		"patcher" : "bang",
		"patching_rect" : [ -2, 64, 159, 53 ],
		"hidden" : 0
	}
,
	"presets" : 	{
		"patching_rect" : [ 0, 16, 154, 18 ],
		"hidden" : 0,
		"jsarguments" : [ 16, "255 255 255", "50 50 50", "255 0 0", "0 255 0", "vst@1" ]
	}
,
	"midi-channel-in" : 	{
		"patching_rect" : [ 81, 33, 16, 16 ],
		"hidden" : 0,
		"bgcolor" : [ 1.0, 1.0, 1.0, 1.0 ],
		"bordercolor" : [ 0.5, 0.5, 0.5, 1.0 ],
		"fontsize" : 12.0,
		"labelcolor" : [ 0.0, 0.0, 0.0, 1.0 ],
		"selectcolor" : [ 0.45, 0.67, 1.0, 0.47 ],
		"slidercolor" : [ 0.0, 0.0, 0.0, 0.0 ],
		"slidercolornofocus" : [ 0.48, 0.48, 0.48, 0.55 ],
		"textcolor" : [ 0.0, 0.0, 0.0, 1.0 ],
		"textcolornofocus" : [ 0.48, 0.48, 0.48, 0.79 ]
	}
,
	"preset-ramp" : 	{
		"patching_rect" : [ 0, 33, 48, 19 ],
		"hidden" : 0,
		"bgcolor" : [ 1.0, 1.0, 1.0, 1.0 ],
		"bordercolor" : [ 0.5, 0.5, 0.5, 1.0 ],
		"fontsize" : 12.0,
		"labelcolor" : [ 0.0, 0.0, 0.0, 1.0 ],
		"selectcolor" : [ 0.45, 0.67, 1.0, 0.47 ],
		"slidercolor" : [ 0.0, 0.0, 0.0, 1.0 ],
		"slidercolornofocus" : [ 0.48, 0.48, 0.48, 0.55 ],
		"textcolor" : [ 0.0, 0.0, 0.0, 1.0 ],
		"textcolornofocus" : [ 0.48, 0.48, 0.48, 0.79 ]
	}
,
	"midi-channel-out" : 	{
		"patching_rect" : [ 139, 33, 16, 16 ],
		"hidden" : 0,
		"bgcolor" : [ 1.0, 1.0, 1.0, 1.0 ],
		"bordercolor" : [ 0.5, 0.5, 0.5, 1.0 ],
		"fontsize" : 12.0,
		"labelcolor" : [ 0.0, 0.0, 0.0, 1.0 ],
		"selectcolor" : [ 0.45, 0.67, 1.0, 0.47 ],
		"slidercolor" : [ 0.0, 0.0, 0.0, 0.0 ],
		"slidercolornofocus" : [ 0.48, 0.48, 0.48, 0.55 ],
		"textcolor" : [ 0.0, 0.0, 0.0, 1.0 ],
		"textcolornofocus" : [ 0.48, 0.48, 0.48, 0.79 ]
	}
,
	"ll.inputmix" : 	{
		"patcher" : "bang",
		"patching_rect" : [ -2, 51, 158, 13 ],
		"hidden" : 0
	}

}
