{
	"window" : [ 163, 250, 320, 367 ],
	"midi-port-out" : 	{
		"patching_rect" : [ 95, 33, 45, 19 ],
		"hidden" : 0,
		"applycolors" : 0,
		"bgfillcolor" : 		{
			"type" : "gradient",
			"color1" : [ 0.301961, 0.301961, 0.301961, 1 ],
			"color2" : [ 0.2, 0.2, 0.2, 1 ],
			"color" : [ 0.2, 0.2, 0.2, 1 ]
		}
,
		"color" : [ 0.807843, 0.898039, 0.909804, 1 ],
		"elementcolor" : [ 0.34902, 0.34902, 0.34902, 1 ],
		"fontsize" : 9,
		"textcolor" : [ 0.968627, 0.968627, 0.968627, 1 ]
	}
,
	"midi-port-in" : 	{
		"patching_rect" : [ 38, 33, 44, 19 ],
		"hidden" : 0,
		"applycolors" : 0,
		"bgfillcolor" : 		{
			"type" : "gradient",
			"color1" : [ 0.301961, 0.301961, 0.301961, 1 ],
			"color2" : [ 0.2, 0.2, 0.2, 1 ],
			"color" : [ 0.2, 0.2, 0.2, 1 ]
		}
,
		"color" : [ 0.807843, 0.898039, 0.909804, 1 ],
		"elementcolor" : [ 0.34902, 0.34902, 0.34902, 1 ],
		"fontsize" : 9,
		"textcolor" : [ 0.968627, 0.968627, 0.968627, 1 ]
	}
,
	"vst-folder" : 	{
		"patching_rect" : [ 63, 0, 61.78125, 20 ],
		"hidden" : 0,
		"applycolors" : 0,
		"bgfillcolor" : 		{
			"type" : "color",
			"color1" : [ 0.376471, 0.384314, 0.4, 1.0 ],
			"color2" : [ 0.290196, 0.309804, 0.301961, 1.0 ],
			"color" : [ 0.0, 0.0, 0.0, 1.0 ],
			"angle" : 270.0,
			"autogradient" : 0.0,
			"proportion" : 0.39
		}
,
		"color" : [ 0.807843, 0.898039, 0.909804, 1 ],
		"elementcolor" : [ 0.34902, 0.34902, 0.34902, 1 ],
		"fontsize" : 10,
		"textcolor" : [ 1, 1, 1, 1 ]
	}
,
	"open!" : 	{
		"patching_rect" : [ 121, 0, 35, 15 ],
		"hidden" : 0,
		"bgcolor" : [ 0.027451, 0.023529, 0.6, 1 ],
		"bgoncolor" : [ 0.55, 0.55, 0.55, 1 ],
		"fontsize" : 11,
		"legacytextcolor" : 1,
		"textcolor" : [ 1, 1, 1, 1 ],
		"textoncolor" : [ 1, 1, 1, 1 ],
		"textovercolor" : [ 0.846939, 0.846939, 0.846939, 1 ],
		"usebgoncolor" : 1,
		"usetextovercolor" : 1
	}
,
	"ll.blues" : 	{
		"patching_rect" : [ 0, 64, 159, 53 ],
		"hidden" : 0,
		"accentcolor" : [ 0.501961, 0.501961, 0.501961, 1 ],
		"bgcolor" : [ 0.2, 0.2, 0.2, 1 ],
		"bgfillcolor" : 		{
			"type" : "gradient",
			"color1" : [ 0.301961, 0.301961, 0.301961, 1 ],
			"color2" : [ 0.2, 0.2, 0.2, 1 ],
			"color" : [ 0.2, 0.2, 0.2, 1 ]
		}
,
		"bubble_bgcolor" : [ 1, 1, 1, 1 ],
		"bubble_outlinecolor" : [ 0.75, 0.75, 0.75, 1 ],
		"clearcolor" : [ 1, 1, 1, 0 ],
		"color" : [ 0.807843, 0.898039, 0.909804, 1 ],
		"editing_bgcolor" : [ 0.898039, 0.898039, 0.898039, 1 ],
		"elementcolor" : [ 0.34902, 0.34902, 0.34902, 1 ],
		"fontsize" : 12,
		"locked_bgcolor" : [ 0.898039, 0.898039, 0.898039, 1 ],
		"patchlinecolor" : [ 0.701961, 0.701961, 0.701961, 1 ],
		"selectioncolor" : [ 0.929412, 0.929412, 0.352941, 1 ],
		"stripecolor" : [ 0.243137, 0.243137, 0.243137, 1 ],
		"syntax_attrargcolor" : [ 0.957225892867809, 0.783146530584338, 0.743095786922995, 1 ],
		"syntax_attributecolor" : [ 0.618934978328545, 0.744701397656435, 0.953750108255376, 1 ],
		"syntax_objargcolor" : [ 0.9, 0.9, 0.9, 1 ],
		"syntax_objectcolor" : [ 0.931948395395052, 0.771744459193783, 0.523883756405412, 1 ],
		"textcolor" : [ 0.129412, 0.129412, 0.129412, 1 ],
		"textcolor_inverse" : [ 0.968627, 0.968627, 0.968627, 1 ]
	}
,
	"presets" : 	{
		"patching_rect" : [ 1, 16, 154, 18 ],
		"hidden" : 0,
		"jsarguments" : [ 16, "255 255 255", "50 50 50", "255 0 0", "0 255 0", "vst@1" ]
	}
,
	"midi-channel-in" : 	{
		"patching_rect" : [ 81, 33, 16, 16 ],
		"hidden" : 0,
		"bgcolor" : [ 1, 1, 1, 1 ],
		"bordercolor" : [ 0.5, 0.5, 0.5, 1 ],
		"fontsize" : 12,
		"labelcolor" : [ 0, 0, 0, 1 ],
		"selectcolor" : [ 0.45, 0.67, 1, 0.47 ],
		"slidercolor" : [ 0, 0, 0, 0 ],
		"slidercolornofocus" : [ 0.48, 0.48, 0.48, 0.55 ],
		"textcolor" : [ 0, 0, 0, 1 ],
		"textcolornofocus" : [ 0.48, 0.48, 0.48, 0.79 ]
	}
,
	"preset-ramp" : 	{
		"patching_rect" : [ 0, 33, 42, 19 ],
		"hidden" : 0,
		"bgcolor" : [ 1, 1, 1, 1 ],
		"bordercolor" : [ 0.5, 0.5, 0.5, 1 ],
		"fontsize" : 12,
		"labelcolor" : [ 0, 0, 0, 1 ],
		"selectcolor" : [ 0.45, 0.67, 1, 0.47 ],
		"slidercolor" : [ 0, 0, 0, 1 ],
		"slidercolornofocus" : [ 0.48, 0.48, 0.48, 0.55 ],
		"textcolor" : [ 0, 0, 0, 1 ],
		"textcolornofocus" : [ 0.48, 0.48, 0.48, 0.79 ]
	}
,
	"midi-channel-out" : 	{
		"patching_rect" : [ 139, 33, 16, 16 ],
		"hidden" : 0,
		"bgcolor" : [ 1, 1, 1, 1 ],
		"bordercolor" : [ 0.5, 0.5, 0.5, 1 ],
		"fontsize" : 12,
		"labelcolor" : [ 0, 0, 0, 1 ],
		"selectcolor" : [ 0.45, 0.67, 1, 0.47 ],
		"slidercolor" : [ 0, 0, 0, 0 ],
		"slidercolornofocus" : [ 0.48, 0.48, 0.48, 0.55 ],
		"textcolor" : [ 0, 0, 0, 1 ],
		"textcolornofocus" : [ 0.48, 0.48, 0.48, 0.79 ]
	}
,
	"ll.inputmix" : 	{
		"patching_rect" : [ 0, 51, 158, 13 ],
		"hidden" : 0,
		"accentcolor" : [ 0.501961, 0.501961, 0.501961, 1 ],
		"bgcolor" : [ 0.2, 0.2, 0.2, 1 ],
		"bgfillcolor" : 		{
			"type" : "gradient",
			"color1" : [ 0.301961, 0.301961, 0.301961, 1 ],
			"color2" : [ 0.2, 0.2, 0.2, 1 ],
			"color" : [ 0.2, 0.2, 0.2, 1 ]
		}
,
		"bubble_bgcolor" : [ 1, 1, 1, 1 ],
		"bubble_outlinecolor" : [ 0.75, 0.75, 0.75, 1 ],
		"clearcolor" : [ 1, 1, 1, 0 ],
		"color" : [ 0.807843, 0.898039, 0.909804, 1 ],
		"editing_bgcolor" : [ 0.898039, 0.898039, 0.898039, 1 ],
		"elementcolor" : [ 0.34902, 0.34902, 0.34902, 1 ],
		"fontsize" : 12,
		"locked_bgcolor" : [ 0.898039, 0.898039, 0.898039, 1 ],
		"patchlinecolor" : [ 0.701961, 0.701961, 0.701961, 1 ],
		"selectioncolor" : [ 0.929412, 0.929412, 0.352941, 1 ],
		"stripecolor" : [ 0.243137, 0.243137, 0.243137, 1 ],
		"syntax_attrargcolor" : [ 0.957225892867809, 0.783146530584338, 0.743095786922995, 1 ],
		"syntax_attributecolor" : [ 0.618934978328545, 0.744701397656435, 0.953750108255376, 1 ],
		"syntax_objargcolor" : [ 0.9, 0.9, 0.9, 1 ],
		"syntax_objectcolor" : [ 0.931948395395052, 0.771744459193783, 0.523883756405412, 1 ],
		"textcolor" : [ 0.129412, 0.129412, 0.129412, 1 ],
		"textcolor_inverse" : [ 0.968627, 0.968627, 0.968627, 1 ]
	}

}
