{
	"window" : [ 169, 179, 462, 410 ],
	"waveform" : 	{
		"patching_rect" : [ 173, 96, 45, 21 ],
		"hidden" : 0,
		"applycolors" : 0,
		"bgfillcolor" : 		{
			"type" : "gradient",
			"color1" : [ 0.172137149796092, 0.172137100044002, 0.172137113045018, 1 ],
			"color2" : [ 0.172137149796092, 0.172137100044002, 0.172137113045018, 1 ],
			"color" : [ 0.172137149796092, 0.172137100044002, 0.172137113045018, 1 ]
		}
,
		"color" : [ 0.618934978328545, 0.744701397656435, 0.953750108255376, 1 ],
		"elementcolor" : [ 0.221327066888467, 0.221327006361825, 0.221327022178404, 1 ],
		"fontsize" : 11,
		"textcolor" : [ 0.9, 0.9, 0.9, 1 ]
	}
,
	"preset-ramp" : 	{
		"patching_rect" : [ 235, 0, 57, 15 ],
		"hidden" : 0,
		"bgcolor" : [ 1, 1, 1, 1 ],
		"bordercolor" : [ 0.5, 0.5, 0.5, 1 ],
		"fontsize" : 12,
		"labelcolor" : [ 0, 0, 0, 1 ],
		"selectcolor" : [ 0.45, 0.67, 1, 0.47 ],
		"slidercolor" : [ 0, 0, 0, 1 ],
		"slidercolornofocus" : [ 0.48, 0.48, 0.48, 0.55 ],
		"textcolor" : [ 0, 0, 0, 1 ],
		"textcolornofocus" : [ 0.48, 0.48, 0.48, 0.79 ]
	}
,
	"presets" : 	{
		"patching_rect" : [ 74, 0, 161, 16 ],
		"hidden" : 0,
		"jsarguments" : [ 15, "255 255 255", "50 50 50", "255 0 0", "0 255 0", "wavelets1" ]
	}
,
	"multiply_ramp_on/off" : 	{
		"patching_rect" : [ 147, 66, 14, 18 ],
		"hidden" : 0,
		"bgcolor" : [ 0.75, 0.75, 0.75, 1 ],
		"bgoncolor" : [ 0.141176, 0.627451, 0.635294, 1 ],
		"fontsize" : 10,
		"legacytextcolor" : 1,
		"textcolor" : [ 0.141176, 0.627451, 0.635294, 1 ],
		"textoncolor" : [ 1, 1, 1, 1 ],
		"textovercolor" : [ 0.141176, 0.627451, 0.635294, 1 ],
		"usebgoncolor" : 1,
		"usetextovercolor" : 1
	}
,
	"cycles_max" : 	{
		"patching_rect" : [ 124, 47, 50, 22 ],
		"hidden" : 0,
		"bgcolor" : [ 1, 1, 1, 0 ],
		"fontsize" : 12,
		"htricolor" : [ 0.87, 0.82, 0.24, 1 ],
		"textcolor" : [ 1, 1, 1, 1 ],
		"tricolor" : [ 0.75, 0.75, 0.75, 1 ]
	}
,
	"wf" : 	{
		"patching_rect" : [ 0, 114, 218, 42 ],
		"hidden" : 0,
		"bgcolor" : [ 0.858824, 0.858824, 0.858824, 1 ],
		"peakcolor" : [ 0.221327066888467, 0.221327006361825, 0.221327022178404, 1 ],
		"slidercolor" : [ 0.258824, 0.258824, 0.258824, 1 ]
	}
,
	"on/off" : 	{
		"patching_rect" : [ 147, 84, 25, 31 ],
		"hidden" : 0,
		"bgcolor" : [ 0.75, 0.75, 0.75, 1 ],
		"bgoncolor" : [ 0.752941, 0.023529, 0.247059, 1 ],
		"fontsize" : 12,
		"legacytextcolor" : 1,
		"textcolor" : [ 0.752941, 0.023529, 0.247059, 1 ],
		"textoncolor" : [ 0.870588, 0.819608, 0.239216, 1 ],
		"textovercolor" : [ 0.752941, 0.023529, 0.247059, 1 ],
		"usebgoncolor" : 1,
		"usetextovercolor" : 1
	}
,
	"display" : 	{
		"patching_rect" : [ 0, 156, 131, 73 ],
		"hidden" : 0,
		"bgcolor" : [ 0.125, 0.125, 0.125, 1 ],
		"fgcolor" : [ 0.618934978328545, 0.744701397656435, 0.953750108255376, 1 ],
		"markercolor" : [ 0.221327066888467, 0.221327006361825, 0.221327022178404, 1 ],
		"sonohicolor" : [ 1, 0, 0, 1 ],
		"sonolocolor" : [ 0, 0, 0, 1 ],
		"sonomedcolor" : [ 0, 0.75, 0.5, 1 ],
		"sonomedhicolor" : [ 1, 0.75, 0, 1 ],
		"sonomedlocolor" : [ 0.5, 0, 0.5, 1 ],
		"sonomonobgcolor" : [ 1, 1, 1, 1 ],
		"sonomonofgcolor" : [ 0, 0, 0, 1 ]
	}
,
	"smooth" : 	{
		"patching_rect" : [ 218, 84, 75, 72 ],
		"hidden" : 0,
		"bgcolor" : [ 0.125, 0.125, 0.125, 1 ],
		"color" : [ 0.618934978328545, 0.744701397656435, 0.953750108255376, 1 ],
		"elementcolor" : [ 0.221327066888467, 0.221327006361825, 0.221327022178404, 1 ]
	}
,
	"shape_label" : 	{
		"patching_rect" : [ 237, 103, 42, 20 ],
		"hidden" : 0,
		"bgcolor" : [ 1, 1, 1, 0 ],
		"bubble_bgcolor" : [ 0.235, 0.235, 0.235, 1 ],
		"bubble_outlinecolor" : [ 0.85, 0.85, 0.85, 1 ],
		"bubbleusescolors" : 0,
		"fontsize" : 12,
		"textcolor" : [ 1, 1, 1, 1 ]
	}
,
	"multi=1" : 	{
		"patching_rect" : [ 159, 66, 32, 22 ],
		"hidden" : 0,
		"bgfillcolor" : 		{
			"type" : "gradient",
			"color1" : [ 0.866667, 0.866667, 0.866667, 0.0 ],
			"color2" : [ 0.685, 0.685, 0.685, 1.0 ],
			"color" : [ 0.290196, 0.309804, 0.301961, 1.0 ],
			"angle" : 270.0,
			"autogradient" : 0.79,
			"proportion" : 0.39
		}
,
		"fontsize" : 12,
		"textcolor" : [ 1, 1, 1, 1 ]
	}
,
	"time_ramp_on/off" : 	{
		"patching_rect" : [ 281, 16, 12, 17 ],
		"hidden" : 0,
		"bgcolor" : [ 0.75, 0.75, 0.75, 1 ],
		"bgoncolor" : [ 0.219608, 0.596078, 0.227451, 1 ],
		"fontsize" : 11,
		"legacytextcolor" : 1,
		"textcolor" : [ 0.219608, 0.596078, 0.227451, 1 ],
		"textoncolor" : [ 1, 1, 1, 1 ],
		"textovercolor" : [ 0.219608, 0.596078, 0.227451, 1 ],
		"usebgoncolor" : 1,
		"usetextovercolor" : 1
	}
,
	"freq_ramp_on/off" : 	{
		"patching_rect" : [ 281, 33, 12, 17 ],
		"hidden" : 0,
		"bgcolor" : [ 0.75, 0.75, 0.75, 1 ],
		"bgoncolor" : [ 0.741176, 0.180392, 0.188235, 1 ],
		"fontsize" : 11,
		"legacytextcolor" : 1,
		"textcolor" : [ 0.741176, 0.180392, 0.188235, 1 ],
		"textoncolor" : [ 1, 1, 1, 1 ],
		"textovercolor" : [ 0.741176, 0.180392, 0.188235, 1 ],
		"usebgoncolor" : 1,
		"usetextovercolor" : 1
	}
,
	"time" : 	{
		"patching_rect" : [ 0, 15, 281, 18 ],
		"hidden" : 0,
		"bgcolor" : [ 0.219608, 0.596078, 0.227451, 1 ],
		"bordercolor" : [ 0, 0, 0, 1 ],
		"fontsize" : 18,
		"labelcolor" : [ 0, 0, 0, 1 ],
		"selectcolor" : [ 0.545098, 0.941176, 0.54902, 0.27451 ],
		"slidercolor" : [ 0, 0, 0, 1 ],
		"slidercolornofocus" : [ 0.792157, 0.792157, 0.792157, 0.886275 ],
		"textcolor" : [ 0, 0, 0, 1 ],
		"textcolornofocus" : [ 0.792157, 0.792157, 0.792157, 0.886275 ]
	}
,
	"freq" : 	{
		"patching_rect" : [ 0, 32, 281, 18 ],
		"hidden" : 0,
		"bgcolor" : [ 0.741176, 0.180392, 0.188235, 1 ],
		"bordercolor" : [ 0, 0, 0, 1 ],
		"fontsize" : 18,
		"labelcolor" : [ 0, 0, 0, 1 ],
		"selectcolor" : [ 0.933333, 0.596078, 0.6, 0.47451 ],
		"slidercolor" : [ 0, 0, 0, 1 ],
		"slidercolornofocus" : [ 0.792157, 0.792157, 0.792157, 0.886275 ],
		"textcolor" : [ 0, 0, 0, 1 ],
		"textcolornofocus" : [ 0.792157, 0.792157, 0.792157, 0.886275 ]
	}
,
	"multiply" : 	{
		"patching_rect" : [ 0, 66, 147, 18 ],
		"hidden" : 0,
		"bgcolor" : [ 0.141176, 0.627451, 0.635294, 1 ],
		"bordercolor" : [ 0, 0, 0, 1 ],
		"fontsize" : 16,
		"labelcolor" : [ 0, 0, 0, 1 ],
		"selectcolor" : [ 0.411765, 0.807843, 0.815686, 0.705882 ],
		"slidercolor" : [ 0, 0, 0, 1 ],
		"slidercolornofocus" : [ 0.792157, 0.792157, 0.792157, 0.886275 ],
		"textcolor" : [ 0, 0, 0, 1 ],
		"textcolornofocus" : [ 0.792157, 0.792157, 0.792157, 0.886275 ]
	}
,
	"ramp" : 	{
		"patching_rect" : [ 171, 66, 122, 18 ],
		"hidden" : 0,
		"bgcolor" : [ 0.709804, 0.682353, 0.286275, 1 ],
		"bordercolor" : [ 0, 0, 0, 1 ],
		"fontsize" : 16,
		"labelcolor" : [ 0, 0, 0, 1 ],
		"selectcolor" : [ 0.858824, 0.843137, 0.623529, 0.690196 ],
		"slidercolor" : [ 0, 0, 0, 1 ],
		"slidercolornofocus" : [ 0.882353, 0.882353, 0.882353, 0.886275 ],
		"textcolor" : [ 0, 0, 0, 1 ],
		"textcolornofocus" : [ 0.882353, 0.882353, 0.882353, 0.886275 ]
	}
,
	"LCfreq" : 	{
		"patching_rect" : [ 0, 83, 147, 17 ],
		"hidden" : 0,
		"bgcolor" : [ 0.392157, 0.392157, 0.392157, 1 ],
		"bordercolor" : [ 0, 0, 0, 1 ],
		"fontsize" : 16,
		"labelcolor" : [ 0, 0, 0, 1 ],
		"selectcolor" : [ 0.521569, 0.698039, 0.956863, 0.380392 ],
		"slidercolor" : [ 0, 0, 0, 1 ],
		"slidercolornofocus" : [ 0.882353, 0.882353, 0.882353, 0.886275 ],
		"textcolor" : [ 0, 0, 0, 1 ],
		"textcolornofocus" : [ 0.882353, 0.882353, 0.882353, 0.886275 ]
	}
,
	"resonance" : 	{
		"patching_rect" : [ 0, 98, 147, 17 ],
		"hidden" : 0,
		"bgcolor" : [ 0.392157, 0.392157, 0.392157, 1 ],
		"bordercolor" : [ 0, 0, 0, 1 ],
		"fontsize" : 16,
		"labelcolor" : [ 0, 0, 0, 1 ],
		"selectcolor" : [ 0.521569, 0.698039, 0.956863, 0.380392 ],
		"slidercolor" : [ 0, 0, 0, 1 ],
		"slidercolornofocus" : [ 0.882353, 0.882353, 0.882353, 0.886275 ],
		"textcolor" : [ 0, 0, 0, 1 ],
		"textcolornofocus" : [ 0.882353, 0.882353, 0.882353, 0.886275 ]
	}
,
	"divide" : 	{
		"patching_rect" : [ 0, 49, 116, 18 ],
		"hidden" : 0,
		"bgcolor" : [ 0.219608, 0.596078, 0.227451, 1 ],
		"bordercolor" : [ 0, 0, 0, 1 ],
		"fontsize" : 16,
		"labelcolor" : [ 0, 0, 0, 1 ],