{
	"window" : [ 779, 564, 979, 744 ],
	"out_mode" : 	{
		"patching_rect" : [ 150, 16, 42, 22 ],
		"hidden" : 0,
		"applycolors" : 0,
		"bgfillcolor" : 		{
			"type" : "gradient",
			"color1" : [ 0.172137149796092, 0.172137100044002, 0.172137113045018, 1 ],
			"color2" : [ 0.172137149796092, 0.172137100044002, 0.172137113045018, 1 ],
			"color" : [ 0.172137149796092, 0.172137100044002, 0.172137113045018, 1 ]
		}
,
		"color" : [ 0.618934978328545, 0.744701397656435, 0.953750108255376, 1 ],
		"elementcolor" : [ 0.221327066888467, 0.221327006361825, 0.221327022178404, 1 ],
		"fontsize" : 12,
		"textcolor" : [ 0.9, 0.9, 0.9, 1 ]
	}
,
	"presets" : 	{
		"patching_rect" : [ 94, 0, 105, 16 ],
		"hidden" : 0,
		"jsarguments" : [ 14, "255 255 255", "50 50 50", "255 0 0", "0 255 0", "mc.random@1" ]
	}
,
	"parmenu" : 	{
		"patching_rect" : [ 100, 34, 100, 21 ],
		"hidden" : 0,
		"applycolors" : 0,
		"bgfillcolor" : 		{
			"type" : "color",
			"color1" : [ 0.301961, 0.301961, 0.301961, 1 ],
			"color2" : [ 0.2, 0.2, 0.2, 1 ],
			"color" : [ 0.294118, 1.0, 0.294118, 1.0 ]
		}
,
		"color" : [ 0.618934978328545, 0.744701397656435, 0.953750108255376, 1 ],
		"elementcolor" : [ 0.221327066888467, 0.221327006361825, 0.221327022178404, 1 ],
		"fontsize" : 11.595186999999999,
		"textcolor" : [ 0.149, 0.149, 0.149, 1 ]
	}
,
	"actmenu" : 	{
		"patching_rect" : [ 0, 34, 100, 21 ],
		"hidden" : 0,
		"applycolors" : 0,
		"bgfillcolor" : 		{
			"type" : "color",
			"color1" : [ 0.301961, 0.301961, 0.301961, 1 ],
			"color2" : [ 0.2, 0.2, 0.2, 1 ],
			"color" : [ 0.294118, 1.0, 0.294118, 1.0 ]
		}
,
		"color" : [ 0.618934978328545, 0.744701397656435, 0.953750108255376, 1 ],
		"elementcolor" : [ 0.221327066888467, 0.221327006361825, 0.221327022178404, 1 ],
		"fontsize" : 11.595186999999999,
		"textcolor" : [ 0.149, 0.149, 0.149, 1 ]
	}
,
	"time" : 	{
		"patching_rect" : [ 78, 16, 72, 18 ],
		"hidden" : 0,
		"bgcolor" : [ 1, 1, 1, 1 ],
		"bordercolor" : [ 0.5, 0.5, 0.5, 1 ],
		"fontsize" : 12,
		"labelcolor" : [ 0, 0, 0, 1 ],
		"selectcolor" : [ 0.45, 0.67, 1, 0.47 ],
		"slidercolor" : [ 0, 0, 0, 1 ],
		"slidercolornofocus" : [ 0.48, 0.48, 0.48, 0.55 ],
		"textcolor" : [ 0, 0, 0, 1 ],
		"textcolornofocus" : [ 0.48, 0.48, 0.48, 0.79 ]
	}
,
	"metro" : 	{
		"patching_rect" : [ 40, 16, 38, 18 ],
		"hidden" : 0,
		"bgcolor" : [ 0.698039, 0.698039, 0.698039, 1 ],
		"bgoncolor" : [ 0, 0.639216, 0, 1 ],
		"fontsize" : 12,
		"legacytextcolor" : 1,
		"textcolor" : [ 0, 0, 0, 1 ],
		"textoncolor" : [ 1, 1, 1, 1 ],
		"textovercolor" : [ 0, 0, 0, 1 ],
		"usebgoncolor" : 1,
		"usetextovercolor" : 1
	}
,
	"range_min" : 	{
		"patching_rect" : [ 61, 54, 50, 22 ],
		"hidden" : 0,
		"bgcolor" : [ 0.125, 0.125, 0.125, 1 ],
		"fontsize" : 12,
		"htricolor" : [ 0.922234290352602, 0.71007200526417, 0.329758341965716, 1 ],
		"textcolor" : [ 0.9, 0.9, 0.9, 1 ],
		"tricolor" : [ 0.458595350062755, 0.458595237564901, 0.458595266962388, 1 ]
	}
,
	"range_max" : 	{
		"patching_rect" : [ 111, 54, 50, 22 ],
		"hidden" : 0,
		"bgcolor" : [ 0.125, 0.125, 0.125, 1 ],
		"fontsize" : 12,
		"htricolor" : [ 0.922234290352602, 0.71007200526417, 0.329758341965716, 1 ],
		"textcolor" : [ 0.9, 0.9, 0.9, 1 ],
		"tricolor" : [ 0.458595350062755, 0.458595237564901, 0.458595266962388, 1 ]
	}
,
	"once" : 	{
		"patching_rect" : [ 0, 16, 38, 18 ],
		"hidden" : 0,
		"bgcolor" : [ 0.698039, 0.698039, 0.698039, 1 ],
		"bgoncolor" : [ 0, 0.639216, 0, 1 ],
		"fontsize" : 12,
		"legacytextcolor" : 1,
		"textcolor" : [ 0, 0, 0, 1 ],
		"textoncolor" : [ 1, 1, 1, 1 ],
		"textovercolor" : [ 0, 0, 0, 1 ],
		"usebgoncolor" : 1,
		"usetextovercolor" : 1
	}
,
	"del_act" : 	{
		"patching_rect" : [ 0, 55, 29, 20 ],
		"hidden" : 0,
		"bgcolor" : [ 0.698039, 0.698039, 0.698039, 1 ],
		"bgoncolor" : [ 0, 0.639216, 0, 1 ],
		"fontsize" : 12,
		"legacytextcolor" : 1,
		"textcolor" : [ 0, 0, 0, 1 ],
		"textoncolor" : [ 1, 1, 1, 1 ],
		"textovercolor" : [ 0, 0, 0, 1 ],
		"usebgoncolor" : 1,
		"usetextovercolor" : 1
	}
,
	"del_par" : 	{
		"patching_rect" : [ 31, 55, 29, 20 ],
		"hidden" : 0,
		"bgcolor" : [ 0.698039, 0.698039, 0.698039, 1 ],
		"bgoncolor" : [ 0, 0.639216, 0, 1 ],
		"fontsize" : 12,
		"legacytextcolor" : 1,
		"textcolor" : [ 0, 0, 0, 1 ],
		"textoncolor" : [ 1, 1, 1, 1 ],
		"textovercolor" : [ 0, 0, 0, 1 ],
		"usebgoncolor" : 1,
		"usetextovercolor" : 1
	}
,
	"dict" : 	{
		"patching_rect" : [ 171, 16, 61, 22 ],
		"hidden" : 1
	}
,
	"step_size" : 	{
		"patching_rect" : [ 157, 54, 50, 22 ],
		"hidden" : 0,
		"bgcolor" : [ 0.125, 0.125, 0.125, 1 ],
		"fontsize" : 12,
		"htricolor" : [ 0.922234290352602, 0.71007200526417, 0.329758341965716, 1 ],
		"textcolor" : [ 0.9, 0.9, 0.9, 1 ],
		"tricolor" : [ 0.458595350062755, 0.458595237564901, 0.458595266962388, 1 ]
	}

}
