{
	"window" : [ 301, 583, 785, 792 ],
	"pan-default" : 	{
		"patching_rect" : [ 447, -1, 100, 20 ],
		"hidden" : 0,
		"applycolors" : 0,
		"bgfillcolor" : 		{
			"type" : "gradient",
			"color1" : [ 0.172137149796092, 0.172137100044002, 0.172137113045018, 1 ],
			"color2" : [ 0.172137149796092, 0.172137100044002, 0.172137113045018, 1 ],
			"color" : [ 0.172137149796092, 0.172137100044002, 0.172137113045018, 1 ]
		}
,
		"color" : [ 0.618934978328545, 0.744701397656435, 0.953750108255376, 1 ],
		"elementcolor" : [ 0.221327066888467, 0.221327006361825, 0.221327022178404, 1 ],
		"fontsize" : 10,
		"textcolor" : [ 0.9, 0.9, 0.9, 1 ]
	}
,
	"1st_freq" : 	{
		"patching_rect" : [ 85, 179, 53, 21 ],
		"hidden" : 0,
		"applycolors" : 0,
		"bgfillcolor" : 		{
			"type" : "color",
			"color1" : [ 0.376471, 0.384314, 0.4, 1.0 ],
			"color2" : [ 0.290196, 0.309804, 0.301961, 1.0 ],
			"color" : [ 0.392157, 0.392157, 0.392157, 1.0 ],
			"angle" : 270.0,
			"proportion" : 0.39
		}
,
		"color" : [ 0.618934978328545, 0.744701397656435, 0.953750108255376, 1 ],
		"elementcolor" : [ 0.221327066888467, 0.221327006361825, 0.221327022178404, 1 ],
		"fontsize" : 11,
		"textcolor" : [ 1, 1, 1, 1 ]
	}
,
	"1st_Q" : 	{
		"patching_rect" : [ 399, 0, 24, 21 ],
		"hidden" : 0,
		"applycolors" : 0,
		"bgfillcolor" : 		{
			"type" : "color",
			"color1" : [ 0.376471, 0.384314, 0.4, 1.0 ],
			"color2" : [ 0.290196, 0.309804, 0.301961, 1.0 ],
			"color" : [ 1.0, 0.243137, 0.392157, 1.0 ],
			"angle" : 270.0,
			"proportion" : 0.39
		}
,
		"color" : [ 0.618934978328545, 0.744701397656435, 0.953750108255376, 1 ],
		"elementcolor" : [ 0.221327066888467, 0.221327006361825, 0.221327022178404, 1 ],
		"fontsize" : 11,
		"textcolor" : [ 1, 1, 1, 1 ]
	}
,
	"1st_gain" : 	{
		"patching_rect" : [ 0, 179, 53, 21 ],
		"hidden" : 0,
		"applycolors" : 0,
		"bgfillcolor" : 		{
			"type" : "color",
			"color1" : [ 0.376471, 0.384314, 0.4, 1.0 ],
			"color2" : [ 0.290196, 0.309804, 0.301961, 1.0 ],
			"color" : [ 0.470588, 0.470588, 0.862745, 1.0 ],
			"angle" : 270.0,
			"proportion" : 0.39
		}
,
		"color" : [ 0.618934978328545, 0.744701397656435, 0.953750108255376, 1 ],
		"elementcolor" : [ 0.221327066888467, 0.221327006361825, 0.221327022178404, 1 ],
		"fontsize" : 11,
		"textcolor" : [ 1, 1, 1, 1 ]
	}
,
	"freq-default" : 	{
		"patching_rect" : [ 137, 180, 24, 18 ],
		"hidden" : 0,
		"bgcolor" : [ 0.72549, 0.72549, 0.72549, 1 ],
		"bgoncolor" : [ 0.113725, 0.72549, 0, 1 ],
		"fontsize" : 11,
		"legacytextcolor" : 1,
		"textcolor" : [ 0, 0, 0, 1 ],
		"textoncolor" : [ 0, 0, 0, 1 ],
		"textovercolor" : [ 0, 0, 0, 1 ],
		"usebgoncolor" : 1,
		"usetextovercolor" : 1
	}
,
	"gain-default" : 	{
		"patching_rect" : [ 52, 180, 34, 18 ],
		"hidden" : 0,
		"bgcolor" : [ 0.72549, 0.72549, 0.72549, 1 ],
		"bgoncolor" : [ 0.113725, 0.72549, 0, 1 ],
		"fontsize" : 11,
		"legacytextcolor" : 1,
		"textcolor" : [ 0, 0, 0, 1 ],
		"textoncolor" : [ 0, 0, 0, 1 ],
		"textovercolor" : [ 0, 0, 0, 1 ],
		"usebgoncolor" : 1,
		"usetextovercolor" : 1
	}
,
	"Q-default" : 	{
		"patching_rect" : [ 421, 0, 26, 17 ],
		"hidden" : 0,
		"bgcolor" : [ 0.72549, 0.72549, 0.72549, 1 ],
		"bgoncolor" : [ 0.113725, 0.72549, 0, 1 ],
		"fontsize" : 11,
		"legacytextcolor" : 1,
		"textcolor" : [ 0, 0, 0, 1 ],
		"textoncolor" : [ 0, 0, 0, 1 ],
		"textovercolor" : [ 0, 0, 0, 1 ],
		"usebgoncolor" : 1,
		"usetextovercolor" : 1
	}
,
	"freq_mode" : 	{
		"patching_rect" : [ 596, 29, 54, 19 ],
		"hidden" : 0,
		"applycolors" : 0,
		"bgfillcolor" : 		{
			"type" : "gradient",
			"color1" : [ 0.172137149796092, 0.172137100044002, 0.172137113045018, 1 ],
			"color2" : [ 0.172137149796092, 0.172137100044002, 0.172137113045018, 1 ],
			"color" : [ 0.172137149796092, 0.172137100044002, 0.172137113045018, 1 ]
		}
,
		"color" : [ 0.618934978328545, 0.744701397656435, 0.953750108255376, 1 ],
		"elementcolor" : [ 0.221327066888467, 0.221327006361825, 0.221327022178404, 1 ],
		"fontsize" : 9,
		"textcolor" : [ 0.9, 0.9, 0.9, 1 ]
	}
,
	"interval" : 	{
		"patching_rect" : [ 598, 51, 50, 19 ],
		"hidden" : 0,
		"bgcolor" : [ 0.866667, 0.866667, 0.866667, 1 ],
		"fontsize" : 9,
		"htricolor" : [ 0.87, 0.82, 0.24, 1 ],
		"textcolor" : [ 0, 0, 0, 1 ],
		"tricolor" : [ 0.75, 0.75, 0.75, 1 ]
	}
,
	"pans" : 	{
		"patching_rect" : [ 438, 16, 45, 166 ],
		"hidden" : 0,
		"bgcolor" : [ 0.392157, 0.392157, 0.392157, 1 ],
		"peakcolor" : [ 0, 0, 0, 1 ],
		"slidercolor" : [ 0, 0, 0, 1 ]
	}
,
	"preset-ramp" : 	{
		"patching_rect" : [ 325, 0, 73, 16 ],
		"hidden" : 0,
		"bgcolor" : [ 1, 1, 1, 1 ],
		"bordercolor" : [ 0.5, 0.5, 0.5, 1 ],
		"fontsize" : 12,
		"labelcolor" : [ 0, 0, 0, 1 ],
		"selectcolor" : [ 0.45, 0.67, 1, 0.47 ],
		"slidercolor" : [ 0, 0, 0, 1 ],
		"slidercolornofocus" : [ 0.48, 0.48, 0.48, 0.55 ],
		"textcolor" : [ 0, 0, 0, 1 ],
		"textcolornofocus" : [ 0.48, 0.48, 0.48, 0.79 ]
	}
,
	"presets" : 	{
		"patching_rect" : [ 54, 0, 271, 17 ],
		"hidden" : 0,
		"jsarguments" : [ 14, "255 255 255", "50 50 50", "255 0 0", "0 255 0", "vbap@1" ]
	}
,
	"freqs" : 	{
		"patching_rect" : [ 100, 16, 220, 166 ],
		"hidden" : 0,
		"bgcolor" : [ 0.392157, 0.384314, 0.384314, 1 ],
		"bordercolor" : [ 0, 0, 0, 1 ],
		"fontsize" : 15,
		"labelcolor" : [ 0.607843, 0.607843, 0.607843, 1 ],
		"selectcolor" : [ 0.45, 0.67, 1, 0.47 ],
		"slidercolor" : [ 0, 0, 0, 1 ],
		"slidercolornofocus" : [ 0.815686, 0.815686, 0.815686, 1 ],
		"textcolor" : [ 0, 0, 0, 1 ],
		"textcolornofocus" : [ 0.815686, 0.815686, 0.815686, 1 ]
	}
,
	"gains" : 	{
		"patching_rect" : [ 0, 16, 100, 166 ],
		"hidden" : 0,
		"bgcolor" : [ 0.419608, 0.458824, 0.8, 1 ],
		"bordercolor" : [ 0, 0, 0, 1 ],
		"fontsize" : 15,
		"labelcolor" : [ 0.607843, 0.607843, 0.607843, 1 ],
		"selectcolor" : [ 0.45, 0.67, 1, 0.47 ],
		"slidercolor" : [ 0, 0, 0, 1 ],
		"slidercolornofocus" : [ 0.815686, 0.815686, 0.815686, 1 ],
		"textcolor" : [ 0, 0, 0, 1 ],
		"textcolornofocus" : [ 0.815686, 0.815686, 0.815686, 1 ]
	}
,
	"Qs" : 	{
		"patching_rect" : [ 320, 16, 120, 166 ],
		"hidden" : 0,
		"bgcolor" : [ 1, 0.243137, 0.392157, 1 ],
		"bordercolor" : [ 0, 0, 0, 1 ],
		"fontsize" : 15,
		"labelcolor" : [ 0.607843, 0.607843, 0.607843, 1 ],
		"selectcolor" : [ 0.45, 0.67, 1, 0.47 ],
		"slidercolor" : [ 0, 0, 0, 1 ],
		"slidercolornofocus" : [ 0.815686, 0.815686, 0.815686, 1 ],
		"textcolor" : [ 0, 0, 0, 1 ],
		"textcolornofocus" : [ 0.815686, 0.815686, 0.815686, 1 ]
	}
,
	"ll.blues" : 	{
		"patching_rect" : [ 163, 182, 322, 27 ],
		"hidden" : 0,
		"accentcolor" : [ 0.458595350062755, 0.458595237564901, 0.458595266962388, 1 ],
		"bgcolor" : [ 0.125, 0.125, 0.125, 1 ],
		"bgfillcolor" : 		{
			"type" : "gradient",
			"color1" : [ 0.172137149796092, 0.172137100044002, 0.172137113045018, 1 ],
			"color2" : [ 0.172137149796092, 0.172137100044002, 0.172137113045018, 1 ],
			"color" : [ 0.172137149796092, 0.172137100044002, 0.172137113045018, 1 ]
		}
,
		"bubble_bgcolor" : [ 0.235, 0.235, 0.235, 1 ],
		"bubble_outlinecolor" : [ 0.85, 0.85, 0.85, 1 ],
		"clearcolor" : [ 1, 1, 1, 0 ],
		"color" : [ 0.618934978328545, 0.744701397656435, 0.953750108255376, 1 ],
		"editing_bgcolor" : [ 0.235, 0.235, 0.235, 1 ],
		"elementcolor" : [ 0.221327066888467, 0.221327006361825, 0.221327022178404, 1 ],
		"fontsize" : 12,
		"locked_bgcolor" : [ 0.235, 0.235, 0.235, 1 ],
		"patchlinecolor" : [ 0.447518749806177, 0.44751863973454, 0.447518668498017, 1 ],
		"selectioncolor" : [ 0.922234290352602, 0.71007200526417, 0.329758341965716, 1 ],
		"stripecolor" : [ 0.172137149796092, 0.172137100044002, 0.172137113045018, 1 ],
		"syntax_attrargcolor" : [ 0.987719444392034, 0.772809765725725, 0.723525810589731, 1 ],
		"syntax_attributecolor" : [ 0.574681917362067, 0.746730429372804, 1, 1 ],
		"syntax_objargcolor" : [ 0.9, 0.9, 0.9, 1 ],
		"syntax_objectcolor" : [ 0.956590352327427, 0.76614891786161, 0.452834090916593, 1 ],
		"textcolor" : [ 0.85, 0.85, 0.85, 1 ],
		"textcolor_inverse" : [ 0.9, 0.9, 0.9, 1 ]
	}

}
