{
	"window" : [ 7, 111, 358, 647 ],
	"act_menu" : 	{
		"patching_rect" : [ 95, 4, 194, 26 ],
		"hidden" : 0,
		"applycolors" : 0,
		"bgfillcolor" : 		{
			"type" : "gradient",
			"color1" : [ 0.301961, 0.301961, 0.301961, 1 ],
			"color2" : [ 0.2, 0.2, 0.2, 1 ],
			"color" : [ 0.2, 0.2, 0.2, 1 ]
		}
,
		"color" : [ 0.807843, 0.898039, 0.909804, 1 ],
		"elementcolor" : [ 0.34902, 0.34902, 0.34902, 1 ],
		"fontsize" : 16.0,
		"textcolor" : [ 0.968627, 0.968627, 0.968627, 1 ]
	}
,
	"w1" : 	{
		"patching_rect" : [ 95, 32, 50, 21 ],
		"hidden" : 0,
		"bgcolor" : [ 0.2, 0.2, 0.2, 1 ],
		"fontsize" : 11.595186999999999,
		"htricolor" : [ 0.929412, 0.929412, 0.352941, 1 ],
		"textcolor" : [ 0.968627, 0.968627, 0.968627, 1 ],
		"tricolor" : [ 0.501961, 0.501961, 0.501961, 1 ]
	}
,
	"w2" : 	{
		"patching_rect" : [ 143, 32, 50, 21 ],
		"hidden" : 0,
		"bgcolor" : [ 0.2, 0.2, 0.2, 1 ],
		"fontsize" : 11.595186999999999,
		"htricolor" : [ 0.929412, 0.929412, 0.352941, 1 ],
		"textcolor" : [ 0.968627, 0.968627, 0.968627, 1 ],
		"tricolor" : [ 0.501961, 0.501961, 0.501961, 1 ]
	}
,
	"w3" : 	{
		"patching_rect" : [ 191, 32, 50, 21 ],
		"hidden" : 0,
		"bgcolor" : [ 0.2, 0.2, 0.2, 1 ],
		"fontsize" : 11.595186999999999,
		"htricolor" : [ 0.929412, 0.929412, 0.352941, 1 ],
		"textcolor" : [ 0.968627, 0.968627, 0.968627, 1 ],
		"tricolor" : [ 0.501961, 0.501961, 0.501961, 1 ]
	}
,
	"w4" : 	{
		"patching_rect" : [ 239, 32, 50, 21 ],
		"hidden" : 0,
		"bgcolor" : [ 0.2, 0.2, 0.2, 1 ],
		"fontsize" : 11.595186999999999,
		"htricolor" : [ 0.929412, 0.929412, 0.352941, 1 ],
		"textcolor" : [ 0.968627, 0.968627, 0.968627, 1 ],
		"tricolor" : [ 0.501961, 0.501961, 0.501961, 1 ]
	}
,
	"pos_x" : 	{
		"patching_rect" : [ 46, 130, 50, 21 ],
		"hidden" : 0,
		"bgcolor" : [ 0.2, 0.2, 0.2, 1 ],
		"fontsize" : 11.595186999999999,
		"htricolor" : [ 0.929412, 0.929412, 0.352941, 1 ],
		"textcolor" : [ 0.968627, 0.968627, 0.968627, 1 ],
		"tricolor" : [ 0.501961, 0.501961, 0.501961, 1 ]
	}
,
	"pos_y" : 	{
		"patching_rect" : [ 94, 130, 50, 21 ],
		"hidden" : 0,
		"bgcolor" : [ 0.2, 0.2, 0.2, 1 ],
		"fontsize" : 11.595186999999999,
		"htricolor" : [ 0.929412, 0.929412, 0.352941, 1 ],
		"textcolor" : [ 0.968627, 0.968627, 0.968627, 1 ],
		"tricolor" : [ 0.501961, 0.501961, 0.501961, 1 ]
	}
,
	"size_x" : 	{
		"patching_rect" : [ 173, 131, 50, 21 ],
		"hidden" : 0,
		"bgcolor" : [ 0.2, 0.2, 0.2, 1 ],
		"fontsize" : 11.595186999999999,
		"htricolor" : [ 0.929412, 0.929412, 0.352941, 1 ],
		"textcolor" : [ 0.968627, 0.968627, 0.968627, 1 ],
		"tricolor" : [ 0.501961, 0.501961, 0.501961, 1 ]
	}
,
	"size_y" : 	{
		"patching_rect" : [ 221, 131, 50, 21 ],
		"hidden" : 0,
		"bgcolor" : [ 0.2, 0.2, 0.2, 1 ],
		"fontsize" : 11.595186999999999,
		"htricolor" : [ 0.929412, 0.929412, 0.352941, 1 ],
		"textcolor" : [ 0.968627, 0.968627, 0.968627, 1 ],
		"tricolor" : [ 0.501961, 0.501961, 0.501961, 1 ]
	}
,
	"no_hidden" : 	{
		"patching_rect" : [ 193, 83, 82, 24 ],
		"hidden" : 0,
		"bgcolor" : [ 0.75, 0.75, 0.75, 1.0 ],
		"bgoncolor" : [ 0.752941, 0.023529, 0.247059, 1.0 ],
		"fontsize" : 12.0,
		"legacytextcolor" : 0,
		"textcolor" : [ 0.752941, 0.023529, 0.247059, 1.0 ],
		"textoncolor" : [ 0.870588, 0.819608, 0.239216, 1.0 ],
		"textovercolor" : [ 0.752941, 0.023529, 0.247059, 1.0 ],
		"usebgoncolor" : 1,
		"usetextovercolor" : 0
	}
,
	"write_default" : 	{
		"patching_rect" : [ 243, 262, 88, 19 ],
		"hidden" : 0,
		"bgcolor" : [ 0.75, 0.75, 0.75, 1.0 ],
		"bgoncolor" : [ 0.752941, 0.023529, 0.247059, 1.0 ],
		"fontsize" : 12.0,
		"legacytextcolor" : 1,
		"textcolor" : [ 0.752941, 0.023529, 0.247059, 1.0 ],
		"textoncolor" : [ 0.870588, 0.819608, 0.239216, 1.0 ],
		"textovercolor" : [ 0.752941, 0.023529, 0.247059, 1.0 ],
		"usebgoncolor" : 1,
		"usetextovercolor" : 1
	}
,
	"write" : 	{
		"patching_rect" : [ 244, 154, 84, 50 ],
		"hidden" : 0,
		"bgcolor" : [ 0.75, 0.75, 0.75, 1.0 ],
		"bgoncolor" : [ 0.752941, 0.023529, 0.247059, 1.0 ],
		"fontsize" : 12.0,
		"legacytextcolor" : 1,
		"textcolor" : [ 0.752941, 0.023529, 0.247059, 1.0 ],
		"textoncolor" : [ 0.870588, 0.819608, 0.239216, 1.0 ],
		"textovercolor" : [ 0.752941, 0.023529, 0.247059, 1.0 ],
		"usebgoncolor" : 1,
		"usetextovercolor" : 1
	}
,
	"blink" : 	{
		"patching_rect" : [ 280, 84, 42, 23 ],
		"hidden" : 0,
		"bgcolor" : [ 0.75, 0.75, 0.75, 1.0 ],
		"bgoncolor" : [ 0.752941, 0.023529, 0.247059, 1.0 ],
		"fontsize" : 12.0,
		"legacytextcolor" : 0,
		"textcolor" : [ 0.752941, 0.023529, 0.247059, 1.0 ],
		"textoncolor" : [ 0.870588, 0.819608, 0.239216, 1.0 ],
		"textovercolor" : [ 0.752941, 0.023529, 0.247059, 1.0 ],
		"usebgoncolor" : 1,
		"usetextovercolor" : 0
	}
,
	"hidden" : 	{
		"patching_rect" : [ 276, 131, 53, 21 ],
		"hidden" : 0,
		"bgcolor" : [ 0.75, 0.75, 0.75, 1.0 ],
		"bgoncolor" : [ 0.752941, 0.023529, 0.247059, 1.0 ],
		"fontsize" : 12.0,
		"legacytextcolor" : 1,
		"textcolor" : [ 0.752941, 0.023529, 0.247059, 1.0 ],
		"textoncolor" : [ 0.870588, 0.819608, 0.239216, 1.0 ],
		"textovercolor" : [ 0.752941, 0.023529, 0.247059, 1.0 ],
		"usebgoncolor" : 1,
		"usetextovercolor" : 1
	}
,
	"dim1" : 	{
		"patching_rect" : [ 46, 179, 50, 21 ],
		"hidden" : 1,
		"bgcolor" : [ 0.2, 0.2, 0.2, 1 ],
		"fontsize" : 11.595186999999999,
		"htricolor" : [ 0.929412, 0.929412, 0.352941, 1 ],
		"textcolor" : [ 0.968627, 0.968627, 0.968627, 1 ],
		"tricolor" : [ 0.501961, 0.501961, 0.501961, 1 ]
	}
,
	"dim2" : 	{
		"patching_rect" : [ 94, 179, 50, 21 ],
		"hidden" : 1,
		"bgcolor" : [ 0.2, 0.2, 0.2, 1 ],
		"fontsize" : 11.595186999999999,
		"htricolor" : [ 0.929412, 0.929412, 0.352941, 1 ],
		"textcolor" : [ 0.968627, 0.968627, 0.968627, 1 ],
		"tricolor" : [ 0.501961, 0.501961, 0.501961, 1 ]
	}
,
	"dim3" : 	{
		"patching_rect" : [ 142, 179, 50, 21 ],
		"hidden" : 1,
		"bgcolor" : [ 0.2, 0.2, 0.2, 1 ],
		"fontsize" : 11.595186999999999,
		"htricolor" : [ 0.929412, 0.929412, 0.352941, 1 ],
		"textcolor" : [ 0.968627, 0.968627, 0.968627, 1 ],
		"tricolor" : [ 0.501961, 0.501961, 0.501961, 1 ]
	}
,
	"arrow_keys" : 	{
		"patching_rect" : [ 47, 114, 228, 15 ],
		"hidden" : 0,
		"bgcolor" : [ 0.75, 0.75, 0.75, 1.0 ],
		"bgoncolor" : [ 0.752941, 0.023529, 0.247059, 1.0 ],
		"fontsize" : 12.0,
		"legacytextcolor" : 0,
		"textcolor" : [ 0.752941, 0.023529, 0.247059, 1.0 ],
		"textoncolor" : [ 0.870588, 0.819608, 0.239216, 1.0 ],
		"textovercolor" : [ 0.752941, 0.023529, 0.247059, 1.0 ],
		"usebgoncolor" : 1,
		"usetextovercolor" : 0
	}
,
	"titlebar" : 	{
		"patching_rect" : [ 120, 262, 57, 19 ],
		"hidden" : 0,
		"bgcolor" : [ 0.75, 0.75, 0.75, 1.0 ],
		"bgoncolor" : [ 0.72156862745098, 0.462745098039216, 0.541176470588235, 1.0 ],
		"fontsize" : 12.0,
		"legacytextcolor" : 1,
		"textcolor" : [ 0.752941, 0.023529, 0.247059, 1.0 ],
		"textoncolor" : [ 0.870588, 0.819608, 0.239216, 1.0 ],
		"textovercolor" : [ 0.752941, 0.023529, 0.247059, 1.0 ],
		"usebgoncolor" : 1,
		"usetextovercolor" : 1
	}
,
	"state_show" : 	{
		"patching_rect" : [ 135, 444, 78, 21 ],
		"hidden" : 0,
		"bgfillcolor" : 		{
			"type" : "gradient",
			"color1" : [ 0.301961, 0.301961, 0.301961, 1 ],
			"color2" : [ 0.2, 0.2, 0.2, 1 ],
			"color" : [ 0.2, 0.2, 0.2, 1 ]
		}
,
		"fontsize" : 11.595186999999999,
		"textcolor" : [ 0.968627, 0.968627, 0.968627, 1 ]
	}
,
	"fontsize!" : 	{
		"patching_rect" : [ 47, 154, 69, 22 ],
		"hidden" : 0,
		"bgcolor" : [ 0.2, 0.2, 0.2, 1.0 ],
		"bordercolor" : [ 0.5, 0.5, 0.5, 1.0 ],
		"fontsize" : 12.0,
		"labelcolor" : [ 1.0, 1.0, 1.0, 1.0 ],
		"selectcolor" : [ 0.45, 0.67, 1.0, 0.47 ],
		"slidercolor" : [ 0.0, 0.0, 0.0, 1.0 ],
		"slidercolornofocus" : [ 0.48, 0.48, 0.48, 0.55 ],
		"textcolor" : [ 1.0, 1.0, 1.0, 1.0 ],
		"textcolornofocus" : [ 0.48, 0.48, 0.48, 0.79 ]
	}
,
	"grid_size" : 	{
		"patching_rect" : [ 146, 154, 76, 22 ],
		"hidden" : 1,
		"bgcolor" : [ 0.2, 0.2, 0.2, 1.0 ],
		"bordercolor" : [ 0.5, 0.5, 0.5, 1.0 ],
		"fontsize" : 12.0,
		"labelcolor" : [ 1.0, 1.0, 1.0, 1.0 ],
		"selectcolor" : [ 0.45, 0.67, 1.0, 0.47 ],