{
	"window" : [ 100, 100, 247, 302 ],
	"presets" : 	{
		"patching_rect" : [ 58, 0, 86, 16 ],
		"hidden" : 0,
		"jsarguments" : [ 16, "255 255 255", "50 50 50", "255 0 0", "0 255 0", "kaos@1" ]
	}
,
	"x_min" : 	{
		"patching_rect" : [ 5, 119, 34, 22 ],
		"hidden" : 0,
		"bgcolor" : [ 1, 1, 1, 0 ],
		"fontsize" : 12,
		"htricolor" : [ 0.87, 0.82, 0.24, 1 ],
		"textcolor" : [ 0, 0, 0, 1 ],
		"tricolor" : [ 0.75, 0.75, 0.75, 1 ]
	}
,
	"x_max" : 	{
		"patching_rect" : [ 70, 119, 34, 22 ],
		"hidden" : 0,
		"bgcolor" : [ 1, 1, 1, 0 ],
		"fontsize" : 12,
		"htricolor" : [ 0.87, 0.82, 0.24, 1 ],
		"textcolor" : [ 0, 0, 0, 1 ],
		"tricolor" : [ 0.75, 0.75, 0.75, 1 ]
	}
,
	"y_min" : 	{
		"patching_rect" : [ 37, 119, 34, 22 ],
		"hidden" : 0,
		"bgcolor" : [ 1, 1, 1, 0 ],
		"fontsize" : 12,
		"htricolor" : [ 0.87, 0.82, 0.24, 1 ],
		"textcolor" : [ 0, 0, 0, 1 ],
		"tricolor" : [ 0.75, 0.75, 0.75, 1 ]
	}
,
	"y_max" : 	{
		"patching_rect" : [ 105, 119, 34, 22 ],
		"hidden" : 0,
		"bgcolor" : [ 1, 1, 1, 0 ],
		"fontsize" : 12,
		"htricolor" : [ 0.87, 0.82, 0.24, 1 ],
		"textcolor" : [ 0, 0, 0, 1 ],
		"tricolor" : [ 0.75, 0.75, 0.75, 1 ]
	}
,
	"set!" : 	{
		"patching_rect" : [ 42, 107, 32, 14 ],
		"hidden" : 0,
		"bgcolor" : [ 0.568627, 0.619608, 0.662745, 1 ],
		"bgoncolor" : [ 0.921569, 0.94902, 0.05098, 1 ],
		"fontsize" : 12,
		"legacytextcolor" : 1,
		"textcolor" : [ 0.101961, 0.121569, 0.172549, 1 ],
		"textoncolor" : [ 0.101961, 0.121569, 0.172549, 1 ],
		"textovercolor" : [ 0.101961, 0.121569, 0.172549, 1 ],
		"usebgoncolor" : 1,
		"usetextovercolor" : 1
	}
,
	"click_on" : 	{
		"patching_rect" : [ 3, 35, 140, 36 ],
		"hidden" : 0,
		"bgcolor" : [ 0.921569, 0.94902, 0.05098, 1 ],
		"bgoncolor" : [ 0.956863, 0.431373, 0, 1 ],
		"fontsize" : 10,
		"legacytextcolor" : 1,
		"textcolor" : [ 0.101961, 0.121569, 0.172549, 1 ],
		"textoncolor" : [ 0.101961, 0.121569, 0.172549, 1 ],
		"textovercolor" : [ 0.101961, 0.121569, 0.172549, 1 ],
		"usebgoncolor" : 1,
		"usetextovercolor" : 1
	}
,
	"on" : 	{
		"patching_rect" : [ 7, 156, 128, 36 ],
		"hidden" : 0,
		"bgcolor" : [ 0.941176, 0.098039, 0.098039, 1 ],
		"bgoncolor" : [ 0.956863, 0.431373, 0, 1 ],
		"fontsize" : 10,
		"legacytextcolor" : 1,
		"textcolor" : [ 0.101961, 0.121569, 0.172549, 1 ],
		"textoncolor" : [ 0.101961, 0.121569, 0.172549, 1 ],
		"textovercolor" : [ 0.101961, 0.121569, 0.172549, 1 ],
		"usebgoncolor" : 1,
		"usetextovercolor" : 1
	}
,
	"fullscreen" : 	{
		"patching_rect" : [ 74, 107, 60, 14 ],
		"hidden" : 0,
		"bgcolor" : [ 0.568627, 0.619608, 0.662745, 1 ],
		"bgoncolor" : [ 0.921569, 0.94902, 0.05098, 1 ],
		"fontsize" : 12,
		"legacytextcolor" : 1,
		"textcolor" : [ 0.101961, 0.121569, 0.172549, 1 ],
		"textoncolor" : [ 0.101961, 0.121569, 0.172549, 1 ],
		"textovercolor" : [ 0.101961, 0.121569, 0.172549, 1 ],
		"usebgoncolor" : 1,
		"usetextovercolor" : 1
	}
,
	"doubleclick" : 	{
		"patching_rect" : [ 71, 57, 72, 14 ],
		"hidden" : 0,
		"bgcolor" : [ 0.568627, 0.619608, 0.662745, 1 ],
		"bgoncolor" : [ 0.921569, 0.94902, 0.05098, 1 ],
		"fontsize" : 12,
		"legacytextcolor" : 1,
		"textcolor" : [ 0.101961, 0.121569, 0.172549, 1 ],
		"textoncolor" : [ 0.101961, 0.121569, 0.172549, 1 ],
		"textovercolor" : [ 0.101961, 0.121569, 0.172549, 1 ],
		"usebgoncolor" : 1,
		"usetextovercolor" : 1
	}
,
	"metro_min" : 	{
		"patching_rect" : [ 4, 73, 138, 16 ],
		"hidden" : 0,
		"bgcolor" : [ 1, 1, 1, 1 ],
		"bordercolor" : [ 0.5, 0.5, 0.5, 1 ],
		"fontsize" : 12,
		"labelcolor" : [ 0, 0, 0, 1 ],
		"selectcolor" : [ 0.45, 0.67, 1, 0.47 ],
		"slidercolor" : [ 0, 0, 0, 1 ],
		"slidercolornofocus" : [ 0.48, 0.48, 0.48, 0.55 ],
		"textcolor" : [ 0, 0, 0, 1 ],
		"textcolornofocus" : [ 0.48, 0.48, 0.48, 0.79 ]
	}
,
	"metro_max" : 	{
		"patching_rect" : [ 4, 88, 138, 16 ],
		"hidden" : 0,
		"bgcolor" : [ 1, 1, 1, 1 ],
		"bordercolor" : [ 0.5, 0.5, 0.5, 1 ],
		"fontsize" : 12,
		"labelcolor" : [ 0, 0, 0, 1 ],
		"selectcolor" : [ 0.45, 0.67, 1, 0.47 ],
		"slidercolor" : [ 0, 0, 0, 1 ],
		"slidercolornofocus" : [ 0.48, 0.48, 0.48, 0.55 ],
		"textcolor" : [ 0, 0, 0, 1 ],
		"textcolornofocus" : [ 0.48, 0.48, 0.48, 0.79 ]
	}

}
