{
	"window" : [ 88, 375, 521, 455 ],
	"multinumerator" : 	{
		"patching_rect" : [ 103, 19, 25, 20 ],
		"hidden" : 0,
		"bgcolor" : [ 0.2, 0.2, 0.2, 0 ],
		"fontsize" : 10,
		"htricolor" : [ 0.922234290352602, 0.71007200526417, 0.329758341965716, 1 ],
		"textcolor" : [ 0, 0, 0, 1 ],
		"tricolor" : [ 0.458595350062755, 0.458595237564901, 0.458595266962388, 1 ]
	}
,
	"multidenominator" : 	{
		"patching_rect" : [ 142, 19, 25, 20 ],
		"hidden" : 0,
		"bgcolor" : [ 0.2, 0.2, 0.2, 0 ],
		"fontsize" : 10,
		"htricolor" : [ 0.922234290352602, 0.71007200526417, 0.329758341965716, 1 ],
		"textcolor" : [ 0, 0, 0, 1 ],
		"tricolor" : [ 0.458595350062755, 0.458595237564901, 0.458595266962388, 1 ]
	}
,
	"steps" : 	{
		"patching_rect" : [ 52, 41, 54, 20 ],
		"hidden" : 0,
		"bgcolor" : [ 1, 1, 1, 1 ],
		"bordercolor" : [ 0.5, 0.5, 0.5, 1 ],
		"fontsize" : 10,
		"labelcolor" : [ 0, 0, 0, 1 ],
		"selectcolor" : [ 0.45, 0.67, 1, 0.47 ],
		"slidercolor" : [ 0.960784, 0.827451, 0.156863, 1 ],
		"slidercolornofocus" : [ 0.48, 0.48, 0.48, 0.55 ],
		"textcolor" : [ 0, 0, 0, 1 ],
		"textcolornofocus" : [ 0, 0, 0, 0.79 ]
	}
,
	"playMode" : 	{
		"patching_rect" : [ 28, 41, 23, 20 ],
		"hidden" : 0,
		"applycolors" : 0,
		"bgfillcolor" : 		{
			"type" : "color",
			"color1" : [ 0.376470588235294, 0.384313725490196, 0.4, 1.0 ],
			"color2" : [ 0.290196078431373, 0.309803921568627, 0.301960784313725, 1.0 ],
			"color" : [ 0.2, 0.2, 0.2, 1 ],
			"angle" : 270.0,
			"proportion" : 0.39
		}
,
		"color" : [ 0.618934978328545, 0.744701397656435, 0.953750108255376, 1 ],
		"elementcolor" : [ 0.221327066888467, 0.221327006361825, 0.221327022178404, 1 ],
		"fontsize" : 10,
		"textcolor" : [ 0.9, 0.9, 0.9, 1 ]
	}
,
	"def" : 	{
		"patching_rect" : [ 193, 41, 21, 20 ],
		"hidden" : 0,
		"bgcolor" : [ 0.125, 0.125, 0.125, 1 ],
		"bgoncolor" : [ 0.221327066888467, 0.221327006361825, 0.221327022178404, 1 ],
		"fontsize" : 10,
		"legacytextcolor" : 0,
		"textcolor" : [ 0.458595350062755, 0.458595237564901, 0.458595266962388, 1 ],
		"textoncolor" : [ 0.618934978328545, 0.744701397656435, 0.953750108255376, 1 ],
		"textovercolor" : [ 0.922234290352602, 0.71007200526417, 0.329758341965716, 1 ],
		"usebgoncolor" : 0,
		"usetextovercolor" : 0
	}
,
	"playpause" : 	{
		"patching_rect" : [ 1, 41, 24.798828125, 19.171875 ],
		"hidden" : 0,
		"bgcolor" : [ 0, 0.670588235294118, 0.737254901960784, 1 ],
		"bgoncolor" : [ 0.996078431372549, 0, 0, 1 ],
		"fontsize" : 10,
		"legacytextcolor" : 0,
		"textcolor" : [ 0, 0, 0, 1 ],
		"textoncolor" : [ 0.618934978328545, 0.744701397656435, 0.953750108255376, 1 ],
		"textovercolor" : [ 0.922234290352602, 0.71007200526417, 0.329758341965716, 1 ],
		"usebgoncolor" : 1,
		"usetextovercolor" : 0
	}
,
	"timingVarNeg" : 	{
		"patching_rect" : [ 242, 41, 64, 10 ],
		"hidden" : 0,
		"bgcolor" : [ 0.011764705882353, 0.396078431372549, 0.752941176470588, 1 ],
		"bordercolor" : [ 0.5, 0.5, 0.5, 1 ],
		"fontsize" : 10,
		"labelcolor" : [ 0, 0, 0, 1 ],
		"selectcolor" : [ 0.45, 0.67, 1, 0.47 ],
		"slidercolor" : [ 0.996078431372549, 0.996078431372549, 0.996078431372549, 1 ],
		"slidercolornofocus" : [ 0.48, 0.48, 0.48, 0.55 ],
		"textcolor" : [ 0, 0, 0, 1 ],
		"textcolornofocus" : [ 0, 0, 0, 0.79 ]
	}
,
	"timingVarPos" : 	{
		"patching_rect" : [ 242, 51, 64, 10 ],
		"hidden" : 0,
		"bgcolor" : [ 0.996078431372549, 0.996078431372549, 0.996078431372549, 1 ],
		"bordercolor" : [ 0.5, 0.5, 0.5, 1 ],
		"fontsize" : 10,
		"labelcolor" : [ 0, 0, 0, 1 ],
		"selectcolor" : [ 0.45, 0.67, 1, 0.47 ],
		"slidercolor" : [ 0.011764705882353, 0.396078431372549, 0.752941176470588, 1 ],
		"slidercolornofocus" : [ 0.48, 0.48, 0.48, 0.55 ],
		"textcolor" : [ 0, 0, 0, 1 ],
		"textcolornofocus" : [ 0, 0, 0, 0.79 ]
	}
,
	"phase" : 	{
		"patching_rect" : [ 107, 41, 85, 20 ],
		"hidden" : 0,
		"bgcolor" : [ 1, 1, 1, 1 ],
		"bordercolor" : [ 0.5, 0.5, 0.5, 1 ],
		"fontsize" : 10,
		"labelcolor" : [ 0, 0, 0, 1 ],
		"selectcolor" : [ 0.45, 0.67, 1, 0.47 ],
		"slidercolor" : [ 0.317647, 0.654902, 0.976471, 1 ],
		"slidercolornofocus" : [ 0.48, 0.48, 0.48, 0.55 ],
		"textcolor" : [ 0, 0, 0, 1 ],
		"textcolornofocus" : [ 0, 0, 0, 0.79 ]
	}
,
	"period" : 	{
		"patching_rect" : [ 1, 19, 100, 20 ],
		"hidden" : 0,
		"bgcolor" : [ 1, 1, 1, 1 ],
		"bordercolor" : [ 0.5, 0.5, 0.5, 1 ],
		"fontsize" : 10,
		"labelcolor" : [ 0, 0, 0, 1 ],
		"selectcolor" : [ 0, 0.670588235294118, 0.737254901960784, 1 ],
		"slidercolor" : [ 0.960784, 0.827451, 0.156863, 1 ],
		"slidercolornofocus" : [ 0.48, 0.48, 0.48, 0.55 ],
		"textcolor" : [ 0, 0, 0, 1 ],
		"textcolornofocus" : [ 0, 0, 0, 0.79 ]
	}
,
	"multiply" : 	{
		"patching_rect" : [ 159, 19, 75.258818041000353, 20 ],
		"hidden" : 0,
		"bgcolor" : [ 1, 1, 1, 1 ],
		"bordercolor" : [ 0.5, 0.5, 0.5, 1 ],
		"fontsize" : 10,
		"labelcolor" : [ 0, 0, 0, 1 ],
		"selectcolor" : [ 0.45, 0.67, 1, 0.47 ],
		"slidercolor" : [ 0.960784, 0.827451, 0.156863, 1 ],
		"slidercolornofocus" : [ 0.48, 0.48, 0.48, 0.55 ],
		"textcolor" : [ 0, 0, 0, 1 ],
		"textcolornofocus" : [ 0, 0, 0, 0.79 ]
	}
,
	"syncto" : 	{
		"patching_rect" : [ 236, 19, 120, 20 ],
		"hidden" : 0,
		"applycolors" : 0,
		"bgfillcolor" : 		{
			"type" : "color",
			"color1" : [ 0.376471, 0.384314, 0.4, 1.0 ],
			"color2" : [ 0.290196, 0.309804, 0.301961, 1.0 ],
			"color" : [ 0.96078431372549, 0.827450980392157, 0.156862745098039, 1.0 ],
			"angle" : 270.0,
			"autogradient" : 0.0,
			"proportion" : 0.39
		}
,
		"color" : [ 0.618934978328545, 0.744701397656435, 0.953750108255376, 1 ],
		"elementcolor" : [ 0.221327066888467, 0.221327006361825, 0.221327022178404, 1 ],
		"fontsize" : 10,
		"textcolor" : [ 0, 0, 0, 1 ]
	}
,
	"stepmatrix" : 	{
		"patching_rect" : [ 0, 61, 432, 18 ],
		"hidden" : 0,
		"amountcolor" : [ 0.18, 1, 0.63, 0.25 ],
		"bgstepcolor" : [ 0.09782765023003, 0.097827613875914, 0.09782762332443, 1 ],
		"bgstepcolor2" : [ 0.279471418544607, 0.279471350143365, 0.279471368104493, 1 ],
		"bordercolor" : [ 0.09782765023003, 0.097827613875914, 0.09782762332443, 1 ],
		"bordercolor2" : [ 0.09782765023003, 0.097827613875914, 0.09782762332443, 1 ],
		"directioncolor" : [ 0.85, 0.85, 0.85, 1 ],
		"freezecolor" : [ 0.18, 0.63, 1, 0.25 ],
		"hbgcolor" : [ 0.996078431372549, 0, 0, 0.4 ],
		"stepcolor" : [ 0.996078431372549, 0.996078431372549, 0.996078431372549, 1 ]
	}
,
	"cv_params" : 	{
		"patching_rect" : [ 216, 41, 24, 20 ],
		"hidden" : 0,
		"bgcolor" : [ 1, 1, 1, 1 ],
		"bordercolor" : [ 0.5, 0.5, 0.5, 1 ],
		"fontsize" : 10,
		"labelcolor" : [ 0, 0, 0, 1 ],
		"selectcolor" : [ 0.45, 0.67, 1, 0.47 ],
		"slidercolor" : [ 0.960784, 0.827451, 0.156863, 1 ],
		"slidercolornofocus" : [ 0.48, 0.48, 0.48, 0.55 ],
		"textcolor" : [ 0, 0, 0, 1 ],
		"textcolornofocus" : [ 0, 0, 0, 0.79 ]
	}
,
	"groovemode" : 	{
		"patching_rect" : [ 360, 19, 73, 20 ],
		"hidden" : 0,
		"bgcolor" : [ 0.96078431372549, 0.827450980392157, 0.156862745098039, 1 ],
		"bgoncolor" : [ 0, 0, 0, 1 ],
		"fontsize" : 10,
		"legacytextcolor" : 0,
		"textcolor" : [ 0, 0, 0, 1 ],
		"textoncolor" : [ 0.96078431372549, 0.827450980392157, 0.156862745098039, 1 ],
		"textovercolor" : [ 0.922234290352602, 0.71007200526417, 0.329758341965716, 1 ],
		"usebgoncolor" : 1,
		"usetextovercolor" : 0
	}
,
	"preset-ramp" : 	{
		"patching_rect" : [ 345, 1, 87.617841958999634, 16 ],
		"hidden" : 0,
		"bgcolor" : [ 1, 1, 1, 1 ],
		"bordercolor" : [ 0.5, 0.5, 0.5, 1 ],
		"fontsize" : 14,
		"labelcolor" : [ 0, 0, 0, 1 ],
		"selectcolor" : [ 0.45, 0.67, 1, 0.47 ],
		"slidercolor" : [ 0, 0, 0, 1 ],
		"slidercolornofocus" : [ 0.48, 0.48, 0.48, 0.55 ],
		"textcolor" : [ 0, 0, 0, 1 ],
		"textcolornofocus" : [ 0.48, 0.48, 0.48, 0.79 ]
	}
,
	"presets" : 	{
		"patching_rect" : [ 60, 1, 289, 16 ],
		"hidden" : 0,
		"jsarguments" : [ 16, "255 255 255", "50 50 50", "255 0 0", "0 255 0" ]
	}
,
	"trig-act" : 	{
		"patching_rect" : [ 307, 41, 62, 20 ],
		"hidden" : 0,
		"applycolors" : 0,
		"bgfillcolor" : 		{
			"type" : "color",
			"color1" : [ 0.301961, 0.301961, 0.301961, 1.0 ],