{
	"window" : [ 97, 289, 270, 356 ],
	"presets" : 	{
		"patching_rect" : [ 116, 0, 57, 15 ],
		"hidden" : 0,
		"jsarguments" : [ 13, "255 255 255", "50 50 50", "255 0 0", "0 255 0", "INmulti1" ]
	}
,
	"gains" : 	{
		"patching_rect" : [ 43, 33, 130, 34 ],
		"hidden" : 0,
		"bgcolor" : [ 0.72156862745098, 0.72156862745098, 0.72156862745098, 0.929411764705882 ],
		"bordercolor" : [ 0, 0, 0, 1 ],
		"fontsize" : 16,
		"labelcolor" : [ 0, 0, 0, 1 ],
		"selectcolor" : [ 0.45, 0.67, 1, 0.47 ],
		"slidercolor" : [ 0.137254901960784, 0.443137254901961, 0.776470588235294, 1 ],
		"slidercolornofocus" : [ 0.964706, 0.964706, 0.964706, 1 ],
		"textcolor" : [ 0, 0, 0, 1 ],
		"textcolornofocus" : [ 0.94902, 0.94902, 0.94902, 0.956863 ]
	}
,
	"meter" : 	{
		"patching_rect" : [ 44, 33, 130, 39 ],
		"hidden" : 0,
		"bgcolor" : [ 0.156862745098039, 0.156862745098039, 0.156862745098039, 0 ],
		"coldcolor" : [ 0.047058823529412, 0.972549019607843, 0.392156862745098, 0.3 ],
		"hotcolor" : [ 1, 0.756862745098039, 0.03921568627451, 0.28 ],
		"inactivecoldcolor" : [ 0.509804, 0.509804, 0.509804, 1 ],
		"inactivewarmcolor" : [ 0.584314, 0.584314, 0.584314, 1 ],
		"overloadcolor" : [ 1, 0.03921568627451, 0.03921568627451, 0.32 ],
		"warmcolor" : [ 0.764705882352941, 0.972549019607843, 0.392156862745098, 0.28 ]
	}
,
	"gain_ramp" : 	{
		"patching_rect" : [ 56, 0, 60, 16 ],
		"hidden" : 0,
		"bgcolor" : [ 1, 1, 1, 1 ],
		"bordercolor" : [ 0.5, 0.5, 0.5, 1 ],
		"fontsize" : 12,
		"labelcolor" : [ 0.556862745098039, 0.556862745098039, 0.556862745098039, 0.67 ],
		"selectcolor" : [ 0.45, 0.67, 1, 0.47 ],
		"slidercolor" : [ 0, 0, 0, 1 ],
		"slidercolornofocus" : [ 0.48, 0.48, 0.48, 0.55 ],
		"textcolor" : [ 0, 0, 0, 1 ],
		"textcolornofocus" : [ 0.48, 0.48, 0.48, 0.79 ]
	}
,
	"chans" : 	{
		"patching_rect" : [ 1, 16, 33, 17 ],
		"hidden" : 0,
		"bgcolor" : [ 1, 1, 1, 1 ],
		"bordercolor" : [ 0.5, 0.5, 0.5, 1 ],
		"fontsize" : 12,
		"labelcolor" : [ 0, 0, 0, 1 ],
		"selectcolor" : [ 0.45, 0.67, 1, 0.47 ],
		"slidercolor" : [ 0, 0, 0, 1 ],
		"slidercolornofocus" : [ 0.48, 0.48, 0.48, 0.55 ],
		"textcolor" : [ 0, 0, 0, 1 ],
		"textcolornofocus" : [ 0.48, 0.48, 0.48, 0.79 ]
	}
,
	"1st2all" : 	{
		"patching_rect" : [ 35, 16, 16, 17 ],
		"hidden" : 0,
		"bgcolor" : [ 0.698039, 0.698039, 0.698039, 1 ],
		"bgoncolor" : [ 1, 0.039216, 0.392157, 1 ],
		"fontsize" : 11,
		"legacytextcolor" : 1,
		"textcolor" : [ 0.941176, 0.098039, 0.098039, 1 ],
		"textoncolor" : [ 1, 1, 1, 1 ],
		"textovercolor" : [ 1, 0.039216, 0.392157, 1 ],
		"usebgoncolor" : 1,
		"usetextovercolor" : 1
	}
,
	"inputs_mapping" : 	{
		"patching_rect" : [ 1, 33, 45, 34 ],
		"hidden" : 0,
		"bgcolor" : [ 0.407843137254902, 0.407843137254902, 0.890196078431372, 0.929411764705882 ],
		"bordercolor" : [ 0, 0, 0, 1 ],
		"fontsize" : 16,
		"labelcolor" : [ 0, 0, 0, 1 ],
		"selectcolor" : [ 0.45, 0.67, 1, 0.47 ],
		"slidercolor" : [ 0, 0, 0, 1 ],
		"slidercolornofocus" : [ 0.964706, 0.964706, 0.964706, 1 ],
		"textcolor" : [ 0, 0, 0, 1 ],
		"textcolornofocus" : [ 0.94902, 0.94902, 0.94902, 0.956863 ]
	}
,
	"ll.blues" : 	{
		"patching_rect" : [ 52, 16, 121, 17 ],
		"hidden" : 0,
		"accentcolor" : [ 0.458595350062755, 0.458595237564901, 0.458595266962388, 1 ],
		"bgcolor" : [ 0.125, 0.125, 0.125, 1 ],
		"bgfillcolor" : 		{
			"type" : "gradient",
			"color1" : [ 0.172137149796092, 0.172137100044002, 0.172137113045018, 1 ],
			"color2" : [ 0.172137149796092, 0.172137100044002, 0.172137113045018, 1 ],
			"color" : [ 0.172137149796092, 0.172137100044002, 0.172137113045018, 1 ]
		}
,
		"bubble_bgcolor" : [ 0.235, 0.235, 0.235, 1 ],
		"bubble_outlinecolor" : [ 0.85, 0.85, 0.85, 1 ],
		"clearcolor" : [ 1, 1, 1, 0 ],
		"color" : [ 0.618934978328545, 0.744701397656435, 0.953750108255376, 1 ],
		"editing_bgcolor" : [ 0.235, 0.235, 0.235, 1 ],
		"elementcolor" : [ 0.221327066888467, 0.221327006361825, 0.221327022178404, 1 ],
		"fontsize" : 12,
		"locked_bgcolor" : [ 0.235, 0.235, 0.235, 1 ],
		"patchlinecolor" : [ 0.447518749806177, 0.44751863973454, 0.447518668498017, 1 ],
		"selectioncolor" : [ 0.922234290352602, 0.71007200526417, 0.329758341965716, 1 ],
		"stripecolor" : [ 0.172137149796092, 0.172137100044002, 0.172137113045018, 1 ],
		"syntax_attrargcolor" : [ 0.987719444392034, 0.772809765725725, 0.723525810589731, 1 ],
		"syntax_attributecolor" : [ 0.574681917362067, 0.746730429372804, 1, 1 ],
		"syntax_objargcolor" : [ 0.9, 0.9, 0.9, 1 ],
		"syntax_objectcolor" : [ 0.956590352327427, 0.76614891786161, 0.452834090916593, 1 ],
		"textcolor" : [ 0.85, 0.85, 0.85, 1 ],
		"textcolor_inverse" : [ 0.9, 0.9, 0.9, 1 ]
	}

}
