{
	"window" : [ 609, 411, 768, 649 ],
	"preset-ramp" : 	{
		"patching_rect" : [ 83, 0, 75, 16 ],
		"hidden" : 0,
		"bgcolor" : [ 1, 1, 1, 1 ],
		"bordercolor" : [ 0.5, 0.5, 0.5, 1 ],
		"fontsize" : 14,
		"labelcolor" : [ 0, 0, 0, 1 ],
		"selectcolor" : [ 0.45, 0.67, 1, 0.47 ],
		"slidercolor" : [ 0, 0, 0, 1 ],
		"slidercolornofocus" : [ 0.48, 0.48, 0.48, 0.55 ],
		"textcolor" : [ 0, 0, 0, 1 ],
		"textcolornofocus" : [ 0.48, 0.48, 0.48, 0.79 ]
	}
,
	"presets" : 	{
		"patching_rect" : [ 2, 16, 155, 15 ],
		"hidden" : 0,
		"jsarguments" : [ 13, "255 255 255", "50 50 50", "255 0 0", "0 255 0", "delayloops1" ]
	}
,
	"del1_feedback" : 	{
		"patching_rect" : [ 0, 50, 159, 17 ],
		"hidden" : 0,
		"bgcolor" : [ 1, 0.862745, 0.862745, 1 ],
		"drawoffcolor" : 1,
		"elementcolor" : [ 0.221327066888467, 0.221327006361825, 0.221327022178404, 1 ],
		"knobcolor" : [ 0.031373, 0.94902, 0.262745, 1 ]
	}
,
	"del1_gain" : 	{
		"patching_rect" : [ 0, 66, 112, 17 ],
		"hidden" : 0,
		"bgcolor" : [ 1, 0.862745, 0.862745, 1 ],
		"drawoffcolor" : 1,
		"elementcolor" : [ 0.221327066888467, 0.221327006361825, 0.221327022178404, 1 ],
		"knobcolor" : [ 0.247059, 0.243137, 0.941176, 1 ]
	}
,
	"del1_pan" : 	{
		"patching_rect" : [ 112, 66, 47, 17 ],
		"hidden" : 0,
		"bgcolor" : [ 0.247059, 0.243137, 0.941176, 1 ],
		"drawoffcolor" : 1,
		"elementcolor" : [ 0.221327066888467, 0.221327006361825, 0.221327022178404, 1 ],
		"knobcolor" : [ 1, 0.862745, 0.862745, 1 ]
	}
,
	"del2_feedback" : 	{
		"patching_rect" : [ 0, 100, 159, 17 ],
		"hidden" : 0,
		"bgcolor" : [ 0.952941, 0.984314, 0.682353, 1 ],
		"drawoffcolor" : 1,
		"elementcolor" : [ 0.221327066888467, 0.221327006361825, 0.221327022178404, 1 ],
		"knobcolor" : [ 0.031373, 0.94902, 0.262745, 1 ]
	}
,
	"del2_gain" : 	{
		"patching_rect" : [ 0, 116, 112, 17 ],
		"hidden" : 0,
		"bgcolor" : [ 0.952941, 0.984314, 0.682353, 1 ],
		"drawoffcolor" : 1,
		"elementcolor" : [ 0.221327066888467, 0.221327006361825, 0.221327022178404, 1 ],
		"knobcolor" : [ 0.247059, 0.243137, 0.941176, 1 ]
	}
,
	"del2_pan" : 	{
		"patching_rect" : [ 112, 116, 47, 17 ],
		"hidden" : 0,
		"bgcolor" : [ 0.247059, 0.243137, 0.941176, 1 ],
		"drawoffcolor" : 1,
		"elementcolor" : [ 0.221327066888467, 0.221327006361825, 0.221327022178404, 1 ],
		"knobcolor" : [ 0.952941, 0.984314, 0.682353, 1 ]
	}
,
	"del3_feedback" : 	{
		"patching_rect" : [ 1, 150, 159, 17 ],
		"hidden" : 0,
		"bgcolor" : [ 0.756863, 1, 0.741176, 1 ],
		"drawoffcolor" : 1,
		"elementcolor" : [ 0.221327066888467, 0.221327006361825, 0.221327022178404, 1 ],
		"knobcolor" : [ 0.031373, 0.94902, 0.262745, 1 ]
	}
,
	"del3_gain" : 	{
		"patching_rect" : [ 0, 166, 112, 17 ],
		"hidden" : 0,
		"bgcolor" : [ 0.756863, 1, 0.741176, 1 ],
		"drawoffcolor" : 1,
		"elementcolor" : [ 0.221327066888467, 0.221327006361825, 0.221327022178404, 1 ],
		"knobcolor" : [ 0.247059, 0.243137, 0.941176, 1 ]
	}
,
	"del3_pan" : 	{
		"patching_rect" : [ 112, 166, 47, 17 ],
		"hidden" : 0,
		"bgcolor" : [ 0.247059, 0.243137, 0.941176, 1 ],
		"drawoffcolor" : 1,
		"elementcolor" : [ 0.221327066888467, 0.221327006361825, 0.221327022178404, 1 ],
		"knobcolor" : [ 0.756863, 1, 0.741176, 1 ]
	}
,
	"ll.blues" : 	{
		"patching_rect" : [ 0, 185, 159, 53 ],
		"hidden" : 0,
		"accentcolor" : [ 0.458595350062755, 0.458595237564901, 0.458595266962388, 1 ],
		"bgcolor" : [ 0.125, 0.125, 0.125, 1 ],
		"bgfillcolor" : 		{
			"type" : "gradient",
			"color1" : [ 0.172137149796092, 0.172137100044002, 0.172137113045018, 1 ],
			"color2" : [ 0.172137149796092, 0.172137100044002, 0.172137113045018, 1 ],
			"color" : [ 0.172137149796092, 0.172137100044002, 0.172137113045018, 1 ]
		}
,
		"bubble_bgcolor" : [ 0.235, 0.235, 0.235, 1 ],
		"bubble_outlinecolor" : [ 0.85, 0.85, 0.85, 1 ],
		"clearcolor" : [ 1, 1, 1, 0 ],
		"color" : [ 0.618934978328545, 0.744701397656435, 0.953750108255376, 1 ],
		"editing_bgcolor" : [ 0.235, 0.235, 0.235, 1 ],
		"elementcolor" : [ 0.221327066888467, 0.221327006361825, 0.221327022178404, 1 ],
		"fontsize" : 12,
		"locked_bgcolor" : [ 0.235, 0.235, 0.235, 1 ],
		"patchlinecolor" : [ 0.447518749806177, 0.44751863973454, 0.447518668498017, 1 ],
		"selectioncolor" : [ 0.922234290352602, 0.71007200526417, 0.329758341965716, 1 ],
		"stripecolor" : [ 0.172137149796092, 0.172137100044002, 0.172137113045018, 1 ],
		"syntax_attrargcolor" : [ 0.987719444392034, 0.772809765725725, 0.723525810589731, 1 ],
		"syntax_attributecolor" : [ 0.574681917362067, 0.746730429372804, 1, 1 ],
		"syntax_objargcolor" : [ 0.9, 0.9, 0.9, 1 ],
		"syntax_objectcolor" : [ 0.956590352327427, 0.76614891786161, 0.452834090916593, 1 ],
		"textcolor" : [ 0.85, 0.85, 0.85, 1 ],
		"textcolor_inverse" : [ 0.9, 0.9, 0.9, 1 ]
	}
,
	"del1" : 	{
		"patching_rect" : [ 0, 33, 159, 17 ],
		"hidden" : 0,
		"bgcolor" : [ 1, 0.862745, 0.862745, 1 ],
		"bordercolor" : [ 0.5, 0.5, 0.5, 1 ],
		"fontsize" : 14,
		"labelcolor" : [ 0, 0, 0, 1 ],
		"selectcolor" : [ 0.45, 0.67, 1, 0.47 ],
		"slidercolor" : [ 0, 0, 0, 1 ],
		"slidercolornofocus" : [ 0.48, 0.48, 0.48, 0.55 ],
		"textcolor" : [ 0, 0, 0, 1 ],
		"textcolornofocus" : [ 0.48, 0.48, 0.48, 0.79 ]
	}
,
	"del2" : 	{
		"patching_rect" : [ 0, 83, 159, 17 ],
		"hidden" : 0,
		"bgcolor" : [ 0.952941, 0.984314, 0.682353, 1 ],
		"bordercolor" : [ 0.5, 0.5, 0.5, 1 ],
		"fontsize" : 14,
		"labelcolor" : [ 0, 0, 0, 1 ],
		"selectcolor" : [ 0.45, 0.67, 1, 0.47 ],
		"slidercolor" : [ 0, 0, 0, 1 ],
		"slidercolornofocus" : [ 0.48, 0.48, 0.48, 0.55 ],
		"textcolor" : [ 0, 0, 0, 1 ],
		"textcolornofocus" : [ 0.48, 0.48, 0.48, 0.79 ]
	}
,
	"del3" : 	{
		"patching_rect" : [ 0, 133, 159, 17 ],
		"hidden" : 0,
		"bgcolor" : [ 0.756863, 1, 0.741176, 1 ],
		"bordercolor" : [ 0.5, 0.5, 0.5, 1 ],
		"fontsize" : 14,
		"labelcolor" : [ 0, 0, 0, 1 ],
		"selectcolor" : [ 0.45, 0.67, 1, 0.47 ],
		"slidercolor" : [ 0, 0, 0, 1 ],
		"slidercolornofocus" : [ 0.48, 0.48, 0.48, 0.55 ],
		"textcolor" : [ 0, 0, 0, 1 ],
		"textcolornofocus" : [ 0.48, 0.48, 0.48, 0.79 ]
	}

}
