{
	"window" : [ 763, 193, 948, 471 ],
	"lookup" : 	{
		"patching_rect" : [ 0, 147, 30, 20 ],
		"hidden" : 0,
		"applycolors" : 0,
		"bgfillcolor" : 		{
			"type" : "color",
			"color1" : [ 0.376471, 0.384314, 0.4, 1.0 ],
			"color2" : [ 0.290196, 0.309804, 0.301961, 1.0 ],
			"color" : [ 1.0, 1.0, 1.0, 1.0 ],
			"angle" : 270.0,
			"proportion" : 0.39
		}
,
		"color" : [ 0.807843, 0.898039, 0.909804, 1 ],
		"elementcolor" : [ 0.34902, 0.34902, 0.34902, 1 ],
		"fontsize" : 10,
		"textcolor" : [ 0.15, 0.15, 0.15, 1 ]
	}
,
	"ll.blues" : 	{
		"patching_rect" : [ 0, 186, 182, 53 ],
		"hidden" : 0,
		"accentcolor" : [ 0.501961, 0.501961, 0.501961, 1 ],
		"bgcolor" : [ 0.2, 0.2, 0.2, 1 ],
		"bgfillcolor" : 		{
			"type" : "gradient",
			"color1" : [ 0.301961, 0.301961, 0.301961, 1 ],
			"color2" : [ 0.2, 0.2, 0.2, 1 ],
			"color" : [ 0.2, 0.2, 0.2, 1 ]
		}
,
		"bubble_bgcolor" : [ 1, 1, 1, 1 ],
		"bubble_outlinecolor" : [ 0.75, 0.75, 0.75, 1 ],
		"clearcolor" : [ 1, 1, 1, 0 ],
		"color" : [ 0.807843, 0.898039, 0.909804, 1 ],
		"editing_bgcolor" : [ 0.898039, 0.898039, 0.898039, 1 ],
		"elementcolor" : [ 0.34902, 0.34902, 0.34902, 1 ],
		"fontsize" : 12,
		"locked_bgcolor" : [ 0.898039, 0.898039, 0.898039, 1 ],
		"patchlinecolor" : [ 0.701961, 0.701961, 0.701961, 1 ],
		"selectioncolor" : [ 0.929412, 0.929412, 0.352941, 1 ],
		"stripecolor" : [ 0.243137, 0.243137, 0.243137, 1 ],
		"syntax_attrargcolor" : [ 0.957225892867809, 0.783146530584338, 0.743095786922995, 1 ],
		"syntax_attributecolor" : [ 0.618934978328545, 0.744701397656435, 0.953750108255376, 1 ],
		"syntax_objargcolor" : [ 0.9, 0.9, 0.9, 1 ],
		"syntax_objectcolor" : [ 0.931948395395052, 0.771744459193783, 0.523883756405412, 1 ],
		"textcolor" : [ 0.129412, 0.129412, 0.129412, 1 ],
		"textcolor_inverse" : [ 0.968627, 0.968627, 0.968627, 1 ]
	}
,
	"preset-ramp" : 	{
		"patching_rect" : [ 0, 63, 60, 14 ],
		"hidden" : 0,
		"bgcolor" : [ 1, 1, 1, 1 ],
		"bordercolor" : [ 0.5, 0.5, 0.5, 1 ],
		"fontsize" : 13,
		"labelcolor" : [ 0, 0, 0, 1 ],
		"selectcolor" : [ 0.45, 0.67, 1, 0.47 ],
		"slidercolor" : [ 0, 0, 0, 1 ],
		"slidercolornofocus" : [ 0.48, 0.48, 0.48, 0.55 ],
		"textcolor" : [ 0, 0, 0, 1 ],
		"textcolornofocus" : [ 0.48, 0.48, 0.48, 0.79 ]
	}
,
	"presets" : 	{
		"patching_rect" : [ 0, 33, 61, 31 ],
		"hidden" : 0,
		"jsarguments" : 9
	}
,
	"pitchmenu" : 	{
		"patching_rect" : [ 13, 90, 35, 20 ],
		"hidden" : 0,
		"applycolors" : 0,
		"bgfillcolor" : 		{
			"type" : "color",
			"color1" : [ 0.376471, 0.384314, 0.4, 1.0 ],
			"color2" : [ 0.290196, 0.309804, 0.301961, 1.0 ],
			"color" : [ 1.0, 0.360784, 0.682353, 1.0 ],
			"angle" : 270.0,
			"proportion" : 0.39
		}
,
		"color" : [ 0.807843, 0.898039, 0.909804, 1 ],
		"elementcolor" : [ 0.34902, 0.34902, 0.34902, 1 ],
		"fontsize" : 10,
		"textcolor" : [ 0.121569, 0.121569, 0.121569, 1 ]
	}
,
	"env-scale" : 	{
		"patching_rect" : [ 45, 0, 111, 14 ],
		"hidden" : 0,
		"bgcolor" : [ 1, 1, 1, 1 ],
		"peakcolor" : [ 0.498039, 0.498039, 0.498039, 1 ],
		"slidercolor" : [ 0, 0, 0, 1 ]
	}
,
	"0pitch" : 	{
		"patching_rect" : [ -1, 91, 16, 19 ],
		"hidden" : 0,
		"bgfillcolor" : 		{
			"type" : "gradient",
			"color1" : [ 1.0, 0.360784, 0.682353, 1.0 ],
			"color2" : [ 0.867, 0.867, 0.867, 1.0 ],
			"color" : [ 0.290196, 0.309804, 0.301961, 1.0 ],
			"angle" : 270.0,
			"autogradient" : 0.79,
			"proportion" : 0.39
		}
,
		"fontsize" : 9,
		"textcolor" : [ 0, 0, 0, 1 ]
	}
,
	"length/end" : 	{
		"patching_rect" : [ 120, 16, 49, 20 ],
		"hidden" : 0,
		"applycolors" : 0,
		"bgfillcolor" : 		{
			"type" : "color",
			"color1" : [ 0.376471, 0.384314, 0.4, 1.0 ],
			"color2" : [ 0.290196, 0.309804, 0.301961, 1.0 ],
			"color" : [ 0.29, 0.69, 0.369, 1.0 ],
			"angle" : 270.0,
			"proportion" : 0.39,
			"autogradient" : 0.0
		}
,
		"color" : [ 0.807843, 0.898039, 0.909804, 1 ],
		"elementcolor" : [ 0.34902, 0.34902, 0.34902, 1 ],
		"fontsize" : 10,
		"textcolor" : [ 0.121569, 0.121569, 0.121569, 1 ]
	}
,
	"buffer" : 	{
		"patching_rect" : [ 0, 165, 60, 21 ],
		"hidden" : 0,
		"applycolors" : 0,
		"bgfillcolor" : 		{
			"type" : "color",
			"color1" : [ 0.376471, 0.384314, 0.4, 1.0 ],
			"color2" : [ 0.290196, 0.309804, 0.301961, 1.0 ],
			"color" : [ 1.0, 0.419608, 0.419608, 1.0 ],
			"angle" : 270.0,
			"proportion" : 0.39
		}
,
		"color" : [ 0.807843, 0.898039, 0.909804, 1 ],
		"elementcolor" : [ 0.34902, 0.34902, 0.34902, 1 ],
		"fontsize" : 11,
		"textcolor" : [ 0.121569, 0.121569, 0.121569, 1 ]
	}
,
	"play-mode" : 	{
		"patching_rect" : [ 0, 16, 60, 20 ],
		"hidden" : 0,
		"applycolors" : 0,
		"bgfillcolor" : 		{
			"type" : "color",
			"color1" : [ 0.376471, 0.384314, 0.4, 1.0 ],
			"color2" : [ 0.290196, 0.309804, 0.301961, 1.0 ],
			"color" : [ 1.0, 0.419608, 0.419608, 1.0 ],
			"angle" : 270.0,
			"proportion" : 0.39
		}
,
		"color" : [ 0.807843, 0.898039, 0.909804, 1 ],
		"elementcolor" : [ 0.34902, 0.34902, 0.34902, 1 ],
		"fontsize" : 10,
		"textcolor" : [ 0.121569, 0.121569, 0.121569, 1 ]
	}
,
	"ubumenu" : 	{
		"patching_rect" : [ 59, 16, 63, 20 ],
		"hidden" : 0,
		"applycolors" : 0,
		"bgfillcolor" : 		{
			"type" : "color",
			"color1" : [ 0.376471, 0.384314, 0.4, 1.0 ],
			"color2" : [ 0.290196, 0.309804, 0.301961, 1.0 ],
			"color" : [ 0.4, 0.4, 0.8, 1.0 ],
			"angle" : 270.0,
			"proportion" : 0.39
		}
,
		"color" : [ 0.807843, 0.898039, 0.909804, 1 ],
		"elementcolor" : [ 0.34902, 0.34902, 0.34902, 1 ],
		"fontsize" : 10,
		"textcolor" : [ 0.121569, 0.121569, 0.121569, 1 ]
	}
,
	"start_rel" : 	{
		"patching_rect" : [ 454, 442, 35, 19 ],
		"hidden" : 1,
		"bgcolor" : [ 0.866667, 0.866667, 0.866667, 1 ],
		"fontsize" : 9,
		"htricolor" : [ 0.87, 0.82, 0.24, 1 ],
		"textcolor" : [ 0, 0, 0, 1 ],
		"tricolor" : [ 0.75, 0.75, 0.75, 1 ]
	}
,
	"length_rel" : 	{
		"patching_rect" : [ 454, 463, 35, 19 ],
		"hidden" : 1,
		"bgcolor" : [ 0.866667, 0.866667, 0.866667, 1 ],
		"fontsize" : 9,
		"htricolor" : [ 0.87, 0.82, 0.24, 1 ],
		"textcolor" : [ 0, 0, 0, 1 ],
		"tricolor" : [ 0.75, 0.75, 0.75, 1 ]
	}
,
	"env_marker" : 	{
		"patching_rect" : [ 65, 0, 21, 20 ],
		"hidden" : 0,
		"bgcolor" : [ 1, 1, 1, 0 ],
		"bubble_bgcolor" : [ 1, 1, 1, 1 ],
		"bubble_outlinecolor" : [ 0.75, 0.75, 0.75, 1 ],
		"bubbleusescolors" : 0,
		"fontsize" : 14,
		"textcolor" : [ 0.666667, 0.666667, 0.666667, 1 ]
	}
,
	"on/off" : 	{
		"patching_rect" : [ 0, 118, 25, 20 ],
		"hidden" : 0,
		"bgcolor" : [ 0.75, 0.75, 0.75, 1 ],
		"bgoncolor" : [ 0.752941, 0.023529, 0.247059, 1 ],
		"fontsize" : 11,
		"legacytextcolor" : 1,
		"textcolor" : [ 0.752941, 0.023529, 0.247059, 1 ],
		"textoncolor" : [ 0.870588, 0.819608, 0.239216, 1 ],
		"textovercolor" : [ 0.752941, 0.023529, 0.247059, 1 ],
		"usebgoncolor" : 1,
		"usetextovercolor" : 1
	}
,
	"ext~vol" : 	{
		"patching_rect" : [ 23, 118, 25, 20 ],
		"hidden" : 0,
		"bgcolor" : [ 0.75, 0.75, 0.75, 1 ],
		"bgoncolor" : [ 0.752941, 0.023529, 0.247059, 1 ],
		"fontsize" : 12,
		"legacytextcolor" : 1,
		"textcolor" : [ 0.752941, 0.023529, 0.247059, 1 ],
		"textoncolor" : [ 0.870588, 0.819608, 0.239216, 1 ],
		"textovercolor" : [ 0.752941, 0.023529, 0.247059, 1 ],
		"usebgoncolor" : 1,
		"usetextovercolor" : 1
	}
,
	"oneshot" : 	{
		"patching_rect" : [ 0, 138, 29, 13 ],
		"hidden" : 0,
		"bgcolor" : [ 0.75, 0.75, 0.75, 1 ],
		"bgoncolor" : [ 0.878431, 0.92549, 0, 1 ],
		"fontsize" : 11,
		"legacytextcolor" : 1,
		"textcolor" : [ 0.752941, 0.023529, 0.247059, 1 ],
		"textoncolor" : [ 0, 0, 0, 1 ],
		"textovercolor" : [ 0.752941, 0.023529, 0.247059, 1 ],
		"usebgoncolor" : 1,
		"usetextovercolor" : 1
	}
,
	"oneshot_trigger" : 	{
		"patching_rect" : [ 29, 138, 17, 14 ],
		"hidden" : 0,
		"bgcolor" : [ 0.556863, 0.556863, 0.556863, 1 ],
		"bgoncolor" : [ 0.55, 0.55, 0.55, 1 ],
		"fontsize" : 11,
		"legacytextcolor" : 1,
		"textcolor" : [ 1, 1, 1, 1 ],
		"textoncolor" : [ 1, 1, 1, 1 ],
		"textovercolor" : [ 0, 0, 0, 1 ],
		"usebgoncolor" : 1,
		"usetextovercolor" : 1
	}
,
	"ramp2pitch" : 	{
		"patching_rect" : [ 0, 106, 33, 13 ],