{
    "window": [ 504, 214, 834, 476 ],
    "act": {
        "patching_rect": [ 0, 0, 49.021484375, 16 ],
        "hidden": 0,
        "fontsize": 12
    },
    "function": {
        "patching_rect": [ 0, 57, 330, 205 ],
        "hidden": 0,
        "bgcolor": [ 0.125, 0.125, 0.125, 1 ],
        "fontsize": 12,
        "gridcolor": [ 0.221327066888467, 0.221327006361825, 0.221327022178404, 1 ],
        "linecolor": [ 0.618934978328545, 0.744701397656435, 0.953750108255376, 1 ],
        "textcolor": [ 0.9, 0.9, 0.9, 1 ]
    },
    "chans": {
        "patching_rect": [ 0, 17, 55, 20 ],
        "hidden": 0,
        "bgcolor": [ 0.388235294117647, 0.654901960784314, 0.870588235294118, 1 ],
        "bordercolor": [ 0.5, 0.5, 0.5, 1 ],
        "fontsize": 12,
        "labelcolor": [ 0, 0, 0, 1 ],
        "selectcolor": [ 0.45, 0.67, 1, 0.47 ],
        "slidercolor": [ 0, 0, 0, 1 ],
        "slidercolornofocus": [ 0.48, 0.48, 0.48, 0.55 ],
        "textcolor": [ 0, 0, 0, 1 ],
        "textcolornofocus": [ 0.48, 0.48, 0.48, 0.79 ]
    },
    "env-length": {
        "patching_rect": [ 55, 17, 80, 20 ],
        "hidden": 0,
        "bgcolor": [ 0.862745, 0.470588, 0.470588, 1 ],
        "bordercolor": [ 0, 0, 0, 1 ],
        "fontsize": 12,
        "labelcolor": [ 0, 0, 0, 1 ],
        "selectcolor": [ 0.45, 0.67, 1, 0.47 ],
        "slidercolor": [ 0, 0, 0, 1 ],
        "slidercolornofocus": [ 1, 1, 1, 1 ],
        "textcolor": [ 0, 0, 0, 1 ],
        "textcolornofocus": [ 1, 1, 1, 1 ]
    },
    "presets": {
        "patching_rect": [ 168, 0, 136, 16 ],
        "hidden": 0,
        "jsarguments": [ 14, "255 255 255", "50 50 50", "255 0 0", "0 255 0", "envMM1" ]
    },
    "cellblock": {
        "patching_rect": [ 0, 37, 330, 20 ],
        "hidden": 0,
        "bgcolor": [ 1, 1, 1, 1 ],
        "bordercolor": [ 0.5, 0.5, 0.5, 1 ],
        "fgcolor": [ 0, 0, 0, 1 ],
        "fontsize": 10,
        "gridlinecolor": [ 0.5, 0.5, 0.5, 1 ],
        "hcellcolor": [ 0.82, 0.82, 0.9, 1 ],
        "headercolor": [ 0.7, 0.7, 0.7, 1 ],
        "sccolor": [ 1, 1, 1, 1 ],
        "sgcolor": [ 0.96, 0.96, 0.98, 1 ],
        "stcolor": [ 0.8, 0.8, 0.9, 1 ],
        "textcolor": [ 0, 0, 0, 1 ]
    },
    "trigger": {
        "patching_rect": [ 136.5, 16, 55, 20 ],
        "hidden": 0,
        "bgcolor": [ 0.388235294117647, 0.654901960784314, 0.870588235294118, 1 ],
        "bordercolor": [ 0.5, 0.5, 0.5, 1 ],
        "fontsize": 12,
        "labelcolor": [ 0, 0, 0, 1 ],
        "selectcolor": [ 0.45, 0.67, 1, 0.47 ],
        "slidercolor": [ 0, 0, 0, 1 ],
        "slidercolornofocus": [ 0.48, 0.48, 0.48, 0.55 ],
        "textcolor": [ 0, 0, 0, 1 ],
        "textcolornofocus": [ 0.48, 0.48, 0.48, 0.79 ]
    },
    "loop": {
        "patching_rect": [ 193.5, 16, 38.5, 20 ],
        "hidden": 0,
        "bgcolor": [ 0.698039, 0.698039, 0.698039, 1 ],
        "bgoncolor": [ 1, 0.039216, 0.392157, 1 ],
        "fontsize": 11,
        "legacytextcolor": 1,
        "textcolor": [ 0.941176, 0.098039, 0.098039, 1 ],
        "textoncolor": [ 1, 1, 1, 1 ],
        "textovercolor": [ 1, 0.039216, 0.392157, 1 ],
        "usebgoncolor": 1,
        "usetextovercolor": 1
    },
    "ll.blues": {
        "patching_rect": [ 49, 0, 120, 16 ],
        "hidden": 0,
        "fontsize": 12
    }
}