{
    "window": [ 357, 107, 965, 479 ],
    "act": {
        "patching_rect": [ 0, 0, 112.373046875, 16 ],
        "hidden": 0
    },
    "toni": {
        "patching_rect": [ 50, 63, 50, 22 ],
        "hidden": 0,
        "bgcolor": [ 0.125, 0.125, 0.125, 1 ],
        "fontsize": 12,
        "htricolor": [ 0.922234290352602, 0.71007200526417, 0.329758341965716, 1 ],
        "textcolor": [ 0.9, 0.9, 0.9, 1 ],
        "tricolor": [ 0.458595350062755, 0.458595237564901, 0.458595266962388, 1 ]
    }
}