{
	"window" : [ 556, 53, 1056, 513 ],
	"preset-ramp" : 	{
		"patching_rect" : [ 149, 16, 50, 16 ],
		"hidden" : 0,
		"bgcolor" : [ 1, 1, 1, 1 ],
		"bordercolor" : [ 0.5, 0.5, 0.5, 1 ],
		"fontsize" : 12,
		"labelcolor" : [ 0, 0, 0, 1 ],
		"selectcolor" : [ 0.45, 0.67, 1, 0.47 ],
		"slidercolor" : [ 0, 0, 0, 1 ],
		"slidercolornofocus" : [ 0.48, 0.48, 0.48, 0.55 ],
		"textcolor" : [ 0, 0, 0, 1 ],
		"textcolornofocus" : [ 0.48, 0.48, 0.48, 0.79 ]
	}
,
	"presets" : 	{
		"patching_rect" : [ 63, 0, 136, 16 ],
		"hidden" : 0,
		"jsarguments" : [ 14, "255 255 255", "50 50 50", "255 0 0", "0 255 0", "envMM1" ]
	}
,
	"lcd" : 	{
		"patching_rect" : [ 0, 60, 500, 400 ],
		"hidden" : 0
	}
,
	"metro_min" : 	{
		"patching_rect" : [ 125, 30, 39, 19 ],
		"hidden" : 0,
		"bgcolor" : [ 0.866667, 0.866667, 0.866667, 1 ],
		"fontsize" : 9,
		"htricolor" : [ 0.87, 0.82, 0.24, 1 ],
		"textcolor" : [ 0, 0, 0, 1 ],
		"tricolor" : [ 0.75, 0.75, 0.75, 1 ]
	}
,
	"dump_funnel" : 	{
		"patching_rect" : [ 735, 531, 135.5, 19 ],
		"hidden" : 1
	}
,
	"metro_max" : 	{
		"patching_rect" : [ 162, 30, 39, 19 ],
		"hidden" : 0,
		"bgcolor" : [ 0.866667, 0.866667, 0.866667, 1 ],
		"fontsize" : 9,
		"htricolor" : [ 0.87, 0.82, 0.24, 1 ],
		"textcolor" : [ 0, 0, 0, 1 ],
		"tricolor" : [ 0.75, 0.75, 0.75, 1 ]
	}
,
	"bang_funnel" : 	{
		"patching_rect" : [ 735, 453, 135.5, 19 ],
		"hidden" : 1
	}
,
	"metro-on" : 	{
		"patching_rect" : [ 90, 30, 36, 15 ],
		"hidden" : 0,
		"bgcolor" : [ 0.698039, 0.698039, 0.698039, 1 ],
		"bgoncolor" : [ 1, 0.039216, 0.392157, 1 ],
		"fontsize" : 11,
		"legacytextcolor" : 1,
		"textcolor" : [ 0.941176, 0.098039, 0.098039, 1 ],
		"textoncolor" : [ 1, 1, 1, 1 ],
		"textovercolor" : [ 1, 0.039216, 0.392157, 1 ],
		"usebgoncolor" : 1,
		"usetextovercolor" : 1
	}
,
	"trigger" : 	{
		"patching_rect" : [ 1, 30, 15, 15 ],
		"hidden" : 0,
		"bgcolor" : [ 0.698039, 0.698039, 0.698039, 1 ],
		"bgoncolor" : [ 1, 0.039216, 0.392157, 1 ],
		"fontsize" : 11,
		"legacytextcolor" : 1,
		"textcolor" : [ 0.941176, 0.098039, 0.098039, 1 ],
		"textoncolor" : [ 1, 1, 1, 1 ],
		"textovercolor" : [ 1, 0.039216, 0.392157, 1 ],
		"usebgoncolor" : 1,
		"usetextovercolor" : 1
	}
,
	"tile" : 	{
		"patching_rect" : [ 39, 45, 20, 15 ],
		"hidden" : 0,
		"activebgcolor" : [ 0.235, 0.235, 0.235, 1 ],
		"activeslidercolor" : [ 0.594473705410263, 0.720560630419913, 0.928309050695498, 1 ],
		"activetricolor" : [ 0.261531128329206, 0.261531061881087, 0.261531079296546, 1 ],
		"activetricolor2" : [ 0.618934978328545, 0.744701397656435, 0.953750108255376, 1 ],
		"bordercolor" : [ 0.09782765023003, 0.097827613875914, 0.09782762332443, 1 ],
		"focusbordercolor" : [ 0.447518749806177, 0.44751863973454, 0.447518668498017, 1 ],
		"fontsize" : 9.5,
		"inactivelcdcolor" : [ 0.325, 0.325, 0.325, 1 ],
		"lcdbgcolor" : [ 0.079348079365577, 0.07934804057877, 0.079348050547289, 1 ],
		"lcdcolor" : [ 0.931948395395052, 0.771744459193783, 0.523883756405412, 1 ],
		"textcolor" : [ 0.85, 0.85, 0.85, 1 ],
		"tricolor" : [ 0.57636836783545, 0.576368229540612, 0.576368265679262, 1 ],
		"tricolor2" : [ 0.261531128329206, 0.261531061881087, 0.261531079296546, 1 ]
	}
,
	"size_y" : 	{
		"patching_rect" : [ 81, 45, 26, 15 ],
		"hidden" : 0,
		"activebgcolor" : [ 0.235, 0.235, 0.235, 1 ],
		"activeslidercolor" : [ 0.594473705410263, 0.720560630419913, 0.928309050695498, 1 ],
		"activetricolor" : [ 0.261531128329206, 0.261531061881087, 0.261531079296546, 1 ],
		"activetricolor2" : [ 0.618934978328545, 0.744701397656435, 0.953750108255376, 1 ],
		"bordercolor" : [ 0.09782765023003, 0.097827613875914, 0.09782762332443, 1 ],
		"focusbordercolor" : [ 0.447518749806177, 0.44751863973454, 0.447518668498017, 1 ],
		"fontsize" : 9.5,
		"inactivelcdcolor" : [ 0.325, 0.325, 0.325, 1 ],
		"lcdbgcolor" : [ 0.079348079365577, 0.07934804057877, 0.079348050547289, 1 ],
		"lcdcolor" : [ 0.931948395395052, 0.771744459193783, 0.523883756405412, 1 ],
		"textcolor" : [ 0.85, 0.85, 0.85, 1 ],
		"tricolor" : [ 0.57636836783545, 0.576368229540612, 0.576368265679262, 1 ],
		"tricolor2" : [ 0.261531128329206, 0.261531061881087, 0.261531079296546, 1 ]
	}
,
	"amount" : 	{
		"patching_rect" : [ 1, 45, 20, 15 ],
		"hidden" : 0,
		"activebgcolor" : [ 0.235, 0.235, 0.235, 1 ],
		"activeslidercolor" : [ 0.594473705410263, 0.720560630419913, 0.928309050695498, 1 ],
		"activetricolor" : [ 0.261531128329206, 0.261531061881087, 0.261531079296546, 1 ],
		"activetricolor2" : [ 0.618934978328545, 0.744701397656435, 0.953750108255376, 1 ],
		"bordercolor" : [ 0.09782765023003, 0.097827613875914, 0.09782762332443, 1 ],
		"focusbordercolor" : [ 0.447518749806177, 0.44751863973454, 0.447518668498017, 1 ],
		"fontsize" : 9.5,
		"inactivelcdcolor" : [ 0.325, 0.325, 0.325, 1 ],
		"lcdbgcolor" : [ 0.079348079365577, 0.07934804057877, 0.079348050547289, 1 ],
		"lcdcolor" : [ 0.931948395395052, 0.771744459193783, 0.523883756405412, 1 ],
		"textcolor" : [ 0.85, 0.85, 0.85, 1 ],
		"tricolor" : [ 0.57636836783545, 0.576368229540612, 0.576368265679262, 1 ],
		"tricolor2" : [ 0.261531128329206, 0.261531061881087, 0.261531079296546, 1 ]
	}
,
	"select_env" : 	{
		"patching_rect" : [ 21, 45, 20, 15 ],
		"hidden" : 1,
		"activebgcolor" : [ 0.235, 0.235, 0.235, 1 ],
		"activeslidercolor" : [ 0.594473705410263, 0.720560630419913, 0.928309050695498, 1 ],
		"activetricolor" : [ 0.261531128329206, 0.261531061881087, 0.261531079296546, 1 ],
		"activetricolor2" : [ 0.618934978328545, 0.744701397656435, 0.953750108255376, 1 ],
		"bordercolor" : [ 0.09782765023003, 0.097827613875914, 0.09782762332443, 1 ],
		"focusbordercolor" : [ 0.447518749806177, 0.44751863973454, 0.447518668498017, 1 ],
		"fontsize" : 9.5,
		"inactivelcdcolor" : [ 0.325, 0.325, 0.325, 1 ],
		"lcdbgcolor" : [ 0.079348079365577, 0.07934804057877, 0.079348050547289, 1 ],
		"lcdcolor" : [ 0.931948395395052, 0.771744459193783, 0.523883756405412, 1 ],
		"textcolor" : [ 0.85, 0.85, 0.85, 1 ],
		"tricolor" : [ 0.57636836783545, 0.576368229540612, 0.576368265679262, 1 ],
		"tricolor2" : [ 0.261531128329206, 0.261531061881087, 0.261531079296546, 1 ]
	}
,
	"def" : 	{
		"patching_rect" : [ 172, 46, 27, 15 ],
		"hidden" : 0,
		"bgcolor" : [ 0.698039, 0.698039, 0.698039, 1 ],
		"bgoncolor" : [ 1, 0.039216, 0.392157, 1 ],
		"fontsize" : 11,
		"legacytextcolor" : 1,
		"textcolor" : [ 0.941176, 0.098039, 0.098039, 1 ],
		"textoncolor" : [ 1, 1, 1, 1 ],
		"textovercolor" : [ 1, 0.039216, 0.392157, 1 ],
		"usebgoncolor" : 1,
		"usetextovercolor" : 1
	}
,
	"selection" : 	{
		"patching_rect" : [ 79, 16, 70, 15 ],
		"hidden" : 0,
		"bgcolor" : [ 1, 0.470588, 0.078431, 1 ],
		"peakcolor" : [ 0.221327066888467, 0.221327006361825, 0.221327022178404, 1 ],
		"slidercolor" : [ 0.980392, 0.321569, 0.321569, 1 ]
	}
,
	"trigger_sel" : 	{
		"patching_rect" : [ 17, 30, 38, 15 ],
		"hidden" : 0,
		"bgcolor" : [ 0.698039, 0.698039, 0.698039, 1 ],
		"bgoncolor" : [ 1, 0.039216, 0.392157, 1 ],
		"fontsize" : 11,
		"legacytextcolor" : 1,
		"textcolor" : [ 0.941176, 0.098039, 0.098039, 1 ],
		"textoncolor" : [ 1, 1, 1, 1 ],
		"textovercolor" : [ 1, 0.039216, 0.392157, 1 ],
		"usebgoncolor" : 1,
		"usetextovercolor" : 1
	}
,
	"trigger_nr" : 	{
		"patching_rect" : [ 65, 29, 26, 19 ],
		"hidden" : 0,
		"bgcolor" : [ 0.866667, 0.866667, 0.866667, 1 ],
		"fontsize" : 9,
		"htricolor" : [ 0.87, 0.82, 0.24, 1 ],
		"textcolor" : [ 0, 0, 0, 1 ],
		"tricolor" : [ 0.75, 0.75, 0.75, 1 ]
	}
,
	"bang_nr" : 	{
		"patching_rect" : [ 53, 30, 14, 14 ],
		"hidden" : 0,
		"bgcolor" : [ 0.125, 0.125, 0.125, 1 ],
		"blinkcolor" : [ 0.618934978328545, 0.744701397656435, 0.953750108255376, 1 ],
		"outlinecolor" : [ 0.221327066888467, 0.221327006361825, 0.221327022178404, 1 ]
	}
,
	"loop" : 	{
		"patching_rect" : [ 107, 46, 64, 13 ],
		"hidden" : 0,
		"bgcolor" : [ 1, 1, 1, 0 ],
		"colorselectedtext" : 0,
		"fontsize" : 10,
		"htabcolor" : [ 0.618934978328545, 0.744701397656435, 0.953750108255376, 1 ],