{
	"window" : [ 328, 587, 771, 758 ],
	"preset-ramp" : 	{
		"patching_rect" : [ 371, 0, 72, 17 ],
		"hidden" : 0,
		"bgcolor" : [ 1, 1, 1, 1 ],
		"bordercolor" : [ 0.5, 0.5, 0.5, 1 ],
		"fontsize" : 15,
		"labelcolor" : [ 0, 0, 0, 1 ],
		"selectcolor" : [ 0.45, 0.67, 1, 0.47 ],
		"slidercolor" : [ 0, 0, 0, 1 ],
		"slidercolornofocus" : [ 0.48, 0.48, 0.48, 0.55 ],
		"textcolor" : [ 0, 0, 0, 1 ],
		"textcolornofocus" : [ 0.48, 0.48, 0.48, 0.79 ]
	}
,
	"presets" : 	{
		"patching_rect" : [ 51, 0, 321, 17 ],
		"hidden" : 0,
		"jsarguments" : [ 15, "255 255 255", "50 50 50", "255 0 0", "0 255 0", "paf@1" ]
	}
,
	"fundamental_freq" : 	{
		"patching_rect" : [ 0, 17, 254, 22 ],
		"hidden" : 0,
		"bgcolor" : [ 0.278431, 0.27451, 0.941176, 1 ],
		"bordercolor" : [ 0, 0, 0, 1 ],
		"fontsize" : 15,
		"labelcolor" : [ 0, 0, 0, 1 ],
		"selectcolor" : [ 0.45098, 1, 0.533333, 0.470588 ],
		"slidercolor" : [ 0, 0, 0, 1 ],
		"slidercolornofocus" : [ 0.615686, 0.615686, 0.615686, 1 ],
		"textcolor" : [ 0, 0, 0, 1 ],
		"textcolornofocus" : [ 0.717647, 0.717647, 0.717647, 1 ]
	}
,
	"fundamental_freq_ramp" : 	{
		"patching_rect" : [ 313, 17, 130, 22 ],
		"hidden" : 0,
		"bgcolor" : [ 0.278431, 0.27451, 0.941176, 1 ],
		"bordercolor" : [ 0, 0, 0, 1 ],
		"fontsize" : 15,
		"labelcolor" : [ 0, 0, 0, 1 ],
		"selectcolor" : [ 0.45098, 1, 0.533333, 0.470588 ],
		"slidercolor" : [ 0, 0, 0, 1 ],
		"slidercolornofocus" : [ 0.615686, 0.615686, 0.615686, 1 ],
		"textcolor" : [ 0, 0, 0, 1 ],
		"textcolornofocus" : [ 0.717647, 0.717647, 0.717647, 1 ]
	}
,
	"center_freq" : 	{
		"patching_rect" : [ 0, 38, 254, 22 ],
		"hidden" : 0,
		"bgcolor" : [ 0.941176, 0.27451, 0.87451, 1 ],
		"bordercolor" : [ 0, 0, 0, 1 ],
		"fontsize" : 15,
		"labelcolor" : [ 0, 0, 0, 1 ],
		"selectcolor" : [ 0.45098, 1, 0.533333, 0.470588 ],
		"slidercolor" : [ 0, 0, 0, 1 ],
		"slidercolornofocus" : [ 0.615686, 0.615686, 0.615686, 1 ],
		"textcolor" : [ 0, 0, 0, 1 ],
		"textcolornofocus" : [ 0.717647, 0.717647, 0.717647, 1 ]
	}
,
	"center_freq_ramp" : 	{
		"patching_rect" : [ 313, 38, 130, 22 ],
		"hidden" : 0,
		"bgcolor" : [ 0.941176, 0.27451, 0.87451, 1 ],
		"bordercolor" : [ 0, 0, 0, 1 ],
		"fontsize" : 15,
		"labelcolor" : [ 0, 0, 0, 1 ],
		"selectcolor" : [ 0.45098, 1, 0.533333, 0.470588 ],
		"slidercolor" : [ 0, 0, 0, 1 ],
		"slidercolornofocus" : [ 0.615686, 0.615686, 0.615686, 1 ],
		"textcolor" : [ 0, 0, 0, 1 ],
		"textcolornofocus" : [ 0.717647, 0.717647, 0.717647, 1 ]
	}
,
	"bandwidth" : 	{
		"patching_rect" : [ 0, 59, 254, 22 ],
		"hidden" : 0,
		"bgcolor" : [ 0.941176, 0.27451, 0.341176, 1 ],
		"bordercolor" : [ 0, 0, 0, 1 ],
		"fontsize" : 15,
		"labelcolor" : [ 0, 0, 0, 1 ],
		"selectcolor" : [ 0.45098, 1, 0.533333, 0.470588 ],
		"slidercolor" : [ 0, 0, 0, 1 ],
		"slidercolornofocus" : [ 0.615686, 0.615686, 0.615686, 1 ],
		"textcolor" : [ 0, 0, 0, 1 ],
		"textcolornofocus" : [ 0.717647, 0.717647, 0.717647, 1 ]
	}
,
	"bandwidth_ramp" : 	{
		"patching_rect" : [ 313, 59, 130, 22 ],
		"hidden" : 0,
		"bgcolor" : [ 0.941176, 0.27451, 0.341176, 1 ],
		"bordercolor" : [ 0, 0, 0, 1 ],
		"fontsize" : 15,
		"labelcolor" : [ 0, 0, 0, 1 ],
		"selectcolor" : [ 0.45098, 1, 0.533333, 0.470588 ],
		"slidercolor" : [ 0, 0, 0, 1 ],
		"slidercolornofocus" : [ 0.615686, 0.615686, 0.615686, 1 ],
		"textcolor" : [ 0, 0, 0, 1 ],
		"textcolornofocus" : [ 0.717647, 0.717647, 0.717647, 1 ]
	}
,
	"vibrato_depth" : 	{
		"patching_rect" : [ 0, 80, 254, 22 ],
		"hidden" : 0,
		"bgcolor" : [ 0.576471, 0.576471, 0.576471, 1 ],
		"bordercolor" : [ 0, 0, 0, 1 ],
		"fontsize" : 15,
		"labelcolor" : [ 0, 0, 0, 1 ],
		"selectcolor" : [ 0.45098, 1, 0.533333, 0.470588 ],
		"slidercolor" : [ 0, 0, 0, 1 ],
		"slidercolornofocus" : [ 0.615686, 0.615686, 0.615686, 1 ],
		"textcolor" : [ 0, 0, 0, 1 ],
		"textcolornofocus" : [ 0.717647, 0.717647, 0.717647, 1 ]
	}
,
	"vibrato_depth_ramp" : 	{
		"patching_rect" : [ 313, 80, 130, 22 ],
		"hidden" : 0,
		"bgcolor" : [ 0.576471, 0.576471, 0.576471, 1 ],
		"bordercolor" : [ 0, 0, 0, 1 ],
		"fontsize" : 15,
		"labelcolor" : [ 0, 0, 0, 1 ],
		"selectcolor" : [ 0.45098, 1, 0.533333, 0.470588 ],
		"slidercolor" : [ 0, 0, 0, 1 ],
		"slidercolornofocus" : [ 0.615686, 0.615686, 0.615686, 1 ],
		"textcolor" : [ 0, 0, 0, 1 ],
		"textcolornofocus" : [ 0.717647, 0.717647, 0.717647, 1 ]
	}
,
	"vibrato_freq" : 	{
		"patching_rect" : [ 0, 101, 254, 22 ],
		"hidden" : 0,
		"bgcolor" : [ 0.431373, 0.431373, 0.431373, 1 ],
		"bordercolor" : [ 0, 0, 0, 1 ],
		"fontsize" : 15,
		"labelcolor" : [ 0, 0, 0, 1 ],
		"selectcolor" : [ 0.45098, 1, 0.533333, 0.470588 ],
		"slidercolor" : [ 0, 0, 0, 1 ],
		"slidercolornofocus" : [ 0.615686, 0.615686, 0.615686, 1 ],
		"textcolor" : [ 0, 0, 0, 1 ],
		"textcolornofocus" : [ 0.717647, 0.717647, 0.717647, 1 ]
	}
,
	"vibrato_freq_ramp" : 	{
		"patching_rect" : [ 313, 101, 130, 22 ],
		"hidden" : 0,
		"bgcolor" : [ 0.431373, 0.431373, 0.431373, 1 ],
		"bordercolor" : [ 0, 0, 0, 1 ],
		"fontsize" : 15,
		"labelcolor" : [ 0, 0, 0, 1 ],
		"selectcolor" : [ 0.45098, 1, 0.533333, 0.470588 ],
		"slidercolor" : [ 0, 0, 0, 1 ],
		"slidercolornofocus" : [ 0.615686, 0.615686, 0.615686, 1 ],
		"textcolor" : [ 0, 0, 0, 1 ],
		"textcolornofocus" : [ 0.717647, 0.717647, 0.717647, 1 ]
	}
,
	"shift" : 	{
		"patching_rect" : [ 0, 122, 254, 22 ],
		"hidden" : 0,
		"bgcolor" : [ 0.639216, 0.458824, 0.070588, 1 ],
		"bordercolor" : [ 0, 0, 0, 1 ],
		"fontsize" : 15,
		"labelcolor" : [ 0, 0, 0, 1 ],
		"selectcolor" : [ 0.45098, 1, 0.533333, 0.470588 ],
		"slidercolor" : [ 0, 0, 0, 1 ],
		"slidercolornofocus" : [ 0.615686, 0.615686, 0.615686, 1 ],
		"textcolor" : [ 0, 0, 0, 1 ],
		"textcolornofocus" : [ 0.717647, 0.717647, 0.717647, 1 ]
	}
,
	"shift_ramp" : 	{
		"patching_rect" : [ 313, 122, 130, 22 ],
		"hidden" : 0,
		"bgcolor" : [ 0.639216, 0.458824, 0.070588, 1 ],
		"bordercolor" : [ 0, 0, 0, 1 ],
		"fontsize" : 15,
		"labelcolor" : [ 0, 0, 0, 1 ],
		"selectcolor" : [ 0.45098, 1, 0.533333, 0.470588 ],
		"slidercolor" : [ 0, 0, 0, 1 ],
		"slidercolornofocus" : [ 0.615686, 0.615686, 0.615686, 1 ],
		"textcolor" : [ 0, 0, 0, 1 ],
		"textcolornofocus" : [ 0.717647, 0.717647, 0.717647, 1 ]
	}
,
	"ll.blues" : 	{
		"patching_rect" : [ 1, 144, 442, 27 ],
		"hidden" : 0,
		"accentcolor" : [ 0.458595350062755, 0.458595237564901, 0.458595266962388, 1 ],
		"bgcolor" : [ 0.125, 0.125, 0.125, 1 ],
		"bgfillcolor" : 		{
			"type" : "gradient",
			"color1" : [ 0.172137149796092, 0.172137100044002, 0.172137113045018, 1 ],
			"color2" : [ 0.172137149796092, 0.172137100044002, 0.172137113045018, 1 ],
			"color" : [ 0.172137149796092, 0.172137100044002, 0.172137113045018, 1 ]
		}
,
		"bubble_bgcolor" : [ 0.235, 0.235, 0.235, 1 ],
		"bubble_outlinecolor" : [ 0.85, 0.85, 0.85, 1 ],
		"clearcolor" : [ 1, 1, 1, 0 ],
		"color" : [ 0.618934978328545, 0.744701397656435, 0.953750108255376, 1 ],
		"editing_bgcolor" : [ 0.235, 0.235, 0.235, 1 ],
		"elementcolor" : [ 0.221327066888467, 0.221327006361825, 0.221327022178404, 1 ],
		"fontsize" : 12,
		"locked_bgcolor" : [ 0.235, 0.235, 0.235, 1 ],
		"patchlinecolor" : [ 0.447518749806177, 0.44751863973454, 0.447518668498017, 1 ],
		"selectioncolor" : [ 0.922234290352602, 0.71007200526417, 0.329758341965716, 1 ],
		"stripecolor" : [ 0.172137149796092, 0.172137100044002, 0.172137113045018, 1 ],
		"syntax_attrargcolor" : [ 0.987719444392034, 0.772809765725725, 0.723525810589731, 1 ],
		"syntax_attributecolor" : [ 0.574681917362067, 0.746730429372804, 1, 1 ],
		"syntax_objargcolor" : [ 0.9, 0.9, 0.9, 1 ],
		"syntax_objectcolor" : [ 0.956590352327427, 0.76614891786161, 0.452834090916593, 1 ],
		"textcolor" : [ 0.85, 0.85, 0.85, 1 ],
		"textcolor_inverse" : [ 0.9, 0.9, 0.9, 1 ]
	}
,
	"fundamental_freq_mcspread" : 	{
		"patching_rect" : [ 253, 17, 61, 22 ],
		"hidden" : 0,
		"bgcolor" : [ 0.278431, 0.27451, 0.941176, 1 ],
		"bordercolor" : [ 0, 0, 0, 1 ],
		"fontsize" : 15,
		"labelcolor" : [ 0, 0, 0, 1 ],
		"selectcolor" : [ 0.45098, 1, 0.533333, 0.470588 ],