{
	"window" : [ 431, 200, 701, 367 ],
	"filtergraph_1" : 	{
		"patching_rect" : [ -1, 82, 267, 82 ],
		"hidden" : 0,
		"bgcolor" : [ 0.819608, 0.819608, 0.819608, 0 ],
		"curvecolor" : [ 0.439216, 0.74902, 0.254902, 1 ],
		"fontsize" : 9,
		"hcurvecolor" : [ 1, 0.086275, 0.086275, 1 ],
		"markercolor" : [ 0.509804, 0.509804, 0.509804, 1 ],
		"textcolor" : [ 0, 0, 0, 1 ]
	}
,
	"presets" : 	{
		"patching_rect" : [ 117, 0, 151, 17 ],
		"hidden" : 0,
		"jsarguments" : [ 14, "255 255 255", "50 50 50", "255 0 0", "0 255 0", "wrapfilter1" ]
	}
,
	"edit_filter" : 	{
		"patching_rect" : [ 94, -1, 24, 20 ],
		"hidden" : 0,
		"bgcolor" : [ 0.945098, 0.913725, 0.407843, 1 ],
		"fontsize" : 10,
		"htricolor" : [ 0.87, 0.82, 0.24, 1 ],
		"textcolor" : [ 0, 0, 0, 1 ],
		"tricolor" : [ 0.75, 0.75, 0.75, 1 ]
	}
,
	"filtergraph_2" : 	{
		"patching_rect" : [ -1, 82, 267, 82 ],
		"hidden" : 0,
		"bgcolor" : [ 0.819608, 0.819608, 0.819608, 0 ],
		"curvecolor" : [ 0.439216, 0.74902, 0.254902, 1 ],
		"fontsize" : 9,
		"hcurvecolor" : [ 1, 0.086275, 0.086275, 1 ],
		"markercolor" : [ 0.509804, 0.509804, 0.509804, 1 ],
		"textcolor" : [ 0, 0, 0, 1 ]
	}
,
	"filtergraph_3" : 	{
		"patching_rect" : [ -1, 82, 267, 82 ],
		"hidden" : 0,
		"bgcolor" : [ 0.819608, 0.819608, 0.819608, 0 ],
		"curvecolor" : [ 0.439216, 0.74902, 0.254902, 1 ],
		"fontsize" : 9,
		"hcurvecolor" : [ 1, 0.086275, 0.086275, 1 ],
		"markercolor" : [ 0.509804, 0.509804, 0.509804, 1 ],
		"textcolor" : [ 0, 0, 0, 1 ]
	}
,
	"filtergraph_4" : 	{
		"patching_rect" : [ -1, 82, 267, 82 ],
		"hidden" : 0,
		"bgcolor" : [ 0.513726, 0, 0.023529, 0 ],
		"curvecolor" : [ 0.439216, 0.74902, 0.254902, 1 ],
		"fontsize" : 9,
		"hcurvecolor" : [ 1, 0.086275, 0.086275, 1 ],
		"markercolor" : [ 0.509804, 0.509804, 0.509804, 1 ],
		"textcolor" : [ 1, 1, 1, 1 ]
	}
,
	"listen" : 	{
		"patching_rect" : [ 250, 16, 18, 66 ],
		"hidden" : 0,
		"activecolor" : [ 0.618934978328545, 0.744701397656435, 0.953750108255376, 1 ],
		"bgcolor" : [ 0.125, 0.125, 0.125, 1 ],
		"elementcolor" : [ 0.221327066888467, 0.221327006361825, 0.221327022178404, 1 ]
	}
,
	"freqs" : 	{
		"patching_rect" : [ 0, 16, 92, 66 ],
		"hidden" : 0,
		"bgcolor" : [ 0.392157, 0.384314, 0.384314, 1 ],
		"bordercolor" : [ 0, 0, 0, 1 ],
		"fontsize" : 15,
		"labelcolor" : [ 0.607843, 0.607843, 0.607843, 1 ],
		"selectcolor" : [ 0.45, 0.67, 1, 0.47 ],
		"slidercolor" : [ 0, 0, 0, 1 ],
		"slidercolornofocus" : [ 0.815686, 0.815686, 0.815686, 1 ],
		"textcolor" : [ 0, 0, 0, 1 ],
		"textcolornofocus" : [ 0.815686, 0.815686, 0.815686, 1 ]
	}
,
	"gains" : 	{
		"patching_rect" : [ 92, 16, 56, 66 ],
		"hidden" : 0,
		"bgcolor" : [ 0.419608, 0.458824, 0.8, 1 ],
		"bordercolor" : [ 0, 0, 0, 1 ],
		"fontsize" : 15,
		"labelcolor" : [ 0.607843, 0.607843, 0.607843, 1 ],
		"selectcolor" : [ 0.45, 0.67, 1, 0.47 ],
		"slidercolor" : [ 0, 0, 0, 1 ],
		"slidercolornofocus" : [ 0.815686, 0.815686, 0.815686, 1 ],
		"textcolor" : [ 0, 0, 0, 1 ],
		"textcolornofocus" : [ 0.815686, 0.815686, 0.815686, 1 ]
	}
,
	"Qs" : 	{
		"patching_rect" : [ 148, 16, 51, 66 ],
		"hidden" : 0,
		"bgcolor" : [ 1, 0.243137, 0.392157, 1 ],
		"bordercolor" : [ 0, 0, 0, 1 ],
		"fontsize" : 15,
		"labelcolor" : [ 0.607843, 0.607843, 0.607843, 1 ],
		"selectcolor" : [ 0.45, 0.67, 1, 0.47 ],
		"slidercolor" : [ 0, 0, 0, 1 ],
		"slidercolornofocus" : [ 0.815686, 0.815686, 0.815686, 1 ],
		"textcolor" : [ 0, 0, 0, 1 ],
		"textcolornofocus" : [ 0.815686, 0.815686, 0.815686, 1 ]
	}
,
	"smooth" : 	{
		"patching_rect" : [ 199, 16, 51, 66 ],
		"hidden" : 0,
		"bgcolor" : [ 0.094118, 0.415686, 0.035294, 1 ],
		"bordercolor" : [ 0, 0, 0, 1 ],
		"fontsize" : 15,
		"labelcolor" : [ 0.607843, 0.607843, 0.607843, 1 ],
		"selectcolor" : [ 0.45, 0.67, 1, 0.47 ],
		"slidercolor" : [ 0, 0, 0, 1 ],
		"slidercolornofocus" : [ 0.815686, 0.815686, 0.815686, 1 ],
		"textcolor" : [ 0, 0, 0, 1 ],
		"textcolornofocus" : [ 0.815686, 0.815686, 0.815686, 1 ]
	}

}
