{
	"window" : [ 568, 375, 819, 657 ],
	"envelope_display" : 	{
		"patching_rect" : [ -6, 98, 262, 94 ],
		"hidden" : 0,
		"bgcolor" : [ 0.815686, 0.709804, 0.85098, 0.41 ],
		"fontsize" : 12.0,
		"gridcolor" : [ 0.34902, 0.34902, 0.34902, 0.0 ],
		"linecolor" : [ 0.0, 0.0, 0.0, 1.0 ],
		"textcolor" : [ 0.0, 0.011765, 1.0, 0.0 ]
	}
,
	"wf" : 	{
		"patching_rect" : [ -1, 100, 251, 94 ],
		"hidden" : 0,
		"bgcolor" : [ 1.0, 1.0, 1.0, 1.0 ],
		"inv_sel_color" : 1,
		"linecolor" : [ 0.0, 0.0, 0.0, 1.0 ],
		"selcolor" : [ 0.816, 0.71, 0.851, 0.529 ],
		"wfcolor" : [ 0.816, 0.71, 0.851, 1.0 ]
	}
,
	"interp" : 	{
		"patching_rect" : [ 151, 62, 35, 21 ],
		"hidden" : 0,
		"applycolors" : 0,
		"bgfillcolor" : 		{
			"angle" : 270.0,
			"autogradient" : 0.0,
			"color" : [ 0.815686274509804, 0.709803921568627, 0.850980392156863, 1.0 ],
			"color1" : [ 0.301961, 0.301961, 0.301961, 1.0 ],
			"color2" : [ 0.2, 0.2, 0.2, 1.0 ],
			"proportion" : 0.5,
			"type" : "color"
		}
,
		"color" : [ 0.807843, 0.898039, 0.909804, 1 ],
		"elementcolor" : [ 0.34902, 0.34902, 0.34902, 1 ],
		"fontsize" : 11.0,
		"textcolor" : [ 0.149, 0.149, 0.149, 1.0 ]
	}
,
	"xfade_mode" : 	{
		"patching_rect" : [ -1, 212, 56, 19 ],
		"hidden" : 0,
		"applycolors" : 0,
		"bgfillcolor" : 		{
			"type" : "color",
			"color1" : [ 0.301961, 0.301961, 0.301961, 1.0 ],
			"color2" : [ 0.2, 0.2, 0.2, 1.0 ],
			"color" : [ 0.815686274509804, 0.709803921568627, 0.850980392156863, 1.0 ],
			"angle" : 270.0,
			"autogradient" : 0.0,
			"proportion" : 0.5
		}
,
		"color" : [ 0.807843, 0.898039, 0.909804, 1 ],
		"elementcolor" : [ 0.34902, 0.34902, 0.34902, 1 ],
		"fontsize" : 9.0,
		"textcolor" : [ 0.149, 0.149, 0.149, 1.0 ]
	}
,
	"xzone" : 	{
		"patching_rect" : [ 56, 212, 87, 19 ],
		"hidden" : 0,
		"bgcolor" : [ 1.0, 1.0, 1.0, 1.0 ],
		"bordercolor" : [ 0.666667, 0.466667, 0.866667, 1.0 ],
		"fontsize" : 10.0,
		"labelcolor" : [ 0.666667, 0.466667, 0.866667, 1.0 ],
		"selectcolor" : [ 0.45, 0.67, 1.0, 0.47 ],
		"slidercolor" : [ 0.666667, 0.466667, 0.866667, 1.0 ],
		"slidercolornofocus" : [ 0.48, 0.48, 0.48, 0.55 ],
		"textcolor" : [ 0.666667, 0.466667, 0.866667, 1.0 ],
		"textcolornofocus" : [ 0.666666666666667, 0.466666666666667, 0.866666666666667, 1.0 ]
	}
,
	"xshape" : 	{
		"patching_rect" : [ 145, 212, 29, 19 ],
		"hidden" : 0,
		"applycolors" : 0,
		"bgfillcolor" : 		{
			"type" : "color",
			"color1" : [ 0.301961, 0.301961, 0.301961, 1.0 ],
			"color2" : [ 0.2, 0.2, 0.2, 1.0 ],
			"color" : [ 1.0, 1.0, 1.0, 1.0 ],
			"angle" : 270.0,
			"autogradient" : 0.0,
			"proportion" : 0.5
		}
,
		"color" : [ 0.666666666666667, 0.466666666666667, 0.866666666666667, 1.0 ],
		"elementcolor" : [ 0.815686274509804, 0.709803921568627, 0.850980392156863, 1.0 ],
		"fontsize" : 9.0,
		"textcolor" : [ 0.666666666666667, 0.466666666666667, 0.866666666666667, 1.0 ]
	}
,
	"ll.blues" : 	{
		"patcher" : "bang",
		"patching_rect" : [ -1, 230, 158, 53 ],
		"hidden" : 0
	}
,
	"preset-ramp" : 	{
		"patching_rect" : [ 157, 264, 94, 19 ],
		"hidden" : 0,
		"bgcolor" : [ 1.0, 1.0, 1.0, 1.0 ],
		"bordercolor" : [ 0.5, 0.5, 0.5, 1.0 ],
		"fontsize" : 12.0,
		"labelcolor" : [ 0.0, 0.0, 0.0, 1.0 ],
		"selectcolor" : [ 0.45, 0.67, 1.0, 0.47 ],
		"slidercolor" : [ 0.0, 0.0, 0.0, 1.0 ],
		"slidercolornofocus" : [ 0.48, 0.48, 0.48, 0.55 ],
		"textcolor" : [ 0.0, 0.0, 0.0, 1.0 ],
		"textcolornofocus" : [ 0.48, 0.48, 0.48, 0.79 ]
	}
,
	"presets" : 	{
		"patching_rect" : [ 157, 230, 94, 36 ],
		"hidden" : 0,
		"jsarguments" : [ 11, "255 255 255", "50 50 50", "255 0 0", "0 255 0", "xgroove@1" ]
	}
,
	"full_select" : 	{
		"patching_rect" : [ 206, 0, 45, 15 ],
		"hidden" : 0,
		"bgcolor" : [ 0.815686, 0.709804, 0.85098, 1.0 ],
		"bgoncolor" : [ 0.043137, 0.733333, 0.086275, 1.0 ],
		"fontsize" : 12.0,
		"legacytextcolor" : 1,
		"textcolor" : [ 0.0, 0.0, 0.0, 1.0 ],
		"textoncolor" : [ 0.0, 0.0, 0.0, 1.0 ],
		"textovercolor" : [ 0.0, 0.0, 0.0, 1.0 ],
		"usebgoncolor" : 1,
		"usetextovercolor" : 1
	}
,
	"keep_length" : 	{
		"patching_rect" : [ 148, 0, 58, 15 ],
		"hidden" : 0,
		"bgcolor" : [ 0.666667, 0.466667, 0.866667, 1.0 ],
		"bgoncolor" : [ 0.815686, 0.709804, 0.85098, 1.0 ],
		"fontsize" : 12.0,
		"legacytextcolor" : 1,
		"textcolor" : [ 0.0, 0.0, 0.0, 1.0 ],
		"textoncolor" : [ 0.0, 0.0, 0.0, 1.0 ],
		"textovercolor" : [ 0.0, 0.0, 0.0, 1.0 ],
		"usebgoncolor" : 1,
		"usetextovercolor" : 1
	}
,
	"buffer" : 	{
		"patching_rect" : [ 0, 62, 152, 21 ],
		"hidden" : 0,
		"applycolors" : 0,
		"bgfillcolor" : 		{
			"type" : "color",
			"color1" : [ 0.301961, 0.301961, 0.301961, 1.0 ],
			"color2" : [ 0.2, 0.2, 0.2, 1.0 ],
			"color" : [ 0.815686274509804, 0.709803921568627, 0.850980392156863, 1.0 ],
			"angle" : 270.0,
			"autogradient" : 0.0,
			"proportion" : 0.5
		}
,
		"color" : [ 0.807843, 0.898039, 0.909804, 1 ],
		"elementcolor" : [ 0.34902, 0.34902, 0.34902, 1 ],
		"fontsize" : 11.0,
		"textcolor" : [ 1.0, 1.0, 1.0, 1.0 ]
	}
,
	"loop_mode" : 	{
		"patching_rect" : [ 186, 62, 65, 21 ],
		"hidden" : 0,
		"applycolors" : 0,
		"bgfillcolor" : 		{
			"type" : "color",
			"color1" : [ 0.301961, 0.301961, 0.301961, 1.0 ],
			"color2" : [ 0.2, 0.2, 0.2, 1.0 ],
			"color" : [ 0.815686274509804, 0.709803921568627, 0.850980392156863, 1.0 ],
			"angle" : 270.0,
			"autogradient" : 0.0,
			"proportion" : 0.5
		}
,
		"color" : [ 0.807843, 0.898039, 0.909804, 1 ],
		"elementcolor" : [ 0.34902, 0.34902, 0.34902, 1 ],
		"fontsize" : 11.0,
		"textcolor" : [ 0.149, 0.149, 0.149, 1.0 ]
	}
,
	"start" : 	{
		"patching_rect" : [ 0, 15, 251, 16 ],
		"hidden" : 0,
		"bgcolor" : [ 0.815686, 0.709804, 0.85098, 1.0 ],
		"bordercolor" : [ 0.0, 0.0, 0.0, 1.0 ],
		"fontsize" : 16.0,
		"labelcolor" : [ 0.0, 0.0, 0.0, 1.0 ],
		"selectcolor" : [ 0.45098, 1.0, 0.698039, 0.470588 ],
		"slidercolor" : [ 0.0, 0.0, 0.0, 1.0 ],
		"slidercolornofocus" : [ 1.0, 1.0, 1.0, 1.0 ],
		"textcolor" : [ 0.0, 0.0, 0.0, 1.0 ],
		"textcolornofocus" : [ 1.0, 1.0, 1.0, 0.788235 ]
	}
,
	"end" : 	{
		"patching_rect" : [ 0, 46, 251, 16 ],
		"hidden" : 0,
		"bgcolor" : [ 0.815686, 0.709804, 0.85098, 1.0 ],
		"bordercolor" : [ 0.0, 0.0, 0.0, 1.0 ],
		"fontsize" : 16.0,
		"labelcolor" : [ 0.0, 0.0, 0.0, 1.0 ],
		"selectcolor" : [ 0.45098, 1.0, 0.698039, 0.470588 ],
		"slidercolor" : [ 0.0, 0.0, 0.0, 1.0 ],
		"slidercolornofocus" : [ 1.0, 1.0, 1.0, 1.0 ],
		"textcolor" : [ 0.0, 0.0, 0.0, 1.0 ],
		"textcolornofocus" : [ 1.0, 1.0, 1.0, 0.788235 ]
	}
,
	"length" : 	{
		"patching_rect" : [ 0, 30, 251, 16 ],
		"hidden" : 0,
		"bgcolor" : [ 0.815686, 0.709804, 0.85098, 1.0 ],
		"bordercolor" : [ 0.0, 0.0, 0.0, 1.0 ],
		"fontsize" : 16.0,
		"labelcolor" : [ 0.0, 0.0, 0.0, 1.0 ],
		"selectcolor" : [ 0.45098, 1.0, 0.698039, 0.470588 ],
		"slidercolor" : [ 0.0, 0.0, 0.0, 1.0 ],
		"slidercolornofocus" : [ 1.0, 1.0, 1.0, 1.0 ],
		"textcolor" : [ 0.0, 0.0, 0.0, 1.0 ],
		"textcolornofocus" : [ 1.0, 1.0, 1.0, 0.788235 ]
	}
,
	"play/stop" : 	{
		"patching_rect" : [ -1, 81, 31, 19 ],
		"hidden" : 0,
		"bgcolor" : [ 0.815686, 0.709804, 0.85098, 1.0 ],
		"bgoncolor" : [ 0.043137, 0.733333, 0.086275, 1.0 ],
		"fontsize" : 12.0,
		"legacytextcolor" : 1,
		"textcolor" : [ 0.0, 0.0, 0.0, 1.0 ],
		"textoncolor" : [ 0.0, 0.0, 0.0, 1.0 ],
		"textovercolor" : [ 0.0, 0.0, 0.0, 1.0 ],
		"usebgoncolor" : 1,
		"usetextovercolor" : 1
	}
,
	"speed" : 	{
		"patching_rect" : [ 77, 83, 174, 17 ],
		"hidden" : 0,
		"bgcolor" : [ 0.815686, 0.709804, 0.85098, 1.0 ],
		"bordercolor" : [ 0.0, 0.0, 0.0, 1.0 ],
		"fontsize" : 14.0,
		"labelcolor" : [ 0.0, 0.0, 0.0, 1.0 ],
		"selectcolor" : [ 0.45098, 1.0, 0.698039, 0.470588 ],
		"slidercolor" : [ 0.0, 0.0, 0.0, 1.0 ],
		"slidercolornofocus" : [ 1.0, 1.0, 1.0, 1.0 ],
		"textcolor" : [ 0.0, 0.0, 0.0, 1.0 ],
		"textcolornofocus" : [ 1.0, 1.0, 1.0, 0.788235 ]
	}
,
	"autotrigger" : 	{
		"patching_rect" : [ 51, 81, 28, 19 ],
		"hidden" : 1,
		"bgcolor" : [ 0.831373, 0.831373, 0.831373, 1.0 ],
		"bgoncolor" : [ 0.815686, 0.709804, 0.85098, 1.0 ],
		"fontsize" : 12.0,