{
	"window" : [ 484, 563, 834, 770 ],
	"source-menu" : 	{
		"patching_rect" : [ 106, -1, 66, 19 ],
		"hidden" : 0,
		"applycolors" : 0,
		"bgfillcolor" : 		{
			"type" : "gradient",
			"color1" : [ 0.172137149796092, 0.172137100044002, 0.172137113045018, 1 ],
			"color2" : [ 0.172137149796092, 0.172137100044002, 0.172137113045018, 1 ],
			"color" : [ 0.172137149796092, 0.172137100044002, 0.172137113045018, 1 ]
		}
,
		"color" : [ 0.618934978328545, 0.744701397656435, 0.953750108255376, 1 ],
		"elementcolor" : [ 0.221327066888467, 0.221327006361825, 0.221327022178404, 1 ],
		"fontsize" : 9,
		"textcolor" : [ 0.9, 0.9, 0.9, 1 ]
	}
,
	"drawstyle" : 	{
		"patching_rect" : [ 323.669921999999985, 186, 27.330078000000015, 20 ],
		"hidden" : 0,
		"bgcolor" : [ 0.921569, 0.94902, 0.05098, 1 ],
		"bgoncolor" : [ 0.956863, 0.431373, 0, 1 ],
		"fontsize" : 10,
		"legacytextcolor" : 1,
		"textcolor" : [ 0.101961, 0.121569, 0.172549, 1 ],
		"textoncolor" : [ 0.101961, 0.121569, 0.172549, 1 ],
		"textovercolor" : [ 0.101961, 0.121569, 0.172549, 1 ],
		"usebgoncolor" : 1,
		"usetextovercolor" : 1
	}
,
	"red" : 	{
		"patching_rect" : [ 248.5, -1, 27.330078000000015, 20 ],
		"hidden" : 0,
		"bgcolor" : [ 0.65098, 0.666667, 0.662745, 1 ],
		"fontsize" : 10,
		"htricolor" : [ 0.87, 0.82, 0.24, 1 ],
		"textcolor" : [ 1, 0, 0, 1 ],
		"tricolor" : [ 0.75, 0.75, 0.75, 1 ]
	}
,
	"green" : 	{
		"patching_rect" : [ 272.5, -1, 27.330078000000015, 20 ],
		"hidden" : 0,
		"bgcolor" : [ 0.65098, 0.666667, 0.662745, 1 ],
		"fontsize" : 10,
		"htricolor" : [ 0.87, 0.82, 0.24, 1 ],
		"textcolor" : [ 0, 1, 0, 1 ],
		"tricolor" : [ 0.75, 0.75, 0.75, 1 ]
	}
,
	"blue" : 	{
		"patching_rect" : [ 297.5, -1, 27.330078000000015, 20 ],
		"hidden" : 0,
		"bgcolor" : [ 0.65098, 0.666667, 0.662745, 1 ],
		"fontsize" : 10,
		"htricolor" : [ 0.87, 0.82, 0.24, 1 ],
		"textcolor" : [ 0, 0, 1, 1 ],
		"tricolor" : [ 0.75, 0.75, 0.75, 1 ]
	}
,
	"alpha" : 	{
		"patching_rect" : [ 322.5, -1, 27.330078000000015, 20 ],
		"hidden" : 0,
		"bgcolor" : [ 0.65098, 0.666667, 0.662745, 1 ],
		"fontsize" : 10,
		"htricolor" : [ 0.87, 0.82, 0.24, 1 ],
		"textcolor" : [ 1, 1, 1, 1 ],
		"tricolor" : [ 0.75, 0.75, 0.75, 1 ]
	}
,
	"color_menu" : 	{
		"patching_rect" : [ 172.5, -1, 76, 19 ],
		"hidden" : 0,
		"applycolors" : 0,
		"bgfillcolor" : 		{
			"type" : "gradient",
			"color1" : [ 0.172137149796092, 0.172137100044002, 0.172137113045018, 1 ],
			"color2" : [ 0.172137149796092, 0.172137100044002, 0.172137113045018, 1 ],
			"color" : [ 0.172137149796092, 0.172137100044002, 0.172137113045018, 1 ]
		}
,
		"color" : [ 0.618934978328545, 0.744701397656435, 0.953750108255376, 1 ],
		"elementcolor" : [ 0.221327066888467, 0.221327006361825, 0.221327022178404, 1 ],
		"fontsize" : 9,
		"textcolor" : [ 0.9, 0.9, 0.9, 1 ]
	}
,
	"buffersize" : 	{
		"patching_rect" : [ 176, 186, 42, 20 ],
		"hidden" : 0,
		"bgcolor" : [ 1, 1, 1, 0 ],
		"fontsize" : 10,
		"htricolor" : [ 0.87, 0.82, 0.24, 1 ],
		"textcolor" : [ 1, 1, 1, 1 ],
		"tricolor" : [ 0.75, 0.75, 0.75, 1 ]
	}
,
	"c_bs" : 	{
		"patching_rect" : [ 136, 186, 46, 18 ],
		"hidden" : 0,
		"bgcolor" : [ 1, 1, 1, 0 ],
		"bubble_bgcolor" : [ 0.235, 0.235, 0.235, 1 ],
		"bubble_outlinecolor" : [ 0.85, 0.85, 0.85, 1 ],
		"bubbleusescolors" : 0,
		"fontsize" : 10,
		"textcolor" : [ 1, 1, 1, 1 ]
	}
,
	"buffer/pixel" : 	{
		"patching_rect" : [ 106, 186, 30, 20 ],
		"hidden" : 0,
		"bgcolor" : [ 1, 1, 1, 0 ],
		"fontsize" : 10,
		"htricolor" : [ 0.87, 0.82, 0.24, 1 ],
		"textcolor" : [ 1, 1, 1, 1 ],
		"tricolor" : [ 0.75, 0.75, 0.75, 1 ]
	}
,
	"c_b/p" : 	{
		"patching_rect" : [ 58, 186, 48, 18 ],
		"hidden" : 0,
		"bgcolor" : [ 1, 1, 1, 0 ],
		"bubble_bgcolor" : [ 0.235, 0.235, 0.235, 1 ],
		"bubble_outlinecolor" : [ 0.85, 0.85, 0.85, 1 ],
		"bubbleusescolors" : 0,
		"fontsize" : 10,
		"textcolor" : [ 1, 1, 1, 1 ]
	}
,
	"range" : 	{
		"patching_rect" : [ 220, 186, 35, 20 ],
		"hidden" : 0,
		"bgcolor" : [ 1, 1, 1, 0 ],
		"fontsize" : 10,
		"htricolor" : [ 0.87, 0.82, 0.24, 1 ],
		"textcolor" : [ 1, 1, 1, 1 ],
		"tricolor" : [ 0.75, 0.75, 0.75, 1 ]
	}
,
	"range_lo" : 	{
		"patching_rect" : [ 249.669922000000042, 186, 35, 20 ],
		"hidden" : 0,
		"bgcolor" : [ 1, 1, 1, 0 ],
		"fontsize" : 10,
		"htricolor" : [ 0.87, 0.82, 0.24, 1 ],
		"textcolor" : [ 1, 1, 1, 1 ],
		"tricolor" : [ 0.75, 0.75, 0.75, 1 ]
	}
,
	"range_hi" : 	{
		"patching_rect" : [ 286.669922000000042, 186, 35, 20 ],
		"hidden" : 0,
		"bgcolor" : [ 1, 1, 1, 0 ],
		"fontsize" : 10,
		"htricolor" : [ 0.87, 0.82, 0.24, 1 ],
		"textcolor" : [ 1, 1, 1, 1 ],
		"tricolor" : [ 0.75, 0.75, 0.75, 1 ]
	}
,
	"presets" : 	{
		"patching_rect" : [ 66, 0, 32, 16 ],
		"hidden" : 0,
		"jsarguments" : [ 14, "255 255 255", "50 50 50", "255 0 0", "0 255 0", "PEQ@1" ]
	}
,
	"scope" : 	{
		"patching_rect" : [ 0, 18, 351, 169 ],
		"hidden" : 0,
		"bgcolor" : [ 1, 0, 0, 0.3 ],
		"fgcolor" : [ 1, 1, 1, 1 ],
		"gridcolor" : [ 1, 0, 0, 0.5 ]
	}
,
	"chans" : 	{
		"patching_rect" : [ 32, 186, 30, 20 ],
		"hidden" : 0,
		"bgcolor" : [ 1, 1, 1, 0 ],
		"fontsize" : 10,
		"htricolor" : [ 0.87, 0.82, 0.24, 1 ],
		"textcolor" : [ 1, 1, 1, 1 ],
		"tricolor" : [ 0.75, 0.75, 0.75, 1 ]
	}
,
	"patching_rect" : [ 0, 186, 36, 18 ],
	"hidden" : 0,
	"bgcolor" : [ 1, 1, 1, 0 ],
	"bubble_bgcolor" : [ 0.235, 0.235, 0.235, 1 ],
	"bubble_outlinecolor" : [ 0.85, 0.85, 0.85, 1 ],
	"bubbleusescolors" : 0,
	"fontsize" : 10,
	"textcolor" : [ 1, 1, 1, 1 ]
}
