{
    "window": [ 221, 434, 571, 629 ],
    "panel_gonio_on": {
        "patching_rect": [ 0, 178, 47.48453330993652, 16.350505471229553 ],
        "hidden": 0,
        "bgfillcolor": {
            "type": "color",
            "color1": [ 0.172137149796092, 0.172137100044002, 0.172137113045018, 1 ],
            "color2": [ 0.172137149796092, 0.172137100044002, 0.172137113045018, 1 ],
            "color": [ 0.12941176470588237, 0.09019607843137255, 0.17254901960784313, 0.75 ],
            "angle": 270.0,
            "proportion": 0.5
        },
        "bordercolor": [ 0.618934978328545, 0.744701397656435, 0.953750108255376, 1 ]
    },
    "configWindow": {
        "patching_rect": [ 305.1546220779419, -1.0309277772903442, 44.845377922058105, 20.969072222709656 ],
        "hidden": 0,
        "bgcolor": [ 0.125, 0.125, 0.125, 1 ],
        "bgoncolor": [ 0.221327066888467, 0.221327006361825, 0.221327022178404, 1 ],
        "fontsize": 12,
        "legacytextcolor": 0,
        "textcolor": [ 0.458595350062755, 0.458595237564901, 0.458595266962388, 1 ],
        "textoncolor": [ 0.618934978328545, 0.744701397656435, 0.953750108255376, 1 ],
        "textovercolor": [ 0.922234290352602, 0.71007200526417, 0.329758341965716, 1 ],
        "usebgoncolor": 0,
        "usetextovercolor": 0
    },
    "mode": {
        "patching_rect": [ 240, -2.0618555545806885, 64, 22 ],
        "hidden": 0,
        "applycolors": 0,
        "bgfillcolor": {
            "type": "gradient",
            "color1": [ 0.172137149796092, 0.172137100044002, 0.172137113045018, 1 ],
            "color2": [ 0.172137149796092, 0.172137100044002, 0.172137113045018, 1 ],
            "color": [ 0.172137149796092, 0.172137100044002, 0.172137113045018, 1 ]
        },
        "color": [ 0.618934978328545, 0.744701397656435, 0.953750108255376, 1 ],
        "elementcolor": [ 0.221327066888467, 0.221327006361825, 0.221327022178404, 1 ],
        "fontsize": 12,
        "textcolor": [ 0.9, 0.9, 0.9, 1 ]
    },
    "act": {
        "patching_rect": [ 0, 0, 64.73046875, 16 ],
        "hidden": 0,
        "fontsize": 12
    },
    "source-menu": {
        "patching_rect": [ 127.83504438400269, -2.0618555545806885, 64, 22 ],
        "hidden": 0,
        "applycolors": 0,
        "bgfillcolor": {
            "type": "gradient",
            "color1": [ 0.172137149796092, 0.172137100044002, 0.172137113045018, 1 ],
            "color2": [ 0.172137149796092, 0.172137100044002, 0.172137113045018, 1 ],
            "color": [ 0.172137149796092, 0.172137100044002, 0.172137113045018, 1 ]
        },
        "color": [ 0.618934978328545, 0.744701397656435, 0.953750108255376, 1 ],
        "elementcolor": [ 0.221327066888467, 0.221327006361825, 0.221327022178404, 1 ],
        "fontsize": 12,
        "textcolor": [ 0.9, 0.9, 0.9, 1 ]
    },
    "presets": {
        "patching_rect": [ 63, -1, 66, 20 ],
        "hidden": 0,
        "jsarguments": [ 16, "255 255 255", "50 50 50", "255 0 0", "0 255 0", "PEQ@1" ]
    },
    "scope": {
        "patching_rect": [ 0, 17.525772213935852, 350, 160 ],
        "hidden": 0,
        "bgcolor": [ 0.20000000298023224, 0, 0, 0.30000001192092896 ],
        "fgcolor": [ 1, 1, 1, 1 ],
        "gridcolor": [ 1, 0, 0, 0.5 ]
    },
    "chans": {
        "patching_rect": [ 194, 1, 47, 16 ],
        "hidden": 0,
        "bgcolor": [ 1, 1, 1, 1 ],
        "bordercolor": [ 0.5, 0.5, 0.5, 1 ],
        "fontsize": 12,
        "labelcolor": [ 0, 0, 0, 1 ],
        "selectcolor": [ 0.45, 0.67, 1, 0.47 ],
        "slidercolor": [ 0, 0, 0, 1 ],
        "slidercolornofocus": [ 0.48, 0.48, 0.48, 0.55 ],
        "textcolor": [ 0, 0, 0, 1 ],
        "textcolornofocus": [ 0.48, 0.48, 0.48, 0.79 ]
    },
    "calccount": {
        "patching_rect": [ 49.48453330993652, 178.35050547122955, 74, 16 ],
        "hidden": 0,
        "bgcolor": [ 1, 1, 1, 1 ],
        "bordercolor": [ 0.5, 0.5, 0.5, 1 ],
        "fontsize": 12,
        "labelcolor": [ 0, 0, 0, 1 ],
        "selectcolor": [ 0.45, 0.67, 1, 0.47 ],
        "slidercolor": [ 0, 0, 0, 1 ],
        "slidercolornofocus": [ 0.48, 0.48, 0.48, 0.55 ],
        "textcolor": [ 0, 0, 0, 1 ],
        "textcolornofocus": [ 0.48, 0.48, 0.48, 0.79 ]
    },
    "bufsize": {
        "patching_rect": [ 124.74226105213165, 178.35050547122955, 70.10308885574341, 16 ],
        "hidden": 0,
        "bgcolor": [ 1, 1, 1, 1 ],
        "bordercolor": [ 0.5, 0.5, 0.5, 1 ],
        "fontsize": 12,
        "labelcolor": [ 0, 0, 0, 1 ],
        "selectcolor": [ 0.45, 0.67, 1, 0.47 ],
        "slidercolor": [ 0, 0, 0, 1 ],
        "slidercolornofocus": [ 0.48, 0.48, 0.48, 0.55 ],
        "textcolor": [ 0, 0, 0, 1 ],
        "textcolornofocus": [ 0.48, 0.48, 0.48, 0.79 ]
    },
    "config": {
        "patching_rect": [ 668, 22, 51, 22 ],
        "hidden": 0,
        "fontsize": 12
    },
    "range_lo": {
        "patching_rect": [ 255.67008876800537, 178.35050547122955, 46, 16 ],
        "hidden": 0,
        "bgcolor": [ 1, 1, 1, 1 ],
        "bordercolor": [ 0.5, 0.5, 0.5, 1 ],
        "fontsize": 12,
        "labelcolor": [ 0, 0, 0, 1 ],
        "selectcolor": [ 0.45, 0.67, 1, 0.47 ],
        "slidercolor": [ 0, 0, 0, 1 ],
        "slidercolornofocus": [ 0.48, 0.48, 0.48, 0.55 ],
        "textcolor": [ 0, 0, 0, 1 ],
        "textcolornofocus": [ 0.48, 0.48, 0.48, 0.79 ]
    },
    "range_hi": {
        "patching_rect": [ 304.12369430065155, 178.35050547122955, 46, 16 ],
        "hidden": 0,
        "bgcolor": [ 1, 1, 1, 1 ],
        "bordercolor": [ 0.5, 0.5, 0.5, 1 ],
        "fontsize": 12,
        "labelcolor": [ 0, 0, 0, 1 ],
        "selectcolor": [ 0.45, 0.67, 1, 0.47 ],
        "slidercolor": [ 0, 0, 0, 1 ],
        "slidercolornofocus": [ 0.48, 0.48, 0.48, 0.55 ],
        "textcolor": [ 0, 0, 0, 1 ],
        "textcolornofocus": [ 0.48, 0.48, 0.48, 0.79 ]
    },
    "range": {
        "patching_rect": [ 196.90720546245575, 178.35050547122955, 57, 16 ],
        "hidden": 0,
        "bgcolor": [ 1, 1, 1, 1 ],
        "bordercolor": [ 0.5, 0.5, 0.5, 1 ],
        "fontsize": 12,
        "labelcolor": [ 0, 0, 0, 1 ],
        "selectcolor": [ 0.45, 0.67, 1, 0.47 ],
        "slidercolor": [ 0, 0, 0, 1 ],
        "slidercolornofocus": [ 0.48, 0.48, 0.48, 0.55 ],
        "textcolor": [ 0, 0, 0, 1 ],
        "textcolornofocus": [ 0.48, 0.48, 0.48, 0.79 ]
    },
    "automatic": {
        "patching_rect": [ 0, 178, 47.48453330993652, 16.350505471229553 ],
        "hidden": 0,
        "bgcolor": [ 0.125, 0.125, 0.125, 1 ],
        "bgoncolor": [ 0.221327066888467, 0.221327006361825, 0.221327022178404, 1 ],
        "fontsize": 12,
        "legacytextcolor": 0,
        "textcolor": [ 0.458595350062755, 0.458595237564901, 0.458595266962388, 1 ],
        "textoncolor": [ 0.618934978328545, 0.744701397656435, 0.953750108255376, 1 ],
        "textovercolor": [ 0.922234290352602, 0.71007200526417, 0.329758341965716, 1 ],
        "usebgoncolor": 0,
        "usetextovercolor": 0
    },
    "panel_auto_on": {
        "patching_rect": [ 49, 178, 301.12369430065155, 16.350505471229553 ],
        "hidden": 0,
        "bgfillcolor": {
            "type": "color",
            "color1": [ 0.172137149796092, 0.172137100044002, 0.172137113045018, 1 ],
            "color2": [ 0.172137149796092, 0.172137100044002, 0.172137113045018, 1 ],
            "color": [ 0.12941176470588237, 0.09019607843137255, 0.17254901960784313, 0.75 ],
            "angle": 270.0,
            "proportion": 0.5
        },
        "bordercolor": [ 0.618934978328545, 0.744701397656435, 0.953750108255376, 1 ]
    }
}