{
	"window" : [ 647, 282, 968, 624 ],
	"jit_input1" : 	{
		"patching_rect" : [ 129, 0, 66, 19 ],
		"hidden" : 0,
		"applycolors" : 0,
		"bgfillcolor" : 		{
			"type" : "color",
			"color1" : [ 0.301961, 0.301961, 0.301961, 1 ],
			"color2" : [ 0.2, 0.2, 0.2, 1 ],
			"color" : [ 0.011765, 0.101961, 0.219608, 1.0 ]
		}
,
		"color" : [ 0.618934978328545, 0.744701397656435, 0.953750108255376, 1 ],
		"elementcolor" : [ 0.221327066888467, 0.221327006361825, 0.221327022178404, 1 ],
		"fontsize" : 9,
		"textcolor" : [ 1, 0.745098, 0.960784, 1 ]
	}
,
	"jit.ms" : 	{
		"patching_rect" : [ 87, 0, 25, 19 ],
		"hidden" : 0,
		"bgcolor" : [ 0.752941, 0.023529, 0.247059, 1 ],
		"fontsize" : 9,
		"htricolor" : [ 0.87, 0.82, 0.24, 1 ],
		"textcolor" : [ 0, 0.776471, 0.211765, 1 ],
		"tricolor" : [ 0.75, 0.75, 0.75, 1 ]
	}
,
	"local_display" : 	{
		"patching_rect" : [ 0, 100, 320, 240 ],
		"hidden" : 0,
		"bordercolor" : [ 0, 0, 0, 1 ],
		"colormode" : "argb"
	}
,
	"shape" : 	{
		"patching_rect" : [ 196, 0, 100, 19 ],
		"hidden" : 0,
		"applycolors" : 0,
		"bgfillcolor" : 		{
			"type" : "gradient",
			"color1" : [ 0.172137149796092, 0.172137100044002, 0.172137113045018, 1 ],
			"color2" : [ 0.172137149796092, 0.172137100044002, 0.172137113045018, 1 ],
			"color" : [ 0.172137149796092, 0.172137100044002, 0.172137113045018, 1 ]
		}
,
		"color" : [ 0.618934978328545, 0.744701397656435, 0.953750108255376, 1 ],
		"elementcolor" : [ 0.221327066888467, 0.221327006361825, 0.221327022178404, 1 ],
		"fontsize" : 9,
		"textcolor" : [ 0.9, 0.9, 0.9, 1 ]
	}
,
	"pensize" : 	{
		"patching_rect" : [ 4, 83, 35, 19 ],
		"hidden" : 0,
		"bgcolor" : [ 0.866667, 0.866667, 0.866667, 1 ],
		"fontsize" : 9,
		"htricolor" : [ 0.87, 0.82, 0.24, 1 ],
		"textcolor" : [ 0, 0, 0, 1 ],
		"tricolor" : [ 0.75, 0.75, 0.75, 1 ]
	}
,
	"saturation" : 	{
		"patching_rect" : [ 0, 49, 140, 12 ],
		"hidden" : 0,
		"bgcolor" : [ 0.125, 0.125, 0.125, 1 ],
		"drawoffcolor" : 0,
		"elementcolor" : [ 0.221327066888467, 0.221327006361825, 0.221327022178404, 1 ],
		"knobcolor" : [ 0.618934978328545, 0.744701397656435, 0.953750108255376, 1 ]
	}
,
	"swatch" : 	{
		"patching_rect" : [ 0, 16, 140, 33 ],
		"hidden" : 0
	}
,
	"jit_on" : 	{
		"patching_rect" : [ 65, 0, 22, 17 ],
		"hidden" : 0,
		"bgcolor" : [ 0.75, 0.75, 0.75, 1 ],
		"bgoncolor" : [ 0.752941, 0.023529, 0.247059, 1 ],
		"fontsize" : 10,
		"legacytextcolor" : 1,
		"textcolor" : [ 0.752941, 0.023529, 0.247059, 1 ],
		"textoncolor" : [ 0.870588, 0.819608, 0.239216, 1 ],
		"textovercolor" : [ 0.752941, 0.023529, 0.247059, 1 ],
		"usebgoncolor" : 1,
		"usetextovercolor" : 1
	}
,
	"local_disp_on" : 	{
		"patching_rect" : [ 112, 0, 17, 17 ],
		"hidden" : 0,
		"bgcolor" : [ 0.75, 0.75, 0.75, 1 ],
		"bgoncolor" : [ 0.752941, 0.023529, 0.247059, 1 ],
		"fontsize" : 10,
		"legacytextcolor" : 1,
		"textcolor" : [ 0.752941, 0.023529, 0.247059, 1 ],
		"textoncolor" : [ 0.870588, 0.819608, 0.239216, 1 ],
		"textovercolor" : [ 0.752941, 0.023529, 0.247059, 1 ],
		"usebgoncolor" : 1,
		"usetextovercolor" : 1
	}
,
	"clear!" : 	{
		"patching_rect" : [ 179, 83, 54, 17 ],
		"hidden" : 0,
		"bgcolor" : [ 0.75, 0.75, 0.75, 1 ],
		"bgoncolor" : [ 0.752941, 0.023529, 0.247059, 1 ],
		"fontsize" : 10,
		"legacytextcolor" : 1,
		"textcolor" : [ 0.752941, 0.023529, 0.247059, 1 ],
		"textoncolor" : [ 0.870588, 0.819608, 0.239216, 1 ],
		"textovercolor" : [ 0.752941, 0.023529, 0.247059, 1 ],
		"usebgoncolor" : 1,
		"usetextovercolor" : 1
	}
,
	"mouse_menu" : 	{
		"patching_rect" : [ 42, 83, 82, 19 ],
		"hidden" : 0,
		"applycolors" : 0,
		"bgfillcolor" : 		{
			"type" : "gradient",
			"color1" : [ 0.172137149796092, 0.172137100044002, 0.172137113045018, 1 ],
			"color2" : [ 0.172137149796092, 0.172137100044002, 0.172137113045018, 1 ],
			"color" : [ 0.172137149796092, 0.172137100044002, 0.172137113045018, 1 ]
		}
,
		"color" : [ 0.618934978328545, 0.744701397656435, 0.953750108255376, 1 ],
		"elementcolor" : [ 0.221327066888467, 0.221327006361825, 0.221327022178404, 1 ],
		"fontsize" : 9,
		"textcolor" : [ 0.9, 0.9, 0.9, 1 ]
	}
,
	"clear_once" : 	{
		"patching_rect" : [ 129, 83, 46, 17 ],
		"hidden" : 0,
		"bgcolor" : [ 0.75, 0.75, 0.75, 1 ],
		"bgoncolor" : [ 0.752941, 0.023529, 0.247059, 1 ],
		"fontsize" : 10,
		"legacytextcolor" : 1,
		"textcolor" : [ 0.752941, 0.023529, 0.247059, 1 ],
		"textoncolor" : [ 0.870588, 0.819608, 0.239216, 1 ],
		"textovercolor" : [ 0.752941, 0.023529, 0.247059, 1 ],
		"usebgoncolor" : 1,
		"usetextovercolor" : 1
	}
,
	"abs_rel" : 	{
		"patching_rect" : [ 281, 17, 29, 17 ],
		"hidden" : 0,
		"bgcolor" : [ 0.75, 0.75, 0.75, 1 ],
		"bgoncolor" : [ 0.752941, 0.023529, 0.247059, 1 ],
		"fontsize" : 10,
		"legacytextcolor" : 1,
		"textcolor" : [ 0.752941, 0.023529, 0.247059, 1 ],
		"textoncolor" : [ 0.870588, 0.819608, 0.239216, 1 ],
		"textovercolor" : [ 0.752941, 0.023529, 0.247059, 1 ],
		"usebgoncolor" : 1,
		"usetextovercolor" : 1
	}
,
	"coords" : 	{
		"patching_rect" : [ 208.5, 17, 67, 57 ],
		"hidden" : 0,
		"bgcolor" : [ 0.913265, 0.913265, 0.913265, 1 ],
		"bordercolor" : [ 0.5, 0.5, 0.5, 1 ],
		"fontsize" : 12,
		"labelcolor" : [ 0, 0, 0, 1 ],
		"selectcolor" : [ 0.45, 0.67, 1, 0.47 ],
		"slidercolor" : [ 0, 0, 0, 1 ],
		"slidercolornofocus" : [ 0.48, 0.48, 0.48, 0.55 ],
		"textcolor" : [ 0, 0, 0, 1 ],
		"textcolornofocus" : [ 0.48, 0.48, 0.48, 0.79 ]
	}
,
	"colors" : 	{
		"patching_rect" : [ 141, 16, 67, 57 ],
		"hidden" : 0,
		"bgcolor" : [ 0.903061, 0.424163, 0.228513, 1 ],
		"bordercolor" : [ 0.5, 0.5, 0.5, 1 ],
		"fontsize" : 12,
		"labelcolor" : [ 0, 0, 0, 1 ],
		"selectcolor" : [ 0.45, 0.67, 1, 0.47 ],
		"slidercolor" : [ 0, 0, 0, 1 ],
		"slidercolornofocus" : [ 0.48, 0.48, 0.48, 0.55 ],
		"textcolor" : [ 0, 0, 0, 1 ],
		"textcolornofocus" : [ 0.48, 0.48, 0.48, 0.79 ]
	}

}
