{
	"window" : [ 343, 475, 987, 729 ],
	"satb[3]" : 	{
		"patching_rect" : [ 410, 238, 49, 17 ],
		"hidden" : 0,
		"bgfillcolor" : 		{
			"type" : "color",
			"color1" : [ 0.172137149796092, 0.172137100044002, 0.172137113045018, 1 ],
			"color2" : [ 0.172137149796092, 0.172137100044002, 0.172137113045018, 1 ],
			"color" : [ 0.745098, 0.745098, 1.0, 1.0 ],
			"angle" : 0.0
		}
,
		"bordercolor" : [ 0.618934978328545, 0.744701397656435, 0.953750108255376, 1 ]
	}
,
	"satb" : 	{
		"patching_rect" : [ 273, 0, 47, 15 ],
		"hidden" : 0,
		"bgfillcolor" : 		{
			"type" : "color",
			"color1" : [ 0.172137149796092, 0.172137100044002, 0.172137113045018, 1 ],
			"color2" : [ 0.172137149796092, 0.172137100044002, 0.172137113045018, 1 ],
			"color" : [ 0.745098, 0.745098, 1.0, 1.0 ],
			"angle" : 0.0
		}
,
		"bordercolor" : [ 0.618934978328545, 0.744701397656435, 0.953750108255376, 1 ]
	}
,
	"satt" : 	{
		"patching_rect" : [ 273, -1, 30, 17 ],
		"hidden" : 0,
		"bgcolor" : [ 1, 1, 1, 0 ],
		"bubble_bgcolor" : [ 0.235, 0.235, 0.235, 1 ],
		"bubble_outlinecolor" : [ 0.85, 0.85, 0.85, 1 ],
		"bubbleusescolors" : 0,
		"fontsize" : 9,
		"textcolor" : [ 0.85, 0.85, 0.85, 1 ]
	}
,
	"brib" : 	{
		"patching_rect" : [ 181, 0, 47, 15 ],
		"hidden" : 0,
		"bgfillcolor" : 		{
			"type" : "color",
			"color1" : [ 0.172137149796092, 0.172137100044002, 0.172137113045018, 1 ],
			"color2" : [ 0.172137149796092, 0.172137100044002, 0.172137113045018, 1 ],
			"color" : [ 0.556863, 0.917647, 1.0, 1.0 ],
			"angle" : 0.0
		}
,
		"bordercolor" : [ 0.618934978328545, 0.744701397656435, 0.953750108255376, 1 ]
	}
,
	"brit" : 	{
		"patching_rect" : [ 181, -1, 30, 17 ],
		"hidden" : 0,
		"bgcolor" : [ 1, 1, 1, 0 ],
		"bubble_bgcolor" : [ 0.235, 0.235, 0.235, 1 ],
		"bubble_outlinecolor" : [ 0.85, 0.85, 0.85, 1 ],
		"bubbleusescolors" : 0,
		"fontsize" : 9,
		"textcolor" : [ 0.85, 0.85, 0.85, 1 ]
	}
,
	"counter" : 	{
		"patching_rect" : [ 320, 238, 90, 19 ],
		"hidden" : 0,
		"applycolors" : 0,
		"bgfillcolor" : 		{
			"type" : "color",
			"color1" : [ 0.301961, 0.301961, 0.301961, 1 ],
			"color2" : [ 0.2, 0.2, 0.2, 1 ],
			"color" : [ 0.74902, 0.74902, 1.0, 1.0 ]
		}
,
		"color" : [ 0.618934978328545, 0.744701397656435, 0.953750108255376, 1 ],
		"elementcolor" : [ 0.221327066888467, 0.221327006361825, 0.221327022178404, 1 ],
		"fontsize" : 9,
		"textcolor" : [ 0.121569, 0.121569, 0.121569, 1 ]
	}
,
	"conb" : 	{
		"patching_rect" : [ 227, 0, 47, 15 ],
		"hidden" : 0,
		"bgfillcolor" : 		{
			"type" : "color",
			"color1" : [ 0.172137149796092, 0.172137100044002, 0.172137113045018, 1 ],
			"color2" : [ 0.172137149796092, 0.172137100044002, 0.172137113045018, 1 ],
			"color" : [ 0.745098, 0.745098, 1.0, 1.0 ],
			"angle" : 0.0
		}
,
		"bordercolor" : [ 0.618934978328545, 0.744701397656435, 0.953750108255376, 1 ]
	}
,
	"cont" : 	{
		"patching_rect" : [ 227, -1, 30, 17 ],
		"hidden" : 0,
		"bgcolor" : [ 1, 1, 1, 0 ],
		"bubble_bgcolor" : [ 0.235, 0.235, 0.235, 1 ],
		"bubble_outlinecolor" : [ 0.85, 0.85, 0.85, 1 ],
		"bubbleusescolors" : 0,
		"fontsize" : 9,
		"textcolor" : [ 0.85, 0.85, 0.85, 1 ]
	}
,
	"bw" : 	{
		"patching_rect" : [ 443, 239, 15, 15 ],
		"hidden" : 0,
		"bgcolor" : [ 0.125, 0.125, 0.125, 1 ],
		"checkedcolor" : [ 0.618934978328545, 0.744701397656435, 0.953750108255376, 1 ],
		"elementcolor" : [ 0.221327066888467, 0.221327006361825, 0.221327022178404, 1 ],
		"uncheckedcolor" : [ 0.221327066888467, 0.221327006361825, 0.221327022178404, 1 ]
	}
,
	"bri" : 	{
		"patching_rect" : [ 196, -1, 30, 20 ],
		"hidden" : 0,
		"bgcolor" : [ 1, 1, 1, 0 ],
		"fontsize" : 10,
		"htricolor" : [ 0.87, 0.82, 0.24, 1 ],
		"textcolor" : [ 0, 0, 0, 1 ],
		"tricolor" : [ 0.75, 0.75, 0.75, 1 ]
	}
,
	"con" : 	{
		"patching_rect" : [ 242, -1, 30, 20 ],
		"hidden" : 0,
		"bgcolor" : [ 1, 1, 1, 0 ],
		"fontsize" : 10,
		"htricolor" : [ 0.87, 0.82, 0.24, 1 ],
		"textcolor" : [ 0, 0, 0, 1 ],
		"tricolor" : [ 0.75, 0.75, 0.75, 1 ]
	}
,
	"sat" : 	{
		"patching_rect" : [ 290, -1, 30, 20 ],
		"hidden" : 0,
		"bgcolor" : [ 1, 1, 1, 0 ],
		"fontsize" : 10,
		"htricolor" : [ 0.87, 0.82, 0.24, 1 ],
		"textcolor" : [ 0, 0, 0, 1 ],
		"tricolor" : [ 0.75, 0.75, 0.75, 1 ]
	}
,
	"tresht[1]" : 	{
		"patching_rect" : [ 412, 240, 31, 17 ],
		"hidden" : 0,
		"bgcolor" : [ 1, 1, 1, 0 ],
		"bubble_bgcolor" : [ 0.235, 0.235, 0.235, 1 ],
		"bubble_outlinecolor" : [ 0.85, 0.85, 0.85, 1 ],
		"bubbleusescolors" : 0,
		"fontsize" : 9,
		"textcolor" : [ 0.85, 0.85, 0.85, 1 ]
	}
,
	"metroON" : 	{
		"patching_rect" : [ 390, 205, 16, 16 ],
		"hidden" : 0,
		"bgcolor" : [ 0.125, 0.125, 0.125, 1 ],
		"checkedcolor" : [ 0.618934978328545, 0.744701397656435, 0.953750108255376, 1 ],
		"elementcolor" : [ 0.221327066888467, 0.221327006361825, 0.221327022178404, 1 ],
		"uncheckedcolor" : [ 0.221327066888467, 0.221327006361825, 0.221327022178404, 1 ]
	}
,
	"x_pos" : 	{
		"patching_rect" : [ 390, 222, 35, 20 ],
		"hidden" : 0,
		"bgcolor" : [ 0.866667, 0.866667, 0.866667, 0 ],
		"fontsize" : 10,
		"htricolor" : [ 0.87, 0.82, 0.24, 1 ],
		"textcolor" : [ 0, 0, 0, 1 ],
		"tricolor" : [ 0.75, 0.75, 0.75, 1 ]
	}
,
	"jit_on" : 	{
		"patching_rect" : [ 78, 0, 21, 15 ],
		"hidden" : 0,
		"bgcolor" : [ 0.75, 0.75, 0.75, 1 ],
		"bgoncolor" : [ 0.752941, 0.023529, 0.247059, 1 ],
		"fontsize" : 8,
		"legacytextcolor" : 1,
		"textcolor" : [ 0.752941, 0.023529, 0.247059, 1 ],
		"textoncolor" : [ 0.870588, 0.819608, 0.239216, 1 ],
		"textovercolor" : [ 0.752941, 0.023529, 0.247059, 1 ],
		"usebgoncolor" : 1,
		"usetextovercolor" : 1
	}
,
	"jit_ms" : 	{
		"patching_rect" : [ 99, 0, 25, 15 ],
		"hidden" : 0,
		"activebgcolor" : [ 0.752941, 0.023529, 0.247059, 1 ],
		"activeslidercolor" : [ 0.594473705410263, 0.720560630419913, 0.928309050695498, 1 ],
		"activetricolor" : [ 0.261531128329206, 0.261531061881087, 0.261531079296546, 1 ],
		"activetricolor2" : [ 0.618934978328545, 0.744701397656435, 0.953750108255376, 1 ],
		"bordercolor" : [ 0.09782765023003, 0.097827613875914, 0.09782762332443, 1 ],
		"focusbordercolor" : [ 0.447518749806177, 0.44751863973454, 0.447518668498017, 1 ],
		"fontsize" : 9.5,
		"inactivelcdcolor" : [ 0.325, 0.325, 0.325, 1 ],
		"lcdbgcolor" : [ 0.079348079365577, 0.07934804057877, 0.079348050547289, 1 ],
		"lcdcolor" : [ 0.931948395395052, 0.771744459193783, 0.523883756405412, 1 ],
		"textcolor" : [ 0.8, 0.901961, 0.223529, 1 ],
		"tricolor" : [ 0.57636836783545, 0.576368229540612, 0.576368265679262, 1 ],
		"tricolor2" : [ 0.261531128329206, 0.261531061881087, 0.261531079296546, 1 ]
	}
,
	"jit_input1" : 	{
		"patching_rect" : [ 124, 0, 57, 19 ],
		"hidden" : 0,
		"applycolors" : 0,
		"bgfillcolor" : 		{
			"type" : "color",
			"color1" : [ 0.301961, 0.301961, 0.301961, 1 ],
			"color2" : [ 0.2, 0.2, 0.2, 1 ],
			"color" : [ 0.011765, 0.101961, 0.219608, 1.0 ]
		}
,
		"color" : [ 0.618934978328545, 0.744701397656435, 0.953750108255376, 1 ],
		"elementcolor" : [ 0.221327066888467, 0.221327006361825, 0.221327022178404, 1 ],
		"fontsize" : 9,
		"textcolor" : [ 1, 1, 1, 1 ]
	}
,
	"ll.blues" : 	{
		"patching_rect" : [ 481, 205, 159, 53 ],
		"hidden" : 0,
		"accentcolor" : [ 0.458595350062755, 0.458595237564901, 0.458595266962388, 1 ],
		"bgcolor" : [ 0.125, 0.125, 0.125, 1 ],
		"bgfillcolor" : 		{
			"type" : "gradient",
			"color1" : [ 0.172137149796092, 0.172137100044002, 0.172137113045018, 1 ],
			"color2" : [ 0.172137149796092, 0.172137100044002, 0.172137113045018, 1 ],
			"color" : [ 0.172137149796092, 0.172137100044002, 0.172137113045018, 1 ]
		}
,
		"bubble_bgcolor" : [ 0.235, 0.235, 0.235, 1 ],
		"bubble_outlinecolor" : [ 0.85, 0.85, 0.85, 1 ],
		"clearcolor" : [ 1, 1, 1, 0 ],
		"color" : [ 0.618934978328545, 0.744701397656435, 0.953750108255376, 1 ],
		"editing_bgcolor" : [ 0.235, 0.235, 0.235, 1 ],
		"elementcolor" : [ 0.221327066888467, 0.221327006361825, 0.221327022178404, 1 ],
		"fontsize" : 12,
		"locked_bgcolor" : [ 0.235, 0.235, 0.235, 1 ],
		"patchlinecolor" : [ 0.447518749806177, 0.44751863973454, 0.447518668498017, 1 ],