{
	"window" : [ 873, 215, 1032, 460 ],
	"ll.blues" : 	{
		"patching_rect" : [ 0, 192, 159, 53 ],
		"hidden" : 0,
		"accentcolor" : [ 0.458595350062755, 0.458595237564901, 0.458595266962388, 1 ],
		"bgcolor" : [ 0.125, 0.125, 0.125, 1 ],
		"bgfillcolor" : 		{
			"type" : "gradient",
			"color1" : [ 0.172137149796092, 0.172137100044002, 0.172137113045018, 1 ],
			"color2" : [ 0.172137149796092, 0.172137100044002, 0.172137113045018, 1 ],
			"color" : [ 0.172137149796092, 0.172137100044002, 0.172137113045018, 1 ]
		}
,
		"bubble_bgcolor" : [ 0.235, 0.235, 0.235, 1 ],
		"bubble_outlinecolor" : [ 0.85, 0.85, 0.85, 1 ],
		"clearcolor" : [ 1, 1, 1, 0 ],
		"color" : [ 0.618934978328545, 0.744701397656435, 0.953750108255376, 1 ],
		"editing_bgcolor" : [ 0.235, 0.235, 0.235, 1 ],
		"elementcolor" : [ 0.221327066888467, 0.221327006361825, 0.221327022178404, 1 ],
		"fontsize" : 12,
		"locked_bgcolor" : [ 0.235, 0.235, 0.235, 1 ],
		"patchlinecolor" : [ 0.447518749806177, 0.44751863973454, 0.447518668498017, 1 ],
		"selectioncolor" : [ 0.922234290352602, 0.71007200526417, 0.329758341965716, 1 ],
		"stripecolor" : [ 0.172137149796092, 0.172137100044002, 0.172137113045018, 1 ],
		"syntax_attrargcolor" : [ 0.987719444392034, 0.772809765725725, 0.723525810589731, 1 ],
		"syntax_attributecolor" : [ 0.574681917362067, 0.746730429372804, 1, 1 ],
		"syntax_objargcolor" : [ 0.9, 0.9, 0.9, 1 ],
		"syntax_objectcolor" : [ 0.956590352327427, 0.76614891786161, 0.452834090916593, 1 ],
		"textcolor" : [ 0.85, 0.85, 0.85, 1 ],
		"textcolor_inverse" : [ 0.9, 0.9, 0.9, 1 ]
	}
,
	"wfL" : 	{
		"patching_rect" : [ 0, 92, 159, 47 ],
		"hidden" : 0,
		"bgcolor" : [ 0, 1, 0, 1 ],
		"fontsize" : 10,
		"gridcolor" : [ 0.423529, 0.423529, 0.423529, 1 ],
		"reflectioncolor" : [ 0.458595350062755, 0.458595237564901, 0.458595266962388, 1 ],
		"selectioncolor" : [ 0.247059, 0.439216, 0.72549, 0.5 ],
		"waveformcolor" : [ 0, 0, 1, 1 ]
	}
,
	"wfR" : 	{
		"patching_rect" : [ 0, 136, 159, 47 ],
		"hidden" : 0,
		"bgcolor" : [ 0, 1, 0, 1 ],
		"fontsize" : 10,
		"gridcolor" : [ 0.423529, 0.423529, 0.423529, 1 ],
		"reflectioncolor" : [ 0.458595350062755, 0.458595237564901, 0.458595266962388, 1 ],
		"selectioncolor" : [ 0.247059, 0.439216, 0.72549, 0.5 ],
		"waveformcolor" : [ 0, 0, 1, 1 ]
	}
,
	"preset-ramp" : 	{
		"patching_rect" : [ 0, 16, 54, 15 ],
		"hidden" : 0,
		"bgcolor" : [ 1, 1, 1, 1 ],
		"bordercolor" : [ 0.5, 0.5, 0.5, 1 ],
		"fontsize" : 12,
		"labelcolor" : [ 0, 0, 0, 1 ],
		"selectcolor" : [ 0.45, 0.67, 1, 0.47 ],
		"slidercolor" : [ 0, 0, 0, 1 ],
		"slidercolornofocus" : [ 0.48, 0.48, 0.48, 0.55 ],
		"textcolor" : [ 0, 0, 0, 1 ],
		"textcolornofocus" : [ 0.48, 0.48, 0.48, 0.79 ]
	}
,
	"presets" : 	{
		"patching_rect" : [ 53, 0, 106, 31 ],
		"hidden" : 0,
		"jsarguments" : [ 14, "255 255 255", "50 50 50", "255 0 0", "0 255 0", "rm@1" ]
	}
,
	"cross_fader" : 	{
		"patching_rect" : [ 0, 182, 159, 10 ],
		"hidden" : 0,
		"bgcolor" : [ 0.996078, 0.980392, 0.039216, 1 ],
		"peakcolor" : [ 0.498039, 0.498039, 0.498039, 1 ],
		"slidercolor" : [ 0, 0, 0, 1 ]
	}
,
	"freq_link" : 	{
		"patching_rect" : [ 140, 31, 19, 19 ],
		"hidden" : 0,
		"bgcolor" : [ 0.125, 0.125, 0.125, 1 ],
		"checkedcolor" : [ 0.618934978328545, 0.744701397656435, 0.953750108255376, 1 ],
		"elementcolor" : [ 0.221327066888467, 0.221327006361825, 0.221327022178404, 1 ],
		"uncheckedcolor" : [ 0.221327066888467, 0.221327006361825, 0.221327022178404, 1 ]
	}
,
	"wave_link" : 	{
		"patching_rect" : [ 47, 31, 19, 19 ],
		"hidden" : 0,
		"bgcolor" : [ 0.125, 0.125, 0.125, 1 ],
		"checkedcolor" : [ 0.618934978328545, 0.744701397656435, 0.953750108255376, 1 ],
		"elementcolor" : [ 0.221327066888467, 0.221327006361825, 0.221327022178404, 1 ],
		"uncheckedcolor" : [ 0.221327066888467, 0.221327006361825, 0.221327022178404, 1 ]
	}
,
	"wave_L" : 	{
		"patching_rect" : [ 0, 31, 32, 22 ],
		"hidden" : 0,
		"applycolors" : 0,
		"bgfillcolor" : 		{
			"type" : "color",
			"color1" : [ 0.301961, 0.301961, 0.301961, 1 ],
			"color2" : [ 0.2, 0.2, 0.2, 1 ],
			"color" : [ 0.227451, 0.239216, 1.0, 1.0 ]
		}
,
		"color" : [ 0.618934978328545, 0.744701397656435, 0.953750108255376, 1 ],
		"elementcolor" : [ 0.221327066888467, 0.221327006361825, 0.221327022178404, 1 ],
		"fontsize" : 12,
		"textcolor" : [ 1, 1, 1, 1 ]
	}
,
	"wave_R" : 	{
		"patching_rect" : [ 66, 31, 32, 22 ],
		"hidden" : 0,
		"applycolors" : 0,
		"bgfillcolor" : 		{
			"type" : "color",
			"color1" : [ 0.301961, 0.301961, 0.301961, 1 ],
			"color2" : [ 0.2, 0.2, 0.2, 1 ],
			"color" : [ 0.227451, 0.239216, 1.0, 1.0 ]
		}
,
		"color" : [ 0.618934978328545, 0.744701397656435, 0.953750108255376, 1 ],
		"elementcolor" : [ 0.221327066888467, 0.221327006361825, 0.221327022178404, 1 ],
		"fontsize" : 12,
		"textcolor" : [ 1, 1, 1, 1 ]
	}
,
	"interpolate_L" : 	{
		"patching_rect" : [ 32, 31, 15, 19 ],
		"hidden" : 0,
		"bgcolor" : [ 0.333333, 0.537255, 0.960784, 1 ],
		"bgoncolor" : [ 0.027451, 0.023529, 0.6, 1 ],
		"fontsize" : 12,
		"legacytextcolor" : 1,
		"textcolor" : [ 1, 1, 1, 1 ],
		"textoncolor" : [ 1, 1, 1, 1 ],
		"textovercolor" : [ 1, 1, 1, 1 ],
		"usebgoncolor" : 1,
		"usetextovercolor" : 1
	}
,
	"interpolate_R" : 	{
		"patching_rect" : [ 98, 31, 15, 19 ],
		"hidden" : 0,
		"bgcolor" : [ 0.333333, 0.537255, 0.960784, 1 ],
		"bgoncolor" : [ 0.027451, 0.023529, 0.6, 1 ],
		"fontsize" : 12,
		"legacytextcolor" : 1,
		"textcolor" : [ 1, 1, 1, 1 ],
		"textoncolor" : [ 1, 1, 1, 1 ],
		"textovercolor" : [ 1, 1, 1, 1 ],
		"usebgoncolor" : 1,
		"usetextovercolor" : 1
	}
,
	"freq_L" : 	{
		"patching_rect" : [ 0, 64, 159, 15 ],
		"hidden" : 0,
		"bgcolor" : [ 1, 0, 0, 1 ],
		"bordercolor" : [ 0, 0, 0, 1 ],
		"fontsize" : 14,
		"labelcolor" : [ 0.537255, 0.537255, 0.537255, 1 ],
		"selectcolor" : [ 0.45, 0.67, 1, 0.47 ],
		"slidercolor" : [ 0, 0, 0, 1 ],
		"slidercolornofocus" : [ 0.48, 0.48, 0.48, 0.55 ],
		"textcolor" : [ 0, 0, 0, 1 ],
		"textcolornofocus" : [ 0.48, 0.48, 0.48, 0.79 ]
	}
,
	"freq_R" : 	{
		"patching_rect" : [ 0, 78, 159, 15 ],
		"hidden" : 0,
		"bgcolor" : [ 1, 0, 0, 1 ],
		"bordercolor" : [ 0, 0, 0, 1 ],
		"fontsize" : 14,
		"labelcolor" : [ 0.537255, 0.537255, 0.537255, 1 ],
		"selectcolor" : [ 0.45, 0.67, 1, 0.47 ],
		"slidercolor" : [ 0, 0, 0, 1 ],
		"slidercolornofocus" : [ 0.48, 0.48, 0.48, 0.55 ],
		"textcolor" : [ 0, 0, 0, 1 ],
		"textcolornofocus" : [ 0.48, 0.48, 0.48, 0.79 ]
	}
,
	"freq_ramp" : 	{
		"patching_rect" : [ 0, 50, 159, 15 ],
		"hidden" : 0,
		"bgcolor" : [ 0.215686, 0, 0.980392, 1 ],
		"bordercolor" : [ 0, 0, 0, 1 ],
		"fontsize" : 14,
		"labelcolor" : [ 0.537255, 0.537255, 0.537255, 1 ],
		"selectcolor" : [ 0.45, 0.67, 1, 0.47 ],
		"slidercolor" : [ 1, 1, 1, 1 ],
		"slidercolornofocus" : [ 1, 1, 1, 0.54902 ],
		"textcolor" : [ 1, 1, 1, 1 ],
		"textcolornofocus" : [ 1, 1, 1, 0.788235 ]
	}

}
