{
	"window" : [ 370, 693, 570, 753 ],
	"spk_amt" : 	{
		"patching_rect" : [ 0, 40, 47, 20 ],
		"hidden" : 0,
		"bgcolor" : [ 1, 1, 1, 1 ],
		"bordercolor" : [ 0.5, 0.5, 0.5, 1 ],
		"fontsize" : 10,
		"labelcolor" : [ 0, 0, 0, 1 ],
		"selectcolor" : [ 0.45, 0.67, 1, 0.47 ],
		"slidercolor" : [ 0, 0, 0, 1 ],
		"slidercolornofocus" : [ 0.48, 0.48, 0.48, 0.55 ],
		"textcolor" : [ 0, 0, 0, 1 ],
		"textcolornofocus" : [ 0.48, 0.48, 0.48, 0.79 ]
	}
,
	"def" : 	{
		"patching_rect" : [ 49, 40, 50, 20 ],
		"hidden" : 0,
		"bgcolor" : [ 0.698039, 0.698039, 0.698039, 1 ],
		"bgoncolor" : [ 1, 0.039216, 0.392157, 1 ],
		"fontsize" : 10,
		"legacytextcolor" : 1,
		"textcolor" : [ 0.941176, 0.098039, 0.098039, 1 ],
		"textoncolor" : [ 1, 1, 1, 1 ],
		"textovercolor" : [ 1, 0.039216, 0.392157, 1 ],
		"usebgoncolor" : 1,
		"usetextovercolor" : 1
	}
,
	"type" : 	{
		"patching_rect" : [ 106.5, 18, 92, 20 ],
		"hidden" : 0,
		"applycolors" : 0,
		"bgfillcolor" : 		{
			"type" : "gradient",
			"color1" : [ 0.172137149796092, 0.172137100044002, 0.172137113045018, 1 ],
			"color2" : [ 0.172137149796092, 0.172137100044002, 0.172137113045018, 1 ],
			"color" : [ 0.172137149796092, 0.172137100044002, 0.172137113045018, 1 ]
		}
,
		"color" : [ 0.618934978328545, 0.744701397656435, 0.953750108255376, 1 ],
		"elementcolor" : [ 0.221327066888467, 0.221327006361825, 0.221327022178404, 1 ],
		"fontsize" : 10,
		"textcolor" : [ 0.9, 0.9, 0.9, 1 ]
	}
,
	"gain" : 	{
		"patching_rect" : [ 100.5, 40, 98, 20 ],
		"hidden" : 0,
		"bgcolor" : [ 1, 1, 1, 1 ],
		"bordercolor" : [ 0.5, 0.5, 0.5, 1 ],
		"fontsize" : 10,
		"labelcolor" : [ 0, 0, 0, 1 ],
		"selectcolor" : [ 0.45, 0.67, 1, 0.47 ],
		"slidercolor" : [ 0.784314, 0.145098, 0.023529, 1 ],
		"slidercolornofocus" : [ 0.48, 0.48, 0.48, 0.55 ],
		"textcolor" : [ 0, 0, 0, 1 ],
		"textcolornofocus" : [ 0.48, 0.48, 0.48, 0.79 ]
	}
,
	"order" : 	{
		"patching_rect" : [ 0, 18, 47, 20 ],
		"hidden" : 0,
		"bgcolor" : [ 1, 1, 1, 1 ],
		"bordercolor" : [ 0.5, 0.5, 0.5, 1 ],
		"fontsize" : 10,
		"labelcolor" : [ 0, 0, 0, 1 ],
		"selectcolor" : [ 0.45, 0.67, 1, 0.47 ],
		"slidercolor" : [ 0, 0, 0, 1 ],
		"slidercolornofocus" : [ 0.48, 0.48, 0.48, 0.55 ],
		"textcolor" : [ 0, 0, 0, 1 ],
		"textcolornofocus" : [ 0.48, 0.48, 0.48, 0.79 ]
	}
,
	"presets" : 	{
		"patching_rect" : [ 134, 0, 64.5, 16 ],
		"hidden" : 0,
		"jsarguments" : [ 17, "255 255 255", "50 50 50", "255 0 0", "0 255 0" ]
	}

}
