{
	"window" : [ 653, 106, 788, 250 ],
	"loudness_send-listitem" : 	{
		"patching_rect" : [ 110, 78, 25, 19 ],
		"hidden" : 0,
		"bgcolor" : [ 0.294118, 1, 0.294118, 1 ],
		"fontsize" : 9,
		"htricolor" : [ 0.87, 0.82, 0.24, 1 ],
		"textcolor" : [ 0, 0, 0, 1 ],
		"tricolor" : [ 0.75, 0.75, 0.75, 1 ]
	}
,
	"on/off" : 	{
		"patching_rect" : [ 29, 89, 39, 20 ],
		"hidden" : 0,
		"applycolors" : 0,
		"bgfillcolor" : 		{
			"type" : "color",
			"color1" : [ 0.376471, 0.384314, 0.4, 1.0 ],
			"color2" : [ 0.290196, 0.309804, 0.301961, 1.0 ],
			"color" : [ 0.807843, 0.807843, 0.807843, 1.0 ],
			"angle" : 270.0,
			"proportion" : 0.39
		}
,
		"color" : [ 0.618934978328545, 0.744701397656435, 0.953750108255376, 1 ],
		"elementcolor" : [ 0.221327066888467, 0.221327006361825, 0.221327022178404, 1 ],
		"fontsize" : 10,
		"textcolor" : [ 0.149, 0.149, 0.149, 1 ]
	}
,
	"preset-ramp" : 	{
		"patching_rect" : [ 94, 0, 40, 16 ],
		"hidden" : 0,
		"bgcolor" : [ 1, 1, 1, 1 ],
		"bordercolor" : [ 0.5, 0.5, 0.5, 1 ],
		"fontsize" : 10,
		"labelcolor" : [ 0, 0, 0, 1 ],
		"selectcolor" : [ 0.45, 0.67, 1, 0.47 ],
		"slidercolor" : [ 0, 0, 0, 1 ],
		"slidercolornofocus" : [ 0.48, 0.48, 0.48, 0.55 ],
		"textcolor" : [ 0, 0, 0, 1 ],
		"textcolornofocus" : [ 0.48, 0.48, 0.48, 0.79 ]
	}
,
	"presets" : 	{
		"patching_rect" : [ 68, 15, 66, 27 ],
		"hidden" : 0,
		"jsarguments" : [ 12, "255 255 255", "50 50 50", "255 0 0", "0 255 0", "peakfollow@1" ]
	}
,
	"loudness_display1" : 	{
		"patching_rect" : [ 0, 13, 67, 39 ],
		"hidden" : 0,
		"bgcolor" : [ 0.67451, 0, 0.839216, 1 ],
		"peakcolor" : [ 0.498039, 0.498039, 0.498039, 1 ],
		"slidercolor" : [ 0.937255, 0.937255, 0.937255, 1 ]
	}
,
	"loudness_display2" : 	{
		"patching_rect" : [ 0, 103, 67, 40 ],
		"hidden" : 0,
		"bgcolor" : [ 0.67451, 0, 0.839216, 1 ],
		"peakcolor" : [ 0.498039, 0.498039, 0.498039, 1 ],
		"slidercolor" : [ 1, 1, 1, 1 ]
	}
,
	"loudness_send-act" : 	{
		"patching_rect" : [ 67, 63, 67, 19 ],
		"hidden" : 0,
		"applycolors" : 0,
		"bgfillcolor" : 		{
			"type" : "color",
			"color1" : [ 0.376471, 0.384314, 0.4, 1.0 ],
			"color2" : [ 0.290196, 0.309804, 0.301961, 1.0 ],
			"color" : [ 0.294118, 1.0, 0.294118, 1.0 ],
			"angle" : 270.0,
			"proportion" : 0.39
		}
,
		"color" : [ 0.618934978328545, 0.744701397656435, 0.953750108255376, 1 ],
		"elementcolor" : [ 0.221327066888467, 0.221327006361825, 0.221327022178404, 1 ],
		"fontsize" : 9,
		"textcolor" : [ 0.149, 0.149, 0.149, 1 ]
	}
,
	"loudness_send-par" : 	{
		"patching_rect" : [ 67, 78, 46, 19 ],
		"hidden" : 0,
		"applycolors" : 0,
		"bgfillcolor" : 		{
			"type" : "color",
			"color1" : [ 0.376471, 0.384314, 0.4, 1.0 ],
			"color2" : [ 0.290196, 0.309804, 0.301961, 1.0 ],
			"color" : [ 0.294118, 1.0, 0.294118, 1.0 ],
			"angle" : 270.0,
			"proportion" : 0.39
		}
,
		"color" : [ 0.618934978328545, 0.744701397656435, 0.953750108255376, 1 ],
		"elementcolor" : [ 0.221327066888467, 0.221327006361825, 0.221327022178404, 1 ],
		"fontsize" : 9,
		"textcolor" : [ 0.149, 0.149, 0.149, 1 ]
	}
,
	"loudness_in-low" : 	{
		"patching_rect" : [ 0, 61, 34, 19 ],
		"hidden" : 0,
		"bgcolor" : [ 0.67451, 0, 0.839216, 1 ],
		"fontsize" : 9,
		"htricolor" : [ 0.87, 0.82, 0.24, 1 ],
		"textcolor" : [ 1, 1, 1, 1 ],
		"tricolor" : [ 0.75, 0.75, 0.75, 1 ]
	}
,
	"loudness_in-high" : 	{
		"patching_rect" : [ 33, 61, 34, 19 ],
		"hidden" : 0,
		"bgcolor" : [ 0.67451, 0, 0.839216, 1 ],
		"fontsize" : 9,
		"htricolor" : [ 0.87, 0.82, 0.24, 1 ],
		"textcolor" : [ 1, 1, 1, 1 ],
		"tricolor" : [ 0.75, 0.75, 0.75, 1 ]
	}
,
	"loudness_out-low" : 	{
		"patching_rect" : [ 0, 75, 34, 19 ],
		"hidden" : 0,
		"bgcolor" : [ 0.67451, 0, 0.839216, 1 ],
		"fontsize" : 9,
		"htricolor" : [ 0.87, 0.82, 0.24, 1 ],
		"textcolor" : [ 1, 1, 1, 1 ],
		"tricolor" : [ 0.75, 0.75, 0.75, 1 ]
	}
,
	"loudness_out-high" : 	{
		"patching_rect" : [ 33, 75, 34, 19 ],
		"hidden" : 0,
		"bgcolor" : [ 0.67451, 0, 0.839216, 1 ],
		"fontsize" : 9,
		"htricolor" : [ 0.87, 0.82, 0.24, 1 ],
		"textcolor" : [ 1, 1, 1, 1 ],
		"tricolor" : [ 0.75, 0.75, 0.75, 1 ]
	}
,
	"loudness_log" : 	{
		"patching_rect" : [ 0, 89, 31, 19 ],
		"hidden" : 0,
		"bgcolor" : [ 0.67451, 0, 0.839216, 1 ],
		"fontsize" : 9,
		"htricolor" : [ 0.87, 0.82, 0.24, 1 ],
		"textcolor" : [ 1, 1, 1, 1 ],
		"tricolor" : [ 0.75, 0.75, 0.75, 1 ]
	}
,
	"act~" : 	{
		"patching_rect" : [ 66, 94, 47, 19 ],
		"hidden" : 0,
		"applycolors" : 0,
		"bgfillcolor" : 		{
			"type" : "color",
			"color1" : [ 0.376471, 0.384314, 0.4, 1.0 ],
			"color2" : [ 0.290196, 0.309804, 0.301961, 1.0 ],
			"color" : [ 0.023529, 0.0, 0.847059, 1.0 ],
			"angle" : 270.0,
			"proportion" : 0.39
		}
,
		"color" : [ 0.618934978328545, 0.744701397656435, 0.953750108255376, 1 ],
		"elementcolor" : [ 0.221327066888467, 0.221327006361825, 0.221327022178404, 1 ],
		"fontsize" : 9,
		"textcolor" : [ 1, 1, 1, 1 ]
	}
,
	"par~" : 	{
		"patching_rect" : [ 66, 109, 68, 19 ],
		"hidden" : 0,
		"applycolors" : 0,
		"bgfillcolor" : 		{
			"type" : "color",
			"color1" : [ 0.376471, 0.384314, 0.4, 1.0 ],
			"color2" : [ 0.290196, 0.309804, 0.301961, 1.0 ],
			"color" : [ 0.023529, 0.0, 0.847059, 1.0 ],
			"angle" : 270.0,
			"proportion" : 0.39
		}
,
		"color" : [ 0.618934978328545, 0.744701397656435, 0.953750108255376, 1 ],
		"elementcolor" : [ 0.221327066888467, 0.221327006361825, 0.221327022178404, 1 ],
		"fontsize" : 9,
		"textcolor" : [ 1, 1, 1, 1 ]
	}
,
	"slide_up" : 	{
		"patching_rect" : [ 67, 126, 33, 19 ],
		"hidden" : 0,
		"bgcolor" : [ 0.172549, 0.345098, 0.862745, 1 ],
		"fontsize" : 9,
		"htricolor" : [ 0.87, 0.82, 0.24, 1 ],
		"textcolor" : [ 1, 1, 1, 1 ],
		"tricolor" : [ 0.75, 0.75, 0.75, 1 ]
	}
,
	"slide_down" : 	{
		"patching_rect" : [ 99, 126, 36, 19 ],
		"hidden" : 0,
		"bgcolor" : [ 0.172549, 0.345098, 0.862745, 1 ],
		"fontsize" : 9,
		"htricolor" : [ 0.87, 0.82, 0.24, 1 ],
		"textcolor" : [ 1, 1, 1, 1 ],
		"tricolor" : [ 0.75, 0.75, 0.75, 1 ]
	}
,
	"minmax" : 	{
		"patching_rect" : [ -1, 51, 68, 12 ],
		"hidden" : 0,
		"bgcolor" : [ 0, 0, 0, 1 ],
		"bordercolor" : [ 0.67451, 0, 0.839216, 1 ],
		"fgcolor" : [ 0.67451, 0, 0.839216, 1 ]
	}
,
	"on/off~" : 	{
		"patching_rect" : [ 113, 95, 21, 15 ],
		"hidden" : 0,
		"bgcolor" : [ 0.75, 0.75, 0.75, 1 ],
		"bgoncolor" : [ 0.023529, 0.058824, 0.752941, 1 ],
		"fontsize" : 9,
		"legacytextcolor" : 1,
		"textcolor" : [ 0.752941, 0.023529, 0.247059, 1 ],
		"textoncolor" : [ 0.870588, 0.819608, 0.239216, 1 ],
		"textovercolor" : [ 0.752941, 0.023529, 0.247059, 1 ],
		"usebgoncolor" : 1,
		"usetextovercolor" : 1
	}
,
	"decay" : 	{
		"patching_rect" : [ 66, 41, 68, 12 ],
		"hidden" : 0,
		"bgcolor" : [ 0.92549, 0.67451, 0.243137, 1 ],
		"bordercolor" : [ 0, 0, 0, 1 ],
		"fontsize" : 10,
		"labelcolor" : [ 0, 0, 0, 1 ],
		"selectcolor" : [ 0.45, 0.67, 1, 0.47 ],
		"slidercolor" : [ 0, 0, 0, 1 ],
		"slidercolornofocus" : [ 0, 0, 0, 0.54902 ],
		"textcolor" : [ 0, 0, 0, 1 ],
		"textcolornofocus" : [ 0, 0, 0, 0.788235 ]
	}
,
	"interval[1]" : 	{
		"patching_rect" : [ 66, 52, 68, 12 ],
		"hidden" : 0,
		"bgcolor" : [ 0.411765, 0.592157, 0.058824, 0.741176 ],
		"bordercolor" : [ 0, 0, 0, 1 ],
		"fontsize" : 10,
		"labelcolor" : [ 0, 0, 0, 1 ],
		"selectcolor" : [ 0.45, 0.67, 1, 0.47 ],
		"slidercolor" : [ 0, 0, 0, 1 ],
		"slidercolornofocus" : [ 0, 0, 0, 0.54902 ],
		"textcolor" : [ 0, 0, 0, 1 ],
		"textcolornofocus" : [ 0, 0, 0, 0.788235 ]
	}

}
