{
	"window" : [ 425, 279, 791, 488 ],
	"ripple" : 	{
		"patching_rect" : [ 280.5, 0, 37, 22 ],
		"hidden" : 1,
		"bgcolor" : [ 1, 1, 1, 0.5 ],
		"fontsize" : 12,
		"htricolor" : [ 0.87, 0.82, 0.24, 1 ],
		"textcolor" : [ 0, 0, 0, 1 ],
		"tricolor" : [ 0.75, 0.75, 0.75, 1 ]
	}
,
	"risk" : 	{
		"patching_rect" : [ 226, 22, 40, 17 ],
		"hidden" : 0,
		"bgcolor" : [ 0.717647, 0.152941, 0.015686, 0.69 ],
		"bgoncolor" : [ 0.733333, 0.733333, 0.733333, 0 ],
		"fontsize" : 11,
		"legacytextcolor" : 1,
		"textcolor" : [ 1, 1, 1, 1 ],
		"textoncolor" : [ 1, 1, 1, 1 ],
		"textovercolor" : [ 0, 0, 0, 1 ],
		"usebgoncolor" : 1,
		"usetextovercolor" : 1
	}
,
	"floor" : 	{
		"patching_rect" : [ 279.5, 0, 37, 21 ],
		"hidden" : 0,
		"bgcolor" : [ 1, 1, 1, 0.5 ],
		"fontsize" : 11,
		"htricolor" : [ 0.87, 0.82, 0.24, 1 ],
		"textcolor" : [ 0, 0, 0, 1 ],
		"tricolor" : [ 0.75, 0.75, 0.75, 1 ]
	}
,
	"plot" : 	{
		"patching_rect" : [ 0, 99, 367, 83 ],
		"hidden" : 0,
		"bgcolor" : [ 1, 1, 1, 0.5 ],
		"fontsize" : 10,
		"gridcolor" : [ 0.5, 0.5, 0.5, 1 ],
		"gridorigincolor" : [ 0, 0, 0, 1 ]
	}
,
	"display" : 	{
		"patching_rect" : [ 121, 19, 36, 21 ],
		"hidden" : 0,
		"applycolors" : 0,
		"bgfillcolor" : 		{
			"type" : "color",
			"color1" : [ 0.301961, 0.301961, 0.301961, 1 ],
			"color2" : [ 0.2, 0.2, 0.2, 1 ],
			"color" : [ 1.0, 1.0, 1.0, 0.5 ]
		}
,
		"color" : [ 0.618934978328545, 0.744701397656435, 0.953750108255376, 1 ],
		"elementcolor" : [ 0.221327066888467, 0.221327006361825, 0.221327022178404, 1 ],
		"fontsize" : 11,
		"textcolor" : [ 0.149, 0.149, 0.149, 1 ]
	}
,
	"clear!" : 	{
		"patching_rect" : [ 279.5, 22, 40, 17 ],
		"hidden" : 0,
		"bgcolor" : [ 0.74902, 0.74902, 0.74902, 0 ],
		"bgoncolor" : [ 0.09928, 0.718542, 0, 1 ],
		"fontsize" : 11,
		"legacytextcolor" : 1,
		"textcolor" : [ 0, 0, 0, 1 ],
		"textoncolor" : [ 1, 1, 1, 1 ],
		"textovercolor" : [ 0, 0, 0, 1 ],
		"usebgoncolor" : 1,
		"usetextovercolor" : 1
	}
,
	"preset-ramp" : 	{
		"patching_rect" : [ 316, 48, 50, 13 ],
		"hidden" : 0,
		"bgcolor" : [ 1, 1, 1, 1 ],
		"bordercolor" : [ 0.5, 0.5, 0.5, 1 ],
		"fontsize" : 11,
		"labelcolor" : [ 0, 0, 0, 1 ],
		"selectcolor" : [ 0.45, 0.67, 1, 0.47 ],
		"slidercolor" : [ 0, 0, 0, 1 ],
		"slidercolornofocus" : [ 0.48, 0.48, 0.48, 0.55 ],
		"textcolor" : [ 0, 0, 0, 1 ],
		"textcolornofocus" : [ 0.48, 0.48, 0.48, 0.79 ]
	}
,
	"presets" : 	{
		"patching_rect" : [ 317, 0, 49, 49 ],
		"hidden" : 0,
		"jsarguments" : [ 11, "255 255 255", "50 50 50", "255 0 0", "0 255 0", "dfm1@1" ]
	}
,
	"topology" : 	{
		"patching_rect" : [ 68, 0, 77, 21 ],
		"hidden" : 0,
		"applycolors" : 0,
		"bgfillcolor" : 		{
			"type" : "color",
			"color1" : [ 0.301961, 0.301961, 0.301961, 1 ],
			"color2" : [ 0.2, 0.2, 0.2, 1 ],
			"color" : [ 1.0, 1.0, 1.0, 0.5 ]
		}
,
		"color" : [ 0.618934978328545, 0.744701397656435, 0.953750108255376, 1 ],
		"elementcolor" : [ 0.221327066888467, 0.221327006361825, 0.221327022178404, 1 ],
		"fontsize" : 11,
		"textcolor" : [ 0.149, 0.149, 0.149, 1 ]
	}
,
	"Q" : 	{
		"patching_rect" : [ 217, 0, 37, 21 ],
		"hidden" : 0,
		"bgcolor" : [ 1, 1, 1, 0.5 ],
		"fontsize" : 11,
		"htricolor" : [ 0.87, 0.82, 0.24, 1 ],
		"textcolor" : [ 0, 0, 0, 1 ],
		"tricolor" : [ 0.75, 0.75, 0.75, 1 ]
	}
,
	"type" : 	{
		"patching_rect" : [ 144.505370999999997, 0, 56, 21 ],
		"hidden" : 0,
		"applycolors" : 0,
		"bgfillcolor" : 		{
			"type" : "color",
			"color1" : [ 0.301961, 0.301961, 0.301961, 1 ],
			"color2" : [ 0.2, 0.2, 0.2, 1 ],
			"color" : [ 1.0, 1.0, 1.0, 0.5 ]
		}
,
		"color" : [ 0.618934978328545, 0.744701397656435, 0.953750108255376, 1 ],
		"elementcolor" : [ 0.221327066888467, 0.221327006361825, 0.221327022178404, 1 ],
		"fontsize" : 11,
		"textcolor" : [ 0.149, 0.149, 0.149, 1 ]
	}
,
	"freq_low" : 	{
		"patching_rect" : [ 0, 84, 367, 17 ],
		"hidden" : 0,
		"bgcolor" : [ 0.600014, 0.594705, 0.768363, 1 ],
		"bordercolor" : [ 0, 0, 0, 1 ],
		"fontsize" : 15,
		"labelcolor" : [ 0.278056, 0.278056, 0.278056, 1 ],
		"selectcolor" : [ 0.45, 0.67, 1, 0.47 ],
		"slidercolor" : [ 0, 0, 0, 1 ],
		"slidercolornofocus" : [ 0.815686, 0.815686, 0.815686, 1 ],
		"textcolor" : [ 0, 0, 0, 1 ],
		"textcolornofocus" : [ 0.815686, 0.815686, 0.815686, 1 ]
	}
,
	"freq_hi" : 	{
		"patching_rect" : [ 0, 68, 367, 17 ],
		"hidden" : 0,
		"bgcolor" : [ 0.600014, 0.594705, 0.768363, 1 ],
		"bordercolor" : [ 0, 0, 0, 1 ],
		"fontsize" : 15,
		"labelcolor" : [ 0.278056, 0.278056, 0.278056, 1 ],
		"selectcolor" : [ 0.45, 0.67, 1, 0.47 ],
		"slidercolor" : [ 0, 0, 0, 1 ],
		"slidercolornofocus" : [ 0.815686, 0.815686, 0.815686, 1 ],
		"textcolor" : [ 0, 0, 0, 1 ],
		"textcolornofocus" : [ 0.815686, 0.815686, 0.815686, 1 ]
	}
,
	"link_freq" : 	{
		"patching_rect" : [ 137, 55, 27.505370999999997, 14 ],
		"hidden" : 0,
		"bgcolor" : [ 0.670588, 0.803922, 0.937255, 1 ],
		"bgoncolor" : [ 0.223529, 0.54902, 0.301961, 1 ],
		"fontsize" : 11,
		"legacytextcolor" : 1,
		"textcolor" : [ 0.15, 0.15, 0.15, 1 ],
		"textoncolor" : [ 1, 1, 1, 1 ],
		"textovercolor" : [ 0.1, 0.1, 0.1, 1 ],
		"usebgoncolor" : 1,
		"usetextovercolor" : 1
	}
,
	"link_multiply" : 	{
		"patching_rect" : [ 164, 55, 75, 14 ],
		"hidden" : 0,
		"bgcolor" : [ 0.670588, 0.803922, 0.937255, 1 ],
		"bordercolor" : [ 0, 0, 0, 1 ],
		"fontsize" : 14,
		"labelcolor" : [ 0.543889, 0.543889, 0.543889, 1 ],
		"selectcolor" : [ 0.45, 0.67, 1, 0.47 ],
		"slidercolor" : [ 0, 0, 0, 1 ],
		"slidercolornofocus" : [ 0.48, 0.48, 0.48, 0.55 ],
		"textcolor" : [ 0, 0, 0, 1 ],
		"textcolornofocus" : [ 0.48, 0.48, 0.48, 0.79 ]
	}
,
	"gain" : 	{
		"patching_rect" : [ 0, 55, 137, 14 ],
		"hidden" : 0,
		"bgcolor" : [ 0.670588, 0.803922, 0.937255, 1 ],
		"bordercolor" : [ 0, 0, 0, 1 ],
		"fontsize" : 14,
		"labelcolor" : [ 0.543889, 0.543889, 0.543889, 1 ],
		"selectcolor" : [ 0.45, 0.67, 1, 0.47 ],
		"slidercolor" : [ 0, 0, 0, 1 ],
		"slidercolornofocus" : [ 0.48, 0.48, 0.48, 0.55 ],
		"textcolor" : [ 0, 0, 0, 1 ],
		"textcolornofocus" : [ 0.48, 0.48, 0.48, 0.79 ]
	}
,
	"floor_label" : 	{
		"patching_rect" : [ 253.25, 0, 31, 19 ],
		"hidden" : 0,
		"bgcolor" : [ 1, 1, 1, 0 ],
		"bubble_bgcolor" : [ 0.235, 0.235, 0.235, 1 ],
		"bubble_outlinecolor" : [ 0.85, 0.85, 0.85, 1 ],
		"bubbleusescolors" : 0,
		"fontsize" : 11,
		"textcolor" : [ 0.85, 0.85, 0.85, 1 ]
	}
,
	"zoom_label" : 	{
		"patching_rect" : [ 159, 20, 37, 19 ],
		"hidden" : 0,
		"bgcolor" : [ 1, 1, 1, 0 ],
		"bubble_bgcolor" : [ 0.235, 0.235, 0.235, 1 ],
		"bubble_outlinecolor" : [ 0.85, 0.85, 0.85, 1 ],
		"bubbleusescolors" : 0,
		"fontsize" : 11,
		"textcolor" : [ 0.85, 0.85, 0.85, 1 ]
	}
,
	"range_label" : 	{
		"patching_rect" : [ 0, 19, 64, 19 ],
		"hidden" : 0,
		"bgcolor" : [ 1, 1, 1, 0 ],
		"bubble_bgcolor" : [ 0.235, 0.235, 0.235, 1 ],
		"bubble_outlinecolor" : [ 0.85, 0.85, 0.85, 1 ],
		"bubbleusescolors" : 0,
		"fontsize" : 11,
		"textcolor" : [ 0.85, 0.85, 0.85, 1 ]
	}
,
	"range" : 	{
		"patching_rect" : [ 58, 20, 35, 21 ],
		"hidden" : 0,
		"bgcolor" : [ 1, 1, 1, 0 ],
		"fontsize" : 11,
		"htricolor" : [ 0.87, 0.82, 0.24, 1 ],
		"textcolor" : [ 0, 0, 0, 1 ],
		"tricolor" : [ 0.75, 0.75, 0.75, 1 ]
	}
,
	"zoom" : 	{
		"patching_rect" : [ 189, 20, 35, 21 ],
		"hidden" : 0,
		"bgcolor" : [ 1, 1, 1, 0 ],
		"fontsize" : 11,
		"htricolor" : [ 0.87, 0.82, 0.24, 1 ],
		"textcolor" : [ 0, 0, 0, 1 ],
		"tricolor" : [ 0.75, 0.75, 0.75, 1 ]
	}
,
	"clip" : 	{
		"patching_rect" : [ 237.5, 55, 79, 14 ],
		"hidden" : 0,
		"bgcolor" : [ 0.670588, 0.803922, 0.937255, 1 ],
		"bordercolor" : [ 0, 0, 0, 1 ],
		"fontsize" : 14,
		"labelcolor" : [ 0.543889, 0.543889, 0.543889, 1 ],
		"selectcolor" : [ 0.45, 0.67, 1, 0.47 ],
		"slidercolor" : [ 0, 0, 0, 1 ],
		"slidercolornofocus" : [ 0.48, 0.48, 0.48, 0.55 ],
		"textcolor" : [ 0, 0, 0, 1 ],
		"textcolornofocus" : [ 0.48, 0.48, 0.48, 0.79 ]
	}
,
	"ripple_label" : 	{
		"patching_rect" : [ 250.25, 0, 37, 19 ],
		"hidden" : 1,
		"bgcolor" : [ 1, 1, 1, 0 ],
		"bubble_bgcolor" : [ 0.235, 0.235, 0.235, 1 ],