{
	"window" : [ 704, 386, 931, 778 ],
	"labels" : 	{
		"patching_rect" : [ 135, 12, 39, 20 ],
		"hidden" : 0,
		"applycolors" : 0,
		"bgfillcolor" : 		{
			"type" : "color",
			"color1" : [ 0.701961, 0.415686, 0.886275, 1.0 ],
			"color2" : [ 0.290196, 0.309804, 0.301961, 1.0 ],
			"color" : [ 0.466667, 0.254902, 0.607843, 1.0 ],
			"angle" : 270.0,
			"autogradient" : 0.0,
			"proportion" : 0.39
		}
,
		"color" : [ 0.618934978328545, 0.744701397656435, 0.953750108255376, 1 ],
		"elementcolor" : [ 0.221327066888467, 0.221327006361825, 0.221327022178404, 1 ],
		"fontsize" : 10,
		"textcolor" : [ 0.9, 0.9, 0.9, 1 ]
	}
,
	"disp_mode" : 	{
		"patching_rect" : [ 91, 15, 45, 20 ],
		"hidden" : 0,
		"applycolors" : 0,
		"bgfillcolor" : 		{
			"type" : "gradient",
			"color1" : [ 0.172137149796092, 0.172137100044002, 0.172137113045018, 1 ],
			"color2" : [ 0.172137149796092, 0.172137100044002, 0.172137113045018, 1 ],
			"color" : [ 0.172137149796092, 0.172137100044002, 0.172137113045018, 1 ]
		}
,
		"color" : [ 0.618934978328545, 0.744701397656435, 0.953750108255376, 1 ],
		"elementcolor" : [ 0.221327066888467, 0.221327006361825, 0.221327022178404, 1 ],
		"fontsize" : 10,
		"textcolor" : [ 0.9, 0.9, 0.9, 1 ]
	}
,
	"speaker_monitor" : 	{
		"patching_rect" : [ -0.5, 44, 227, 347 ],
		"hidden" : 0,
		"bgcolor" : [ 1, 1, 1, 0 ],
		"border_color" : [ 0.32549, 0.32549, 0.32549, 1 ],
		"centre_color" : [ 1, 1, 1, 0.05 ],
		"coord_color" : [ 0.584314, 0.584314, 0.584314, 1 ],
		"grid_color" : [ 0.32549, 0.345098, 0.372549, 0.36 ],
		"group_name_color" : 0,
		"hi_border_color" : [ 0.776471, 0.635294, 0.776471, 1 ],
		"hi_grid_color" : [ 0, 0, 0, 0.101961 ],
		"label_color" : [ 1, 1, 1, 0.25 ],
		"line_color" : [ 1, 0.47451, 0, 1 ],
		"name_color" : [ 0.360784, 0.341176, 0.321569, 1 ],
		"point_color" : [ 0.862745, 0.870588, 0.878431, 1 ],
		"point_color2" : [ 0, 0.74902, 0, 1 ],
		"point_color3" : [ 0.701961, 0, 1, 1 ],
		"point_color4" : [ 0.74902, 0.380392, 0, 1 ],
		"point_color5" : [ 0.396078, 0.674509, 1, 1 ],
		"point_color6" : [ 0.105882, 1, 0.992156, 1 ],
		"point_color7" : [ 0.2, 1, 0.6, 1 ],
		"point_color8" : [ 0.8667, 1, 0.2, 1 ]
	}
,
	"input_monitor" : 	{
		"patching_rect" : [ -0.5, 44, 227, 347 ],
		"hidden" : 0,
		"bgcolor" : [ 0.304734, 1, 0.238414, 0 ],
		"border_color" : [ 0.32549, 0.32549, 0.32549, 1 ],
		"centre_color" : [ 1, 1, 1, 0.05 ],
		"coord_color" : [ 0.584314, 0.584314, 0.584314, 1 ],
		"grid_color" : [ 0, 0, 0, 0.101961 ],
		"group_name_color" : 0,
		"hi_border_color" : [ 0.843137, 0.639216, 0.388235, 1 ],
		"hi_grid_color" : [ 0, 0, 0, 0.101961 ],
		"label_color" : [ 1, 1, 1, 0.25 ],
		"line_color" : [ 1, 0.47451, 0, 1 ],
		"name_color" : [ 0.862745, 0.870588, 0.878431, 1 ],
		"point_color" : [ 1, 0.104801, 0.155625, 1 ],
		"point_color2" : [ 0.141702, 0.74902, 0.223414, 1 ],
		"point_color3" : [ 0.29885, 0.135413, 1, 1 ],
		"point_color4" : [ 0.780612, 0.398771, 0, 1 ],
		"point_color5" : [ 0.396078, 0.674509, 1, 1 ],
		"point_color6" : [ 0.105882, 1, 0.992156, 1 ],
		"point_color7" : [ 0.2, 1, 0.6, 1 ],
		"point_color8" : [ 0.8667, 1, 0.2, 1 ]
	}
,
	"preset-ramp" : 	{
		"patching_rect" : [ 176, 15, 50, 16 ],
		"hidden" : 0,
		"bgcolor" : [ 1, 1, 1, 1 ],
		"bordercolor" : [ 0.5, 0.5, 0.5, 1 ],
		"fontsize" : 12,
		"labelcolor" : [ 0, 0, 0, 1 ],
		"selectcolor" : [ 0.45, 0.67, 1, 0.47 ],
		"slidercolor" : [ 0, 0, 0, 1 ],
		"slidercolornofocus" : [ 0.48, 0.48, 0.48, 0.55 ],
		"textcolor" : [ 0, 0, 0, 1 ],
		"textcolornofocus" : [ 0.48, 0.48, 0.48, 0.79 ]
	}
,
	"presets" : 	{
		"patching_rect" : [ 135, -1, 91, 16 ],
		"hidden" : 0,
		"jsarguments" : [ 14, "255 255 255", "50 50 50", "255 0 0", "0 255 0", "vbap@1" ]
	}
,
	"outputs" : 	{
		"patching_rect" : [ 26, 23, 29, 21 ],
		"hidden" : 0,
		"bgcolor" : [ 0.780392, 0.262745, 0.101961, 1 ],
		"fontsize" : 11,
		"htricolor" : [ 1, 0.929412, 0.133333, 1 ],
		"textcolor" : [ 0, 0, 0, 1 ],
		"tricolor" : [ 0.780392, 0.262745, 0.101961, 1 ]
	}
,
	"inputs" : 	{
		"patching_rect" : [ 0, 23, 29, 21 ],
		"hidden" : 0,
		"bgcolor" : [ 0.780392, 0.262745, 0.101961, 1 ],
		"fontsize" : 11,
		"htricolor" : [ 1, 0.929412, 0.133333, 1 ],
		"textcolor" : [ 0, 0, 0, 1 ],
		"tricolor" : [ 0.780392, 0.262745, 0.101961, 1 ]
	}
,
	"input_label" : 	{
		"patching_rect" : [ 1, 12, 21, 17 ],
		"hidden" : 0,
		"bgcolor" : [ 1, 1, 1, 0 ],
		"bubble_bgcolor" : [ 0.235, 0.235, 0.235, 1 ],
		"bubble_outlinecolor" : [ 0.85, 0.85, 0.85, 1 ],
		"bubbleusescolors" : 0,
		"fontsize" : 9,
		"textcolor" : [ 1, 1, 1, 1 ]
	}
,
	"output_label" : 	{
		"patching_rect" : [ 21, 12, 28, 17 ],
		"hidden" : 0,
		"bgcolor" : [ 1, 1, 1, 0 ],
		"bubble_bgcolor" : [ 0.235, 0.235, 0.235, 1 ],
		"bubble_outlinecolor" : [ 0.85, 0.85, 0.85, 1 ],
		"bubbleusescolors" : 0,
		"fontsize" : 9,
		"textcolor" : [ 1, 1, 1, 1 ]
	}
,
	"default" : 	{
		"patching_rect" : [ 53, 16, 37.5, 14 ],
		"hidden" : 0,
		"bgcolor" : [ 0.607843, 0.643137, 0.823529, 1 ],
		"bgoncolor" : [ 0.55, 0.55, 0.55, 1 ],
		"fontsize" : 10,
		"legacytextcolor" : 1,
		"textcolor" : [ 0, 0, 0, 1 ],
		"textoncolor" : [ 1, 1, 1, 1 ],
		"textovercolor" : [ 0, 0, 0, 1 ],
		"usebgoncolor" : 1,
		"usetextovercolor" : 1
	}
,
	"define" : 	{
		"patching_rect" : [ 53, 30, 37.5, 14 ],
		"hidden" : 0,
		"bgcolor" : [ 0.607843, 0.643137, 0.823529, 1 ],
		"bgoncolor" : [ 0.55, 0.55, 0.55, 1 ],
		"fontsize" : 10,
		"legacytextcolor" : 1,
		"textcolor" : [ 0, 0, 0, 1 ],
		"textoncolor" : [ 1, 1, 1, 1 ],
		"textovercolor" : [ 0, 0, 0, 1 ],
		"usebgoncolor" : 1,
		"usetextovercolor" : 1
	}
,
	"edit_in_out" : 	{
		"patching_rect" : [ 136, 30, 24, 13 ],
		"hidden" : 0,
		"bgcolor" : [ 0.75, 0.75, 0.75, 1 ],
		"bgoncolor" : [ 0.741176, 0.184314, 0.756863, 1 ],
		"fontsize" : 10,
		"legacytextcolor" : 1,
		"textcolor" : [ 0.752941, 0.023529, 0.247059, 1 ],
		"textoncolor" : [ 0.870588, 0.819608, 0.239216, 1 ],
		"textovercolor" : [ 0.752941, 0.023529, 0.247059, 1 ],
		"usebgoncolor" : 1,
		"usetextovercolor" : 1
	}
,
	"grid" : 	{
		"patching_rect" : [ 161, 30, 19, 13 ],
		"hidden" : 0,
		"bgcolor" : [ 0.75, 0.75, 0.75, 1 ],
		"bgoncolor" : [ 0.741176, 0.184314, 0.756863, 1 ],
		"fontsize" : 10,
		"legacytextcolor" : 1,
		"textcolor" : [ 0.752941, 0.023529, 0.247059, 1 ],
		"textoncolor" : [ 0.870588, 0.819608, 0.239216, 1 ],
		"textovercolor" : [ 0.752941, 0.023529, 0.247059, 1 ],
		"usebgoncolor" : 1,
		"usetextovercolor" : 1
	}
,
	"zoom" : 	{
		"patching_rect" : [ 262.5, -1, 62, 45 ],
		"hidden" : 0,
		"bgcolor" : [ 1, 1, 1, 1 ],
		"bordercolor" : [ 0.5, 0.5, 0.5, 1 ],
		"fontsize" : 10,
		"labelcolor" : [ 0, 0, 0, 1 ],
		"selectcolor" : [ 0.45, 0.67, 1, 0.47 ],
		"slidercolor" : [ 0, 0, 0, 1 ],
		"slidercolornofocus" : [ 0.48, 0.48, 0.48, 0.55 ],
		"textcolor" : [ 0, 0, 0, 1 ],
		"textcolornofocus" : [ 0.48, 0.48, 0.48, 0.79 ]
	}
,
	"size" : 	{
		"patching_rect" : [ 91, 30, 45, 14 ],
		"hidden" : 0,
		"bgcolor" : [ 0.992157, 0.290837, 0.176198, 1 ],
		"bordercolor" : [ 0.5, 0.5, 0.5, 1 ],
		"fontsize" : 14,
		"labelcolor" : [ 0, 0, 0, 1 ],
		"selectcolor" : [ 0.45, 0.67, 1, 0.47 ],
		"slidercolor" : [ 1, 1, 1, 1 ],
		"slidercolornofocus" : [ 0.65098, 0.666667, 0.662745, 0.54902 ],
		"textcolor" : [ 1, 1, 1, 1 ],
		"textcolornofocus" : [ 0.862745, 0.870588, 0.878431, 0.788235 ]
	}
,
	"min_distance" : 	{
		"patching_rect" : [ 181.5, 30, 45, 14 ],
		"hidden" : 0,
		"bgcolor" : [ 0.992157, 0.290837, 0.176198, 1 ],
		"bordercolor" : [ 0.5, 0.5, 0.5, 1 ],
		"fontsize" : 11,
		"labelcolor" : [ 0, 0, 0, 1 ],
		"selectcolor" : [ 0.45, 0.67, 1, 0.47 ],
		"slidercolor" : [ 1, 1, 1, 1 ],
		"slidercolornofocus" : [ 0.65098, 0.666667, 0.662745, 0.54902 ],
		"textcolor" : [ 1, 1, 1, 1 ],
		"textcolornofocus" : [ 0.862745, 0.870588, 0.878431, 0.788235 ]
	}

}
