{
	"window" : [ 464, 98, 850, 278 ],
	"update_intervall" : 	{
		"patching_rect" : [ 175, 20, 39, 22 ],
		"hidden" : 0,
		"bgcolor" : [ 0, 0, 0, 1 ],
		"fontsize" : 12,
		"htricolor" : [ 0.87, 0.82, 0.24, 1 ],
		"textcolor" : [ 1, 1, 1, 1 ],
		"tricolor" : [ 0.75, 0.75, 0.75, 1 ]
	}
,
	"matrix_control" : 	{
		"patching_rect" : [ 21, 47, 88, 58 ],
		"hidden" : 0,
		"bgcolor" : [ 0.125, 0.125, 0.125, 1 ],
		"color" : [ 0.618934978328545, 0.744701397656435, 0.953750108255376, 1 ],
		"elementcolor" : [ 0.221327066888467, 0.221327006361825, 0.221327022178404, 1 ]
	}
,
	"outputDISPLAY" : 	{
		"patching_rect" : [ 23, 106, 84, 76 ],
		"hidden" : 0,
		"bgcolor" : [ 0, 0, 0, 1 ],
		"peakcolor" : [ 0.498039, 0.498039, 0.498039, 1 ],
		"slidercolor" : [ 1, 1, 1, 1 ]
	}
,
	"source3_invert" : 	{
		"patching_rect" : [ 224, 85, 18, 19 ],
		"hidden" : 0
	}
,
	"source2_invert" : 	{
		"patching_rect" : [ 224, 66, 18, 19 ],
		"hidden" : 0
	}
,
	"source1_invert" : 	{
		"patching_rect" : [ 224, 47, 18, 19 ],
		"hidden" : 0
	}
,
	"source1_range" : 	{
		"patching_rect" : [ 111, 46, 111, 19 ],
		"hidden" : 0,
		"bgcolor" : [ 0, 0, 0, 1 ],
		"bordercolor" : [ 0.5, 0.5, 0.5, 1 ],
		"fgcolor" : [ 1, 1, 1, 1 ]
	}
,
	"rossler/lorenz" : 	{
		"patching_rect" : [ 215, 22, 65, 18 ],
		"hidden" : 0
	}
,
	"source2_range" : 	{
		"patching_rect" : [ 111, 66, 111, 19 ],
		"hidden" : 0,
		"bgcolor" : [ 0, 0, 0, 1 ],
		"bordercolor" : [ 0.5, 0.5, 0.5, 1 ],
		"fgcolor" : [ 1, 1, 1, 1 ]
	}
,
	"source3_range" : 	{
		"patching_rect" : [ 111, 86, 111, 19 ],
		"hidden" : 0,
		"bgcolor" : [ 0, 0, 0, 1 ],
		"bordercolor" : [ 0.5, 0.5, 0.5, 1 ],
		"fgcolor" : [ 1, 1, 1, 1 ]
	}
,
	"graph" : 	{
		"patching_rect" : [ 247, 46, 139, 59 ],
		"hidden" : 0,
		"bgcolor" : [ 0, 0, 0, 1 ],
		"peakcolor" : [ 0.498039, 0.498039, 0.498039, 1 ],
		"slidercolor" : [ 1, 1, 1, 1 ]
	}
,
	"resetSOURCE" : 	{
		"patching_rect" : [ 110, 20, 25, 23 ],
		"hidden" : 0,
		"bgcolor" : [ 0, 0, 0, 1 ],
		"bgoncolor" : [ 0.55, 0.55, 0.55, 1 ],
		"fontsize" : 12,
		"legacytextcolor" : 1,
		"textcolor" : [ 1, 1, 1, 1 ],
		"textoncolor" : [ 1, 1, 1, 1 ],
		"textovercolor" : [ 1, 1, 1, 1 ],
		"usebgoncolor" : 1,
		"usetextovercolor" : 1
	}
,
	"scale1_low" : 	{
		"patching_rect" : [ 109, 106, 46, 22 ],
		"hidden" : 0,
		"bgcolor" : [ 0, 0, 0, 1 ],
		"fontsize" : 12,
		"htricolor" : [ 0.87, 0.82, 0.24, 1 ],
		"textcolor" : [ 1, 1, 1, 1 ],
		"tricolor" : [ 0.75, 0.75, 0.75, 1 ]
	}
,
	"scale2_low" : 	{
		"patching_rect" : [ 109, 124, 46, 22 ],
		"hidden" : 0,
		"bgcolor" : [ 0, 0, 0, 1 ],
		"fontsize" : 12,
		"htricolor" : [ 0.87, 0.82, 0.24, 1 ],
		"textcolor" : [ 1, 1, 1, 1 ],
		"tricolor" : [ 0.75, 0.75, 0.75, 1 ]
	}
,
	"scale3_low" : 	{
		"patching_rect" : [ 109, 142, 46, 22 ],
		"hidden" : 0,
		"bgcolor" : [ 0, 0, 0, 1 ],
		"fontsize" : 12,
		"htricolor" : [ 0.87, 0.82, 0.24, 1 ],
		"textcolor" : [ 1, 1, 1, 1 ],
		"tricolor" : [ 0.75, 0.75, 0.75, 1 ]
	}
,
	"scale4_low" : 	{
		"patching_rect" : [ 109, 160, 46, 22 ],
		"hidden" : 0,
		"bgcolor" : [ 0, 0, 0, 1 ],
		"fontsize" : 12,
		"htricolor" : [ 0.87, 0.82, 0.24, 1 ],
		"textcolor" : [ 1, 1, 1, 1 ],
		"tricolor" : [ 0.75, 0.75, 0.75, 1 ]
	}
,
	"scale1_high" : 	{
		"patching_rect" : [ 151, 106, 46, 22 ],
		"hidden" : 0,
		"bgcolor" : [ 0, 0, 0, 1 ],
		"fontsize" : 12,
		"htricolor" : [ 0.87, 0.82, 0.24, 1 ],
		"textcolor" : [ 1, 1, 1, 1 ],
		"tricolor" : [ 0.75, 0.75, 0.75, 1 ]
	}
,
	"scale2_high" : 	{
		"patching_rect" : [ 151, 124, 46, 22 ],
		"hidden" : 0,
		"bgcolor" : [ 0, 0, 0, 1 ],
		"fontsize" : 12,
		"htricolor" : [ 0.87, 0.82, 0.24, 1 ],
		"textcolor" : [ 1, 1, 1, 1 ],
		"tricolor" : [ 0.75, 0.75, 0.75, 1 ]
	}
,
	"scale3_high" : 	{
		"patching_rect" : [ 151, 142, 46, 22 ],
		"hidden" : 0,
		"bgcolor" : [ 0, 0, 0, 1 ],
		"fontsize" : 12,
		"htricolor" : [ 0.87, 0.82, 0.24, 1 ],
		"textcolor" : [ 1, 1, 1, 1 ],
		"tricolor" : [ 0.75, 0.75, 0.75, 1 ]
	}
,
	"scale4_high" : 	{
		"patching_rect" : [ 151, 160, 46, 22 ],
		"hidden" : 0,
		"bgcolor" : [ 0, 0, 0, 1 ],
		"fontsize" : 12,
		"htricolor" : [ 0.87, 0.82, 0.24, 1 ],
		"textcolor" : [ 1, 1, 1, 1 ],
		"tricolor" : [ 0.75, 0.75, 0.75, 1 ]
	}
,
	"actmen1" : 	{
		"patching_rect" : [ 258, 106, 47, 22 ],
		"hidden" : 0,
		"applycolors" : 0,
		"bgfillcolor" : 		{
			"type" : "color",
			"color1" : [ 0.376471, 0.384314, 0.4, 1.0 ],
			"color2" : [ 0.290196, 0.309804, 0.301961, 1.0 ],
			"color" : [ 0.285, 1.0, 0.0, 1.0 ],
			"angle" : 270.0,
			"proportion" : 0.39
		}
,
		"color" : [ 0.618934978328545, 0.744701397656435, 0.953750108255376, 1 ],
		"elementcolor" : [ 0.221327066888467, 0.221327006361825, 0.221327022178404, 1 ],
		"fontsize" : 12,
		"textcolor" : [ 0, 0, 0, 1 ]
	}
,
	"actmen2" : 	{
		"patching_rect" : [ 258, 124, 47, 22 ],
		"hidden" : 0,
		"applycolors" : 0,
		"bgfillcolor" : 		{
			"type" : "color",
			"color1" : [ 0.376471, 0.384314, 0.4, 1.0 ],
			"color2" : [ 0.290196, 0.309804, 0.301961, 1.0 ],
			"color" : [ 0.285, 1.0, 0.0, 1.0 ],
			"angle" : 270.0,
			"proportion" : 0.39
		}
,
		"color" : [ 0.618934978328545, 0.744701397656435, 0.953750108255376, 1 ],
		"elementcolor" : [ 0.221327066888467, 0.221327006361825, 0.221327022178404, 1 ],
		"fontsize" : 12,
		"textcolor" : [ 0, 0, 0, 1 ]
	}
,
	"actmen3" : 	{
		"patching_rect" : [ 258, 142, 47, 22 ],
		"hidden" : 0,
		"applycolors" : 0,
		"bgfillcolor" : 		{
			"type" : "color",
			"color1" : [ 0.376471, 0.384314, 0.4, 1.0 ],
			"color2" : [ 0.290196, 0.309804, 0.301961, 1.0 ],
			"color" : [ 0.285, 1.0, 0.0, 1.0 ],
			"angle" : 270.0,
			"proportion" : 0.39
		}
,
		"color" : [ 0.618934978328545, 0.744701397656435, 0.953750108255376, 1 ],
		"elementcolor" : [ 0.221327066888467, 0.221327006361825, 0.221327022178404, 1 ],
		"fontsize" : 12,
		"textcolor" : [ 0, 0, 0, 1 ]
	}
,
	"actmen4" : 	{
		"patching_rect" : [ 258, 160, 47, 22 ],
		"hidden" : 0,
		"applycolors" : 0,
		"bgfillcolor" : 		{
			"type" : "color",
			"color1" : [ 0.376471, 0.384314, 0.4, 1.0 ],
			"color2" : [ 0.290196, 0.309804, 0.301961, 1.0 ],
			"color" : [ 0.285, 1.0, 0.0, 1.0 ],
			"angle" : 270.0,
			"proportion" : 0.39
		}
,
		"color" : [ 0.618934978328545, 0.744701397656435, 0.953750108255376, 1 ],
		"elementcolor" : [ 0.221327066888467, 0.221327006361825, 0.221327022178404, 1 ],
		"fontsize" : 12,
		"textcolor" : [ 0, 0, 0, 1 ]
	}
,
	"parmen1" : 	{
		"patching_rect" : [ 302, 106, 47, 22 ],
		"hidden" : 0,
		"applycolors" : 0,
		"bgfillcolor" : 		{
			"type" : "color",
			"color1" : [ 0.376471, 0.384314, 0.4, 1.0 ],
			"color2" : [ 0.290196, 0.309804, 0.301961, 1.0 ],
			"color" : [ 0.285, 1.0, 0.0, 1.0 ],
			"angle" : 270.0,
			"proportion" : 0.39
		}
,
		"color" : [ 0.618934978328545, 0.744701397656435, 0.953750108255376, 1 ],
		"elementcolor" : [ 0.221327066888467, 0.221327006361825, 0.221327022178404, 1 ],
		"fontsize" : 12,
		"textcolor" : [ 0, 0, 0, 1 ]
	}
,
	"parmen2" : 	{
		"patching_rect" : [ 302, 124, 47, 22 ],
		"hidden" : 0,
		"applycolors" : 0,
		"bgfillcolor" : 		{
			"type" : "color",
			"color1" : [ 0.376471, 0.384314, 0.4, 1.0 ],
			"color2" : [ 0.290196, 0.309804, 0.301961, 1.0 ],
			"color" : [ 0.285, 1.0, 0.0, 1.0 ],
			"angle" : 270.0,
			"proportion" : 0.39
		}
,
		"color" : [ 0.618934978328545, 0.744701397656435, 0.953750108255376, 1 ],
		"elementcolor" : [ 0.221327066888467, 0.221327006361825, 0.221327022178404, 1 ],
		"fontsize" : 12,
		"textcolor" : [ 0, 0, 0, 1 ]
	}
,
	"parmen3" : 	{
		"patching_rect" : [ 302, 142, 47, 22 ],
		"hidden" : 0,
		"applycolors" : 0,
		"bgfillcolor" : 		{
			"type" : "color",
			"color1" : [ 0.376471, 0.384314, 0.4, 1.0 ],
			"color2" : [ 0.290196, 0.309804, 0.301961, 1.0 ],
			"color" : [ 0.285, 1.0, 0.0, 1.0 ],
			"angle" : 270.0,
			"proportion" : 0.39
		}
,
		"color" : [ 0.618934978328545, 0.744701397656435, 0.953750108255376, 1 ],
		"elementcolor" : [ 0.221327066888467, 0.221327006361825, 0.221327022178404, 1 ],
		"fontsize" : 12,
		"textcolor" : [ 0, 0, 0, 1 ]
	}
,
	"parmen4" : 	{
		"patching_rect" : [ 302, 160, 47, 22 ],