{
	"window" : [ 460, 226, 735, 411 ],
	"full" : 	{
		"patching_rect" : [ 251, 95, 22, 13 ],
		"hidden" : 0,
		"bgcolor" : [ 0.54902, 0.54902, 0.54902, 1 ],
		"bgoncolor" : [ 0.133333, 0.54902, 0.756863, 1 ],
		"fontsize" : 10,
		"legacytextcolor" : 1,
		"textcolor" : [ 0, 0, 0, 1 ],
		"textoncolor" : [ 1, 1, 1, 1 ],
		"textovercolor" : [ 0, 0, 0, 1 ],
		"usebgoncolor" : 1,
		"usetextovercolor" : 1
	}
,
	"sel" : 	{
		"patching_rect" : [ 228, 95, 22, 13 ],
		"hidden" : 0,
		"bgcolor" : [ 0.54902, 0.54902, 0.54902, 1 ],
		"bgoncolor" : [ 0.133333, 0.54902, 0.756863, 1 ],
		"fontsize" : 10,
		"legacytextcolor" : 1,
		"textcolor" : [ 0, 0, 0, 1 ],
		"textoncolor" : [ 1, 1, 1, 1 ],
		"textovercolor" : [ 0, 0, 0, 1 ],
		"usebgoncolor" : 1,
		"usetextovercolor" : 1
	}
,
	"start" : 	{
		"patching_rect" : [ -0.5, 92, 73, 18 ],
		"hidden" : 0,
		"bgcolor" : [ 0.301960784313725, 0.458823529411765, 0.388235294117647, 1 ],
		"bordercolor" : [ 0.301960784313725, 0.458823529411765, 0.388235294117647, 1 ],
		"fontsize" : 12.5,
		"labelcolor" : [ 0, 0, 0, 1 ],
		"selectcolor" : [ 0.45, 0.67, 1, 0.47 ],
		"slidercolor" : [ 1, 1, 1, 1 ],
		"slidercolornofocus" : [ 1, 1, 1, 0.129412 ],
		"textcolor" : [ 1, 1, 1, 1 ],
		"textcolornofocus" : [ 1, 1, 1, 0.337255 ]
	}
,
	"end" : 	{
		"patching_rect" : [ 72.5, 92, 73, 18 ],
		"hidden" : 0,
		"bgcolor" : [ 0.301960784313725, 0.458823529411765, 0.388235294117647, 1 ],
		"bordercolor" : [ 0.301960784313725, 0.458823529411765, 0.388235294117647, 1 ],
		"fontsize" : 12.5,
		"labelcolor" : [ 0, 0, 0, 1 ],
		"selectcolor" : [ 0.45, 0.67, 1, 0.47 ],
		"slidercolor" : [ 1, 1, 1, 1 ],
		"slidercolornofocus" : [ 1, 1, 1, 0.129412 ],
		"textcolor" : [ 1, 1, 1, 1 ],
		"textcolornofocus" : [ 1, 1, 1, 0.337255 ]
	}
,
	"preset-ramp" : 	{
		"patching_rect" : [ 219, 0, 55, 16 ],
		"hidden" : 0,
		"bgcolor" : [ 1, 1, 1, 1 ],
		"bordercolor" : [ 0.5, 0.5, 0.5, 1 ],
		"fontsize" : 12,
		"labelcolor" : [ 0, 0, 0, 1 ],
		"selectcolor" : [ 0.45, 0.67, 1, 0.47 ],
		"slidercolor" : [ 0, 0, 0, 1 ],
		"slidercolornofocus" : [ 0.48, 0.48, 0.48, 0.55 ],
		"textcolor" : [ 0, 0, 0, 1 ],
		"textcolornofocus" : [ 0.48, 0.48, 0.48, 0.79 ]
	}
,
	"presets" : 	{
		"patching_rect" : [ 69, 0, 150, 16 ],
		"hidden" : 0,
		"jsarguments" : [ 14, "255 255 255", "50 50 50", "255 0 0", "0 255 0", "hardplay1" ]
	}
,
	"folder_menu" : 	{
		"patching_rect" : [ 31, 16, 83, 20 ],
		"hidden" : 0,
		"applycolors" : 0,
		"bgfillcolor" : 		{
			"type" : "color",
			"color1" : [ 0.376471, 0.384314, 0.4, 1.0 ],
			"color2" : [ 0.290196, 0.309804, 0.301961, 1.0 ],
			"color" : [ 0.345098, 0.423529, 0.462745, 1.0 ],
			"angle" : 270.0,
			"proportion" : 0.39
		}
,
		"color" : [ 0.618934978328545, 0.744701397656435, 0.953750108255376, 1 ],
		"elementcolor" : [ 0.221327066888467, 0.221327006361825, 0.221327022178404, 1 ],
		"fontsize" : 10,
		"textcolor" : [ 1, 1, 1, 1 ]
	}
,
	"file_menu" : 	{
		"patching_rect" : [ 0, 34, 114, 20 ],
		"hidden" : 0,
		"applycolors" : 0,
		"bgfillcolor" : 		{
			"type" : "color",
			"color1" : [ 0.376471, 0.384314, 0.4, 1.0 ],
			"color2" : [ 0.290196, 0.309804, 0.301961, 1.0 ],
			"color" : [ 0.345098, 0.423529, 0.462745, 1.0 ],
			"angle" : 270.0,
			"proportion" : 0.39
		}
,
		"color" : [ 0.618934978328545, 0.744701397656435, 0.953750108255376, 1 ],
		"elementcolor" : [ 0.221327066888467, 0.221327006361825, 0.221327022178404, 1 ],
		"fontsize" : 10,
		"textcolor" : [ 0.9, 0.9, 0.9, 1 ]
	}
,
	"ff" : 	{
		"patching_rect" : [ 0, 16, 16, 17 ],
		"hidden" : 0,
		"bgcolor" : [ 0.345098, 0.423529, 0.462745, 1 ],
		"bgoncolor" : [ 0.55, 0.55, 0.55, 1 ],
		"fontsize" : 10,
		"legacytextcolor" : 1,
		"textcolor" : [ 0, 0, 0, 1 ],
		"textoncolor" : [ 1, 1, 1, 1 ],
		"textovercolor" : [ 0, 0, 0, 1 ],
		"usebgoncolor" : 1,
		"usetextovercolor" : 1
	}
,
	"f" : 	{
		"patching_rect" : [ 16, 16, 14, 17 ],
		"hidden" : 0,
		"bgcolor" : [ 0.345098, 0.423529, 0.462745, 1 ],
		"bgoncolor" : [ 0.55, 0.55, 0.55, 1 ],
		"fontsize" : 10,
		"legacytextcolor" : 1,
		"textcolor" : [ 0, 0, 0, 1 ],
		"textoncolor" : [ 1, 1, 1, 1 ],
		"textovercolor" : [ 0, 0, 0, 1 ],
		"usebgoncolor" : 1,
		"usetextovercolor" : 1
	}
,
	"print" : 	{
		"patching_rect" : [ 395, 47, 27, 14 ],
		"hidden" : 1,
		"bgcolor" : [ 0.345098, 0.423529, 0.462745, 1 ],
		"bgoncolor" : [ 0.55, 0.55, 0.55, 1 ],
		"fontsize" : 10,
		"legacytextcolor" : 1,
		"textcolor" : [ 0, 0, 0, 1 ],
		"textoncolor" : [ 1, 1, 1, 1 ],
		"textovercolor" : [ 0, 0, 0, 1 ],
		"usebgoncolor" : 1,
		"usetextovercolor" : 1
	}
,
	"open!" : 	{
		"patching_rect" : [ 114, 17, 31, 12 ],
		"hidden" : 0,
		"bgcolor" : [ 0.345098, 0.423529, 0.462745, 1 ],
		"bgoncolor" : [ 0.55, 0.55, 0.55, 1 ],
		"fontsize" : 9,
		"legacytextcolor" : 1,
		"textcolor" : [ 0, 0, 0, 1 ],
		"textoncolor" : [ 1, 1, 1, 1 ],
		"textovercolor" : [ 0, 0, 0, 1 ],
		"usebgoncolor" : 1,
		"usetextovercolor" : 1
	}
,
	"play/stop" : 	{
		"patching_rect" : [ 24, 67, 43, 24 ],
		"hidden" : 0,
		"bgcolor" : [ 0.2, 0.96078431372549, 0.16078431372549, 1 ],
		"bgoncolor" : [ 0.996078431372549, 0, 0, 1 ],
		"fontsize" : 14,
		"legacytextcolor" : 1,
		"textcolor" : [ 0, 0, 0, 1 ],
		"textoncolor" : [ 1, 1, 1, 1 ],
		"textovercolor" : [ 0.996078431372549, 0.996078431372549, 0.996078431372549, 1 ],
		"usebgoncolor" : 1,
		"usetextovercolor" : 1
	}
,
	"send_to_buffer" : 	{
		"patching_rect" : [ 341.5, 60, 29, 14 ],
		"hidden" : 1,
		"bgcolor" : [ 0.133333, 0.54902, 0.756863, 1 ],
		"bgoncolor" : [ 0.55, 0.55, 0.55, 1 ],
		"fontsize" : 10,
		"legacytextcolor" : 1,
		"textcolor" : [ 0, 0, 0, 1 ],
		"textoncolor" : [ 1, 1, 1, 1 ],
		"textovercolor" : [ 0, 0, 0, 1 ],
		"usebgoncolor" : 1,
		"usetextovercolor" : 1
	}
,
	"sel_all" : 	{
		"patching_rect" : [ 69, 55, 43, 13 ],
		"hidden" : 0,
		"bgcolor" : [ 1, 1, 1, 1 ],
		"bgoncolor" : [ 0.133333, 0.54902, 0.756863, 1 ],
		"fontsize" : 9,
		"legacytextcolor" : 1,
		"textcolor" : [ 0, 0, 0, 1 ],
		"textoncolor" : [ 1, 1, 1, 1 ],
		"textovercolor" : [ 0, 0, 0, 1 ],
		"usebgoncolor" : 1,
		"usetextovercolor" : 1
	}
,
	"playmode" : 	{
		"patching_rect" : [ 114, 42, 31, 12 ],
		"hidden" : 0,
		"bgcolor" : [ 0.996078431372549, 0.996078431372549, 0.996078431372549, 1 ],
		"bgoncolor" : [ 0.996078431372549, 0.996078431372549, 0.996078431372549, 1 ],
		"fontsize" : 9,
		"legacytextcolor" : 1,
		"textcolor" : [ 0, 0, 0, 1 ],
		"textoncolor" : [ 0, 0, 0, 1 ],
		"textovercolor" : [ 0, 0, 0, 1 ],
		"usebgoncolor" : 1,
		"usetextovercolor" : 1
	}
,
	"loop" : 	{
		"patching_rect" : [ 114, 30, 31, 11 ],
		"hidden" : 0,
		"bgcolor" : [ 0.16078431372549, 0.756862745098039, 0.976470588235294, 1 ],
		"bgoncolor" : [ 0.364705882352941, 0.847058823529412, 0.388235294117647, 1 ],
		"fontsize" : 9,
		"legacytextcolor" : 1,
		"textcolor" : [ 0, 0, 0, 1 ],
		"textoncolor" : [ 0, 0, 0, 1 ],
		"textovercolor" : [ 0, 0, 0, 1 ],
		"usebgoncolor" : 1,
		"usetextovercolor" : 1
	}
,
	"file_menu_out" : 	{
		"patching_rect" : [ 260, 275, 104, 22 ],
		"hidden" : 1,
		"accentcolor" : [ 0.458595350062755, 0.458595237564901, 0.458595266962388, 1 ],
		"bgcolor" : [ 0.125, 0.125, 0.125, 1 ],
		"bgfillcolor" : 		{
			"type" : "gradient",
			"color1" : [ 0.172137149796092, 0.172137100044002, 0.172137113045018, 1 ],
			"color2" : [ 0.172137149796092, 0.172137100044002, 0.172137113045018, 1 ],
			"color" : [ 0.172137149796092, 0.172137100044002, 0.172137113045018, 1 ]
		}
,
		"bubble_bgcolor" : [ 0.235, 0.235, 0.235, 1 ],
		"bubble_outlinecolor" : [ 0.85, 0.85, 0.85, 1 ],
		"clearcolor" : [ 1, 1, 1, 0 ],
		"color" : [ 0.618934978328545, 0.744701397656435, 0.953750108255376, 1 ],
		"editing_bgcolor" : [ 0.235, 0.235, 0.235, 1 ],
		"elementcolor" : [ 0.221327066888467, 0.221327006361825, 0.221327022178404, 1 ],
		"fontsize" : 12,
		"locked_bgcolor" : [ 0.235, 0.235, 0.235, 1 ],
		"patchlinecolor" : [ 0.447518749806177, 0.44751863973454, 0.447518668498017, 1 ],
		"selectioncolor" : [ 0.922234290352602, 0.71007200526417, 0.329758341965716, 1 ],