{
    "ho_st1": {
        "_actwindow": [ "ho_st", 457, 196, 590, 320 ],
        "act_menu": "envM",
        "audioON/OFF": 1,
        "chans": 16,
        "def": -1,
        "envi_menu": "envM_testt",
        "favorites": "(favorites)",
        "jit.on": 0,
        "menubar": 0,
        "ppooll": -1,
        "rec": 0,
        "screen": 1,
        "stereo": 0,
        "time": 40330,
        "vol": 1,
        "vol_ramp": 10,
        "vol_slider": 1,
        "watch_menu": "time",
        "write_envi": -1,
        "osc_port": 7400,
        "ll.dims": 0,
        "pfl_act_menu": "no",
        "pfl_par_menu": "-no-",
        "params_only": 0,
        "act": {
            "active_store": "_",
            "master/activest": [ 0, 0 ],
            "pres_menu": "_",
            "tetris_menu": "(tetris)",
            "title_menu": "closeall"
        }
    },
    "envM1": {
        "_actwindow": [ "envM", 614, 197, 944, 459 ],
        "outputs~": [ "fmrm1~carrier_freq.1", "fmrm1~harmonicity.1", "fmrm1~modindex.1", "fmrm1~amplitude.1" ],
        "chans": 4,
        "env-length": 1886,
        "function": [ "data", 0, 19, 1886, 0, 1, 0, 0.08641975308642, 0, 65.23899371069183, 1, 0, 343.9874213836478, 0.7530864197530864, 0, 1773.314465408805, 0.41975308641975306, 0, 1886, 0, 0, "linear", "data", 1, 10, 1886, 0, 1, 0, 0.8271604938271605, 0, 1886, 0.191358024691358, 0, "linear", "data", 2, 13, 1886, 0, 1, 0, 0, 0, 859.9685534591196, 0.265432098765432, 0, 1886, 0.290123456790123, 0, "linear", "data", 3, 16, 1886, 0, 1, 0, 0, 0, 1417.4654088050315, 0.6666666666666666, 0, 1826.6918238993712, 0.314814814814815, 0, 1886.0000000000014, 0, 0, "linear" ],
        "loop": 1,
        "presets": 1,
        "trigger": 0,
        "range_min": [ 0, 0, 0, 0 ],
        "range_max": [ 1, 1000, 2, 5 ],
        "act": {
            "active_store": "_",
            "master/activest": [ 0, 0 ],
            "pres_menu": "_",
            "tetris_menu": "(tetris)",
            "title_menu": ""
        },
        "ll.blues": {
            "status": [ 3, 1, 0, 0, 0, 0, 1 ],
            "outputs~": [ "fmrm1~amplitude.0", "fmrm1~carrier_freq.0", "fmrm1~harmonicity.0", "fmrm1~modindex.0" ],
            "outputsMix~": [ "no~-no-", "_", "_", "_" ],
            "chans": [ 2, 4 ],
            "levels": [ 0, 0, 0, 0, 10, 0, 0.5 ]
        }
    },
    "fmrm1": {
        "_actwindow": [ "fmrm", 614, 466, 834, 640 ],
        "amplitude": 0,
        "carrier_freq_mcspread": 0,
        "carrier_freq_ramp": 0,
        "harmonicity_mcspread": 0,
        "harmonicity_ramp": 0,
        "modindex_mcspread": 0,
        "modindex_ramp": 0,
        "preset-ramp": 0,
        "presets": 1,
        "act": {
            "active_store": "_",
            "master/activest": [ 0, 0 ],
            "pres_menu": "_",
            "tetris_menu": "(tetris)",
            "title_menu": ""
        },
        "ll.blues": {
            "status": [ 0, 1, 0, 0, 0, 0, 1 ],
            "outputs~": [ "ho_st1~out.1", "_" ],
            "outputsMix~": "no~-no-",
            "chans": [ 2, 2 ],
            "levels": [ 0.212966864582596, 0.212966864582596, 0, 0, 10, 0, 0.5 ]
        },
        "carrier_freq": 0,
        "harmonicity": 0,
        "modindex": 0,
        "fm-fmaudio-mix": 0
    }
}