{
	"window" : [ 539, 393, 698, 555 ],
	"preset-ramp" : 	{
		"patching_rect" : [ 74, 16, 85, 16 ],
		"hidden" : 0,
		"bgcolor" : [ 1, 1, 1, 1 ],
		"bordercolor" : [ 0.5, 0.5, 0.5, 1 ],
		"fontsize" : 14,
		"labelcolor" : [ 0, 0, 0, 1 ],
		"selectcolor" : [ 0.45, 0.67, 1, 0.47 ],
		"slidercolor" : [ 0, 0, 0, 1 ],
		"slidercolornofocus" : [ 0.48, 0.48, 0.48, 0.55 ],
		"textcolor" : [ 0, 0, 0, 1 ],
		"textcolornofocus" : [ 0.48, 0.48, 0.48, 0.79 ]
	}
,
	"presets" : 	{
		"patching_rect" : [ 57, 0, 102, 16 ],
		"hidden" : 0,
		"jsarguments" : [ 16, "255 255 255", "50 50 50", "255 0 0", "0 255 0", "svf2@1" ]
	}
,
	"freq" : 	{
		"patching_rect" : [ 0, 32, 159, 16 ],
		"hidden" : 0,
		"bgcolor" : [ 0.494118, 0.788235, 0, 1 ],
		"bordercolor" : [ 0, 0, 0, 1 ],
		"fontsize" : 16,
		"labelcolor" : [ 0, 0, 0, 0.627451 ],
		"selectcolor" : [ 1, 1, 1, 0.52549 ],
		"slidercolor" : [ 0, 0, 0, 1 ],
		"slidercolornofocus" : [ 1, 1, 1, 0.439216 ],
		"textcolor" : [ 0, 0, 0, 1 ],
		"textcolornofocus" : [ 0, 0, 0, 0.380392 ]
	}
,
	"res" : 	{
		"patching_rect" : [ 0, 71, 159, 16 ],
		"hidden" : 0,
		"bgcolor" : [ 0.313726, 0.690196, 0.580392, 1 ],
		"bordercolor" : [ 0, 0, 0, 1 ],
		"fontsize" : 14,
		"labelcolor" : [ 0, 0, 0, 0.627451 ],
		"selectcolor" : [ 1, 1, 1, 0.52549 ],
		"slidercolor" : [ 0, 0, 0, 1 ],
		"slidercolornofocus" : [ 1, 1, 1, 0.439216 ],
		"textcolor" : [ 0, 0, 0, 1 ],
		"textcolornofocus" : [ 0, 0, 0, 0.380392 ]
	}
,
	"res_ramp" : 	{
		"patching_rect" : [ 0, 98, 159, 13 ],
		"hidden" : 0,
		"bgcolor" : [ 0.031373, 0.639216, 1, 1 ],
		"bordercolor" : [ 0, 0, 0, 1 ],
		"fontsize" : 12,
		"labelcolor" : [ 0, 0, 0, 0.627451 ],
		"selectcolor" : [ 1, 1, 1, 0.52549 ],
		"slidercolor" : [ 0, 0, 0, 1 ],
		"slidercolornofocus" : [ 1, 1, 1, 0.439216 ],
		"textcolor" : [ 0, 0, 0, 1 ],
		"textcolornofocus" : [ 0, 0, 0, 0.380392 ]
	}
,
	"ll.blues" : 	{
		"patching_rect" : [ 0, 110, 159, 53 ],
		"hidden" : 0,
		"accentcolor" : [ 0.458595350062755, 0.458595237564901, 0.458595266962388, 1 ],
		"bgcolor" : [ 0.125, 0.125, 0.125, 1 ],
		"bgfillcolor" : 		{
			"type" : "gradient",
			"color1" : [ 0.172137149796092, 0.172137100044002, 0.172137113045018, 1 ],
			"color2" : [ 0.172137149796092, 0.172137100044002, 0.172137113045018, 1 ],
			"color" : [ 0.172137149796092, 0.172137100044002, 0.172137113045018, 1 ]
		}
,
		"bubble_bgcolor" : [ 0.235, 0.235, 0.235, 1 ],
		"bubble_outlinecolor" : [ 0.85, 0.85, 0.85, 1 ],
		"clearcolor" : [ 1, 1, 1, 0 ],
		"color" : [ 0.618934978328545, 0.744701397656435, 0.953750108255376, 1 ],
		"editing_bgcolor" : [ 0.235, 0.235, 0.235, 1 ],
		"elementcolor" : [ 0.221327066888467, 0.221327006361825, 0.221327022178404, 1 ],
		"fontsize" : 12,
		"locked_bgcolor" : [ 0.235, 0.235, 0.235, 1 ],
		"patchlinecolor" : [ 0.447518749806177, 0.44751863973454, 0.447518668498017, 1 ],
		"selectioncolor" : [ 0.922234290352602, 0.71007200526417, 0.329758341965716, 1 ],
		"stripecolor" : [ 0.172137149796092, 0.172137100044002, 0.172137113045018, 1 ],
		"syntax_attrargcolor" : [ 0.987719444392034, 0.772809765725725, 0.723525810589731, 1 ],
		"syntax_attributecolor" : [ 0.574681917362067, 0.746730429372804, 1, 1 ],
		"syntax_objargcolor" : [ 0.9, 0.9, 0.9, 1 ],
		"syntax_objectcolor" : [ 0.956590352327427, 0.76614891786161, 0.452834090916593, 1 ],
		"textcolor" : [ 0.85, 0.85, 0.85, 1 ],
		"textcolor_inverse" : [ 0.9, 0.9, 0.9, 1 ]
	}
,
	"mat" : 	{
		"patching_rect" : [ 0, 16, 74, 16 ],
		"hidden" : 0,
		"bgcolor" : [ 0.627450980392157, 0.627450980392157, 0.627450980392157, 1 ],
		"color" : [ 0.6, 0.92156862745098, 0.364705882352941, 1 ],
		"elementcolor" : [ 0.627450980392157, 0.627450980392157, 0.627450980392157, 1 ]
	}
,
	"freq_ramp" : 	{
		"patching_rect" : [ 0, 59, 159, 13 ],
		"hidden" : 0,
		"bgcolor" : [ 0.031372549019608, 1, 0.611844461743031, 1 ],
		"bordercolor" : [ 0, 0, 0, 1 ],
		"fontsize" : 12,
		"labelcolor" : [ 0, 0, 0, 0.627451 ],
		"selectcolor" : [ 1, 1, 1, 0.52549 ],
		"slidercolor" : [ 0, 0, 0, 1 ],
		"slidercolornofocus" : [ 1, 1, 1, 0.439216 ],
		"textcolor" : [ 0, 0, 0, 1 ],
		"textcolornofocus" : [ 0, 0, 0, 0.380392 ]
	}
,
	"res_mcspread" : 	{
		"patching_rect" : [ 0, 86, 159, 13 ],
		"hidden" : 0,
		"bgcolor" : [ 0.395454545454546, 0.87, 0.731590909090909, 1 ],
		"bordercolor" : [ 0, 0, 0, 1 ],
		"fontsize" : 12,
		"labelcolor" : [ 0, 0, 0, 0.627451 ],
		"selectcolor" : [ 1, 1, 1, 0.52549 ],
		"slidercolor" : [ 0, 0, 0, 1 ],
		"slidercolornofocus" : [ 1, 1, 1, 0.439216 ],
		"textcolor" : [ 0, 0, 0, 1 ],
		"textcolornofocus" : [ 0, 0, 0, 0.380392 ]
	}
,
	"freq_mcspread" : 	{
		"patching_rect" : [ 0, 47, 159, 13 ],
		"hidden" : 0,
		"bgcolor" : [ 0.813432835820896, 1, 0.5, 1 ],
		"bordercolor" : [ 0, 0, 0, 1 ],
		"fontsize" : 12,
		"labelcolor" : [ 0, 0, 0, 0.627451 ],
		"selectcolor" : [ 1, 1, 1, 0.52549 ],
		"slidercolor" : [ 0, 0, 0, 1 ],
		"slidercolornofocus" : [ 1, 1, 1, 0.439216 ],
		"textcolor" : [ 0, 0, 0, 1 ],
		"textcolornofocus" : [ 0, 0, 0, 0.380392 ]
	}

}
