{
	"window" : [ 427, 372, 580, 462 ],
	"full[1]" : 	{
		"patching_rect" : [ 71, 81, 16.5, 19 ],
		"hidden" : 1,
		"bgfillcolor" : 		{
			"type" : "gradient",
			"color1" : [ 1.0, 0.890196, 0.090196, 1.0 ],
			"color2" : [ 0.685, 0.685, 0.685, 1.0 ],
			"color" : [ 0.290196, 0.309804, 0.301961, 1.0 ],
			"angle" : 270.0,
			"autogradient" : 0.79,
			"proportion" : 0.39
		}
,
		"fontsize" : 9,
		"textcolor" : [ 0, 0, 0, 1 ]
	}
,
	"play" : 	{
		"patching_rect" : [ 0, 32, 27, 15 ],
		"hidden" : 0,
		"bgcolor" : [ 0.694118, 0.694118, 0.694118, 1 ],
		"bgoncolor" : [ 0.254902, 0.643137, 0.188235, 1 ],
		"fontsize" : 10,
		"legacytextcolor" : 1,
		"textcolor" : [ 1, 0.090196, 0.090196, 1 ],
		"textoncolor" : [ 1, 0.090196, 0.090196, 1 ],
		"textovercolor" : [ 1, 0.090196, 0.090196, 1 ],
		"usebgoncolor" : 1,
		"usetextovercolor" : 1
	}
,
	"rec" : 	{
		"patching_rect" : [ 26, 32, 27, 15 ],
		"hidden" : 0,
		"bgcolor" : [ 0.694118, 0.694118, 0.694118, 1 ],
		"bgoncolor" : [ 1, 0.090196, 0.090196, 1 ],
		"fontsize" : 10,
		"legacytextcolor" : 1,
		"textcolor" : [ 1, 0.090196, 0.090196, 1 ],
		"textoncolor" : [ 1, 1, 1, 1 ],
		"textovercolor" : [ 1, 0.090196, 0.090196, 1 ],
		"usebgoncolor" : 1,
		"usetextovercolor" : 1
	}
,
	"standby" : 	{
		"patching_rect" : [ 52, 32, 46, 15 ],
		"hidden" : 0,
		"bgcolor" : [ 0.694118, 0.694118, 0.694118, 1 ],
		"bgoncolor" : [ 1, 0.090196, 0.090196, 1 ],
		"fontsize" : 10,
		"legacytextcolor" : 1,
		"textcolor" : [ 1, 0.090196, 0.090196, 1 ],
		"textoncolor" : [ 1, 1, 1, 1 ],
		"textovercolor" : [ 1, 0.090196, 0.090196, 1 ],
		"usebgoncolor" : 1,
		"usetextovercolor" : 1
	}
,
	"over" : 	{
		"patching_rect" : [ 97, 32, 28, 15 ],
		"hidden" : 0,
		"bgcolor" : [ 0.694118, 0.694118, 0.694118, 1 ],
		"bgoncolor" : [ 0.403922, 0.109804, 0.701961, 1 ],
		"fontsize" : 10,
		"legacytextcolor" : 1,
		"textcolor" : [ 1, 0.090196, 0.090196, 1 ],
		"textoncolor" : [ 1, 0.090196, 0.090196, 1 ],
		"textovercolor" : [ 1, 0.090196, 0.090196, 1 ],
		"usebgoncolor" : 1,
		"usetextovercolor" : 1
	}
,
	"loop" : 	{
		"patching_rect" : [ 124, 32, 27, 15 ],
		"hidden" : 0,
		"bgcolor" : [ 0.694118, 0.694118, 0.694118, 1 ],
		"bgoncolor" : [ 0.87451, 0.25098, 0.717647, 1 ],
		"fontsize" : 10,
		"legacytextcolor" : 1,
		"textcolor" : [ 1, 0.090196, 0.090196, 1 ],
		"textoncolor" : [ 1, 0.090196, 0.090196, 1 ],
		"textovercolor" : [ 1, 0.090196, 0.090196, 1 ],
		"usebgoncolor" : 1,
		"usetextovercolor" : 1
	}
,
	"edit" : 	{
		"patching_rect" : [ 122, 0, 27, 15 ],
		"hidden" : 0,
		"bgcolor" : [ 0.694118, 0.694118, 0.694118, 1 ],
		"bgoncolor" : [ 0.403922, 0.109804, 0.701961, 1 ],
		"fontsize" : 10,
		"legacytextcolor" : 1,
		"textcolor" : [ 0, 0, 0, 1 ],
		"textoncolor" : [ 1, 0.090196, 0.090196, 1 ],
		"textovercolor" : [ 0, 0, 0, 1 ],
		"usebgoncolor" : 1,
		"usetextovercolor" : 1
	}
,
	"erase" : 	{
		"patching_rect" : [ 88, 0, 34, 15 ],
		"hidden" : 0,
		"bgcolor" : [ 0.694118, 0.694118, 0.694118, 1 ],
		"bgoncolor" : [ 0.403922, 0.109804, 0.701961, 1 ],
		"fontsize" : 10,
		"legacytextcolor" : 1,
		"textcolor" : [ 0, 0, 0, 1 ],
		"textoncolor" : [ 1, 0.090196, 0.090196, 1 ],
		"textovercolor" : [ 0, 0, 0, 1 ],
		"usebgoncolor" : 1,
		"usetextovercolor" : 1
	}
,
	"selected_acts" : 	{
		"patching_rect" : [ 65, 15, 57, 20 ],
		"hidden" : 0,
		"applycolors" : 0,
		"bgfillcolor" : 		{
			"type" : "color",
			"color1" : [ 0.376471, 0.384314, 0.4, 1.0 ],
			"color2" : [ 0.290196, 0.309804, 0.301961, 1.0 ],
			"color" : [ 0.698039, 0.698039, 0.698039, 1.0 ],
			"angle" : 270.0,
			"proportion" : 0.39
		}
,
		"color" : [ 0.618934978328545, 0.744701397656435, 0.953750108255376, 1 ],
		"elementcolor" : [ 0.221327066888467, 0.221327006361825, 0.221327022178404, 1 ],
		"fontsize" : 10,
		"textcolor" : [ 0.149, 0.149, 0.149, 1 ]
	}
,
	"pos" : 	{
		"patching_rect" : [ 0, 61, 97, 15 ],
		"hidden" : 0,
		"bgcolor" : [ 1, 1, 1, 1 ],
		"bordercolor" : [ 0.5, 0.5, 0.5, 1 ],
		"fontsize" : 14,
		"labelcolor" : [ 0, 0, 0, 1 ],
		"selectcolor" : [ 0.45, 0.67, 1, 0.47 ],
		"slidercolor" : [ 0, 0, 0, 0 ],
		"slidercolornofocus" : [ 0.478431, 0.478431, 0.478431, 0 ],
		"textcolor" : [ 0, 0, 0, 1 ],
		"textcolornofocus" : [ 0.48, 0.48, 0.48, 0.79 ]
	}
,
	"start" : 	{
		"patching_rect" : [ 0, 47, 97, 15 ],
		"hidden" : 0,
		"bgcolor" : [ 0.992157, 0.992157, 0.364706, 1 ],
		"bordercolor" : [ 0.5, 0.5, 0.5, 1 ],
		"fontsize" : 14,
		"labelcolor" : [ 0, 0, 0, 1 ],
		"selectcolor" : [ 0.45, 0.67, 1, 0.47 ],
		"slidercolor" : [ 0, 0, 0, 0 ],
		"slidercolornofocus" : [ 0.478431, 0.478431, 0.478431, 0 ],
		"textcolor" : [ 0, 0, 0, 1 ],
		"textcolornofocus" : [ 0.48, 0.48, 0.48, 0.79 ]
	}
,
	"end" : 	{
		"patching_rect" : [ 0, 75, 97, 15 ],
		"hidden" : 0,
		"bgcolor" : [ 0.992157, 0.992157, 0.364706, 1 ],
		"bordercolor" : [ 0.5, 0.5, 0.5, 1 ],
		"fontsize" : 14,
		"labelcolor" : [ 0, 0, 0, 1 ],
		"selectcolor" : [ 0.45, 0.67, 1, 0.47 ],
		"slidercolor" : [ 0, 0, 0, 0 ],
		"slidercolornofocus" : [ 0.478431, 0.478431, 0.478431, 0 ],
		"textcolor" : [ 0, 0, 0, 1 ],
		"textcolornofocus" : [ 0.48, 0.48, 0.48, 0.79 ]
	}
,
	"offset" : 	{
		"patching_rect" : [ 96, 47, 33, 15 ],
		"hidden" : 0,
		"bgcolor" : [ 0.992157, 0.992157, 0.364706, 1 ],
		"bgoncolor" : [ 0.403922, 0.109804, 0.701961, 1 ],
		"fontsize" : 10,
		"legacytextcolor" : 1,
		"textcolor" : [ 0, 0, 0, 1 ],
		"textoncolor" : [ 1, 0.090196, 0.090196, 1 ],
		"textovercolor" : [ 0, 0, 0, 1 ],
		"usebgoncolor" : 1,
		"usetextovercolor" : 1
	}
,
	"full" : 	{
		"patching_rect" : [ 109, 75, 22, 15 ],
		"hidden" : 0,
		"bgcolor" : [ 0.992157, 0.992157, 0.364706, 1 ],
		"bgoncolor" : [ 0.403922, 0.109804, 0.701961, 1 ],
		"fontsize" : 10,
		"legacytextcolor" : 1,
		"textcolor" : [ 0, 0, 0, 1 ],
		"textoncolor" : [ 1, 0.090196, 0.090196, 1 ],
		"textovercolor" : [ 0, 0, 0, 1 ],
		"usebgoncolor" : 1,
		"usetextovercolor" : 1
	}
,
	"factor" : 	{
		"patching_rect" : [ 0, 16, 65, 16 ],
		"hidden" : 0,
		"bgcolor" : [ 0.572549, 0.772549, 0.458824, 1 ],
		"bordercolor" : [ 0.5, 0.5, 0.5, 1 ],
		"fontsize" : 14,
		"labelcolor" : [ 0, 0, 0, 1 ],
		"selectcolor" : [ 0.45, 0.67, 1, 0.47 ],
		"slidercolor" : [ 0, 0, 0, 0 ],
		"slidercolornofocus" : [ 0.478431, 0.478431, 0.478431, 0 ],
		"textcolor" : [ 0, 0, 0, 1 ],
		"textcolornofocus" : [ 0.48, 0.48, 0.48, 0.79 ]
	}
,
	"ge!" : 	{
		"patching_rect" : [ 122, 15, 27, 15 ],
		"hidden" : 0,
		"bgcolor" : [ 0.694118, 0.694118, 0.694118, 1 ],
		"bgoncolor" : [ 0.403922, 0.109804, 0.701961, 1 ],
		"fontsize" : 10,
		"legacytextcolor" : 1,
		"textcolor" : [ 0, 0, 0, 1 ],
		"textoncolor" : [ 1, 0.090196, 0.090196, 1 ],
		"textovercolor" : [ 0, 0, 0, 1 ],
		"usebgoncolor" : 1,
		"usetextovercolor" : 1
	}

}
