{
	"window" : [ 645, 178, 804, 442 ],
	"preset-ramp" : 	{
		"patching_rect" : [ 105, 197, 54, 14 ],
		"hidden" : 0,
		"bgcolor" : [ 1, 1, 1, 1 ],
		"bordercolor" : [ 0.5, 0.5, 0.5, 1 ],
		"fontsize" : 12,
		"labelcolor" : [ 0, 0, 0, 1 ],
		"selectcolor" : [ 0.45, 0.67, 1, 0.47 ],
		"slidercolor" : [ 0, 0, 0, 1 ],
		"slidercolornofocus" : [ 0.48, 0.48, 0.48, 0.55 ],
		"textcolor" : [ 0, 0, 0, 1 ],
		"textcolornofocus" : [ 0.48, 0.48, 0.48, 0.79 ]
	}
,
	"presets" : 	{
		"patching_rect" : [ 0, 197, 105, 14 ],
		"hidden" : 0,
		"jsarguments" : [ 12, "255 255 255", "50 50 50", "255 0 0", "0 255 0", "feedbacker1" ]
	}
,
	"filtergraph" : 	{
		"patching_rect" : [ 0, 82, 158, 82 ],
		"hidden" : 0,
		"bgcolor" : [ 0.819608, 0.819608, 0.819608, 1 ],
		"curvecolor" : [ 0, 0, 0, 1 ],
		"fontsize" : 9,
		"hcurvecolor" : [ 1, 0.086275, 0.086275, 1 ],
		"markercolor" : [ 0.509804, 0.509804, 0.509804, 1 ],
		"textcolor" : [ 0, 0, 0, 1 ]
	}
,
	"filt1_freq" : 	{
		"patching_rect" : [ 46, 16, 44, 19 ],
		"hidden" : 0,
		"bgcolor" : [ 0.866667, 0.866667, 0.866667, 1 ],
		"fontsize" : 9,
		"htricolor" : [ 0.87, 0.82, 0.24, 1 ],
		"textcolor" : [ 0, 0, 0, 1 ],
		"tricolor" : [ 0.75, 0.75, 0.75, 1 ]
	}
,
	"filt1_gain" : 	{
		"patching_rect" : [ 89, 16, 35, 19 ],
		"hidden" : 0,
		"bgcolor" : [ 0.866667, 0.866667, 0.866667, 1 ],
		"fontsize" : 9,
		"htricolor" : [ 0.87, 0.82, 0.24, 1 ],
		"textcolor" : [ 0, 0, 0, 1 ],
		"tricolor" : [ 0.75, 0.75, 0.75, 1 ]
	}
,
	"filt1_Q" : 	{
		"patching_rect" : [ 123, 16, 35, 19 ],
		"hidden" : 0,
		"bgcolor" : [ 0.866667, 0.866667, 0.866667, 1 ],
		"fontsize" : 9,
		"htricolor" : [ 0.87, 0.82, 0.24, 1 ],
		"textcolor" : [ 0, 0, 0, 1 ],
		"tricolor" : [ 0.75, 0.75, 0.75, 1 ]
	}
,
	"filt2_freq" : 	{
		"patching_rect" : [ 46, 32, 44, 19 ],
		"hidden" : 0,
		"bgcolor" : [ 0.866667, 0.866667, 0.866667, 1 ],
		"fontsize" : 9,
		"htricolor" : [ 0.87, 0.82, 0.24, 1 ],
		"textcolor" : [ 0, 0, 0, 1 ],
		"tricolor" : [ 0.75, 0.75, 0.75, 1 ]
	}
,
	"filt2_gain" : 	{
		"patching_rect" : [ 89, 32, 35, 19 ],
		"hidden" : 0,
		"bgcolor" : [ 0.866667, 0.866667, 0.866667, 1 ],
		"fontsize" : 9,
		"htricolor" : [ 0.87, 0.82, 0.24, 1 ],
		"textcolor" : [ 0, 0, 0, 1 ],
		"tricolor" : [ 0.75, 0.75, 0.75, 1 ]
	}
,
	"filt2_Q" : 	{
		"patching_rect" : [ 123, 32, 35, 19 ],
		"hidden" : 0,
		"bgcolor" : [ 0.866667, 0.866667, 0.866667, 1 ],
		"fontsize" : 9,
		"htricolor" : [ 0.87, 0.82, 0.24, 1 ],
		"textcolor" : [ 0, 0, 0, 1 ],
		"tricolor" : [ 0.75, 0.75, 0.75, 1 ]
	}
,
	"filt3_freq" : 	{
		"patching_rect" : [ 46, 48, 44, 19 ],
		"hidden" : 0,
		"bgcolor" : [ 0.866667, 0.866667, 0.866667, 1 ],
		"fontsize" : 9,
		"htricolor" : [ 0.87, 0.82, 0.24, 1 ],
		"textcolor" : [ 0, 0, 0, 1 ],
		"tricolor" : [ 0.75, 0.75, 0.75, 1 ]
	}
,
	"filt3_gain" : 	{
		"patching_rect" : [ 89, 48, 35, 19 ],
		"hidden" : 0,
		"bgcolor" : [ 0.866667, 0.866667, 0.866667, 1 ],
		"fontsize" : 9,
		"htricolor" : [ 0.87, 0.82, 0.24, 1 ],
		"textcolor" : [ 0, 0, 0, 1 ],
		"tricolor" : [ 0.75, 0.75, 0.75, 1 ]
	}
,
	"filt3_Q" : 	{
		"patching_rect" : [ 123, 48, 35, 19 ],
		"hidden" : 0,
		"bgcolor" : [ 0.866667, 0.866667, 0.866667, 1 ],
		"fontsize" : 9,
		"htricolor" : [ 0.87, 0.82, 0.24, 1 ],
		"textcolor" : [ 0, 0, 0, 1 ],
		"tricolor" : [ 0.75, 0.75, 0.75, 1 ]
	}
,
	"active_filters" : 	{
		"patching_rect" : [ 107, 0, 24, 19 ],
		"hidden" : 0,
		"bgcolor" : [ 0.125, 0.125, 0.125, 1 ],
		"fontsize" : 9,
		"htricolor" : [ 0.922234290352602, 0.71007200526417, 0.329758341965716, 1 ],
		"textcolor" : [ 0.9, 0.9, 0.9, 1 ],
		"tricolor" : [ 0.458595350062755, 0.458595237564901, 0.458595266962388, 1 ]
	}
,
	"filt4_freq" : 	{
		"patching_rect" : [ 46, 65, 44, 19 ],
		"hidden" : 0,
		"bgcolor" : [ 0.866667, 0.866667, 0.866667, 1 ],
		"fontsize" : 9,
		"htricolor" : [ 0.87, 0.82, 0.24, 1 ],
		"textcolor" : [ 0, 0, 0, 1 ],
		"tricolor" : [ 0.75, 0.75, 0.75, 1 ]
	}
,
	"filt4_gain" : 	{
		"patching_rect" : [ 89, 65, 35, 19 ],
		"hidden" : 0,
		"bgcolor" : [ 0.866667, 0.866667, 0.866667, 1 ],
		"fontsize" : 9,
		"htricolor" : [ 0.87, 0.82, 0.24, 1 ],
		"textcolor" : [ 0, 0, 0, 1 ],
		"tricolor" : [ 0.75, 0.75, 0.75, 1 ]
	}
,
	"filt4_Q" : 	{
		"patching_rect" : [ 123, 65, 35, 19 ],
		"hidden" : 0,
		"bgcolor" : [ 0.866667, 0.866667, 0.866667, 1 ],
		"fontsize" : 9,
		"htricolor" : [ 0.87, 0.82, 0.24, 1 ],
		"textcolor" : [ 0, 0, 0, 1 ],
		"tricolor" : [ 0.75, 0.75, 0.75, 1 ]
	}
,
	"s.filtergraph" : 	{
		"patching_rect" : [ 49, 334, 89, 22 ],
		"hidden" : 1,
		"accentcolor" : [ 0.458595350062755, 0.458595237564901, 0.458595266962388, 1 ],
		"bgcolor" : [ 0.125, 0.125, 0.125, 1 ],
		"bgfillcolor" : 		{
			"type" : "gradient",
			"color1" : [ 0.172137149796092, 0.172137100044002, 0.172137113045018, 1 ],
			"color2" : [ 0.172137149796092, 0.172137100044002, 0.172137113045018, 1 ],
			"color" : [ 0.172137149796092, 0.172137100044002, 0.172137113045018, 1 ]
		}
,
		"bubble_bgcolor" : [ 0.235, 0.235, 0.235, 1 ],
		"bubble_outlinecolor" : [ 0.85, 0.85, 0.85, 1 ],
		"clearcolor" : [ 1, 1, 1, 0 ],
		"color" : [ 0.618934978328545, 0.744701397656435, 0.953750108255376, 1 ],
		"editing_bgcolor" : [ 0.235, 0.235, 0.235, 1 ],
		"elementcolor" : [ 0.221327066888467, 0.221327006361825, 0.221327022178404, 1 ],
		"fontsize" : 12,
		"locked_bgcolor" : [ 0.235, 0.235, 0.235, 1 ],
		"patchlinecolor" : [ 0.447518749806177, 0.44751863973454, 0.447518668498017, 1 ],
		"selectioncolor" : [ 0.922234290352602, 0.71007200526417, 0.329758341965716, 1 ],
		"stripecolor" : [ 0.172137149796092, 0.172137100044002, 0.172137113045018, 1 ],
		"syntax_attrargcolor" : [ 0.987719444392034, 0.772809765725725, 0.723525810589731, 1 ],
		"syntax_attributecolor" : [ 0.574681917362067, 0.746730429372804, 1, 1 ],
		"syntax_objargcolor" : [ 0.9, 0.9, 0.9, 1 ],
		"syntax_objectcolor" : [ 0.956590352327427, 0.76614891786161, 0.452834090916593, 1 ],
		"textcolor" : [ 0.85, 0.85, 0.85, 1 ],
		"textcolor_inverse" : [ 0.9, 0.9, 0.9, 1 ]
	}
,
	"patching_rect" : [ 49, 443, 82, 22 ],
	"hidden" : 1,
	"accentcolor" : [ 0.458595350062755, 0.458595237564901, 0.458595266962388, 1 ],
	"bgcolor" : [ 0.125, 0.125, 0.125, 1 ],
	"bgfillcolor" : 	{
		"type" : "gradient",
		"color1" : [ 0.172137149796092, 0.172137100044002, 0.172137113045018, 1 ],
		"color2" : [ 0.172137149796092, 0.172137100044002, 0.172137113045018, 1 ],
		"color" : [ 0.172137149796092, 0.172137100044002, 0.172137113045018, 1 ]
	}
,
	"bubble_bgcolor" : [ 0.235, 0.235, 0.235, 1 ],
	"bubble_outlinecolor" : [ 0.85, 0.85, 0.85, 1 ],
	"clearcolor" : [ 1, 1, 1, 0 ],
	"color" : [ 0.618934978328545, 0.744701397656435, 0.953750108255376, 1 ],
	"editing_bgcolor" : [ 0.235, 0.235, 0.235, 1 ],
	"elementcolor" : [ 0.221327066888467, 0.221327006361825, 0.221327022178404, 1 ],
	"fontsize" : 12,
	"locked_bgcolor" : [ 0.235, 0.235, 0.235, 1 ],
	"patchlinecolor" : [ 0.447518749806177, 0.44751863973454, 0.447518668498017, 1 ],
	"selectioncolor" : [ 0.922234290352602, 0.71007200526417, 0.329758341965716, 1 ],
	"stripecolor" : [ 0.172137149796092, 0.172137100044002, 0.172137113045018, 1 ],
	"syntax_attrargcolor" : [ 0.987719444392034, 0.772809765725725, 0.723525810589731, 1 ],
	"syntax_attributecolor" : [ 0.574681917362067, 0.746730429372804, 1, 1 ],
	"syntax_objargcolor" : [ 0.9, 0.9, 0.9, 1 ],
	"syntax_objectcolor" : [ 0.956590352327427, 0.76614891786161, 0.452834090916593, 1 ],
	"textcolor" : [ 0.85, 0.85, 0.85, 1 ],
	"textcolor_inverse" : [ 0.9, 0.9, 0.9, 1 ],
	"filt1_type" : 	{
		"patching_rect" : [ 0, 16, 47, 19 ],
		"hidden" : 0,
		"applycolors" : 0,
		"bgfillcolor" : 		{
			"type" : "gradient",
			"color1" : [ 0.172137149796092, 0.172137100044002, 0.172137113045018, 1 ],
			"color2" : [ 0.172137149796092, 0.172137100044002, 0.172137113045018, 1 ],
			"color" : [ 0.172137149796092, 0.172137100044002, 0.172137113045018, 1 ]
		}
,
		"color" : [ 0.618934978328545, 0.744701397656435, 0.953750108255376, 1 ],
		"elementcolor" : [ 0.221327066888467, 0.221327006361825, 0.221327022178404, 1 ],
		"fontsize" : 9,