{
	"window" : [ 110, 374, 330, 548 ],
	"preset-ramp" : 	{
		"patching_rect" : [ 159, 160, 61, 14 ],
		"hidden" : 0,
		"bgcolor" : [ 1, 1, 1, 1 ],
		"bordercolor" : [ 0.5, 0.5, 0.5, 1 ],
		"fontsize" : 12,
		"labelcolor" : [ 0, 0, 0, 1 ],
		"selectcolor" : [ 0.45, 0.67, 1, 0.47 ],
		"slidercolor" : [ 0, 0, 0, 1 ],
		"slidercolornofocus" : [ 0.48, 0.48, 0.48, 0.55 ],
		"textcolor" : [ 0, 0, 0, 1 ],
		"textcolornofocus" : [ 0.48, 0.48, 0.48, 0.79 ]
	}
,
	"presets" : 	{
		"patching_rect" : [ 159, 122, 61, 38 ],
		"hidden" : 0,
		"jsarguments" : [ 11, "255 255 255", "50 50 50", "255 0 0", "0 255 0", "fmrm1" ]
	}
,
	"carrier_freq" : 	{
		"patching_rect" : [ 0, 30, 220, 16 ],
		"hidden" : 0,
		"bgcolor" : [ 0.278431, 0.27451, 0.941176, 1 ],
		"bordercolor" : [ 0, 0, 0, 1 ],
		"fontsize" : 15,
		"labelcolor" : [ 0, 0, 0, 1 ],
		"selectcolor" : [ 0.45098, 1, 0.533333, 0.470588 ],
		"slidercolor" : [ 0, 0, 0, 1 ],
		"slidercolornofocus" : [ 0.615686, 0.615686, 0.615686, 1 ],
		"textcolor" : [ 0, 0, 0, 1 ],
		"textcolornofocus" : [ 0.717647, 0.717647, 0.717647, 1 ]
	}
,
	"carrier_freq_ramp" : 	{
		"patching_rect" : [ 93, 46, 127, 15 ],
		"hidden" : 0,
		"bgcolor" : [ 0.278431, 0.27451, 0.941176, 1 ],
		"bordercolor" : [ 0, 0, 0, 1 ],
		"fontsize" : 13,
		"labelcolor" : [ 0, 0, 0, 1 ],
		"selectcolor" : [ 0.45098, 1, 0.533333, 0.470588 ],
		"slidercolor" : [ 0, 0, 0, 1 ],
		"slidercolornofocus" : [ 0.615686, 0.615686, 0.615686, 1 ],
		"textcolor" : [ 0, 0, 0, 1 ],
		"textcolornofocus" : [ 0.717647, 0.717647, 0.717647, 1 ]
	}
,
	"harmonicity" : 	{
		"patching_rect" : [ 0, 61, 220, 16 ],
		"hidden" : 0,
		"bgcolor" : [ 0, 0.698039, 0.388235, 1 ],
		"bordercolor" : [ 0, 0, 0, 1 ],
		"fontsize" : 15,
		"labelcolor" : [ 0, 0, 0, 1 ],
		"selectcolor" : [ 0.45098, 0.615686, 1, 0.470588 ],
		"slidercolor" : [ 0, 0, 0, 1 ],
		"slidercolornofocus" : [ 0.776471, 0.776471, 0.776471, 1 ],
		"textcolor" : [ 0, 0, 0, 1 ],
		"textcolornofocus" : [ 0.85098, 0.85098, 0.85098, 1 ]
	}
,
	"harmonicity_ramp" : 	{
		"patching_rect" : [ 93, 77, 127, 15 ],
		"hidden" : 0,
		"bgcolor" : [ 0, 0.698039, 0.388235, 1 ],
		"bordercolor" : [ 0, 0, 0, 1 ],
		"fontsize" : 13,
		"labelcolor" : [ 0, 0, 0, 1 ],
		"selectcolor" : [ 0.45098, 0.615686, 1, 0.470588 ],
		"slidercolor" : [ 0, 0, 0, 1 ],
		"slidercolornofocus" : [ 0.85098, 0.85098, 0.85098, 1 ],
		"textcolor" : [ 0, 0, 0, 1 ],
		"textcolornofocus" : [ 0.85098, 0.85098, 0.85098, 1 ]
	}
,
	"modindex" : 	{
		"patching_rect" : [ 0, 92, 220, 16 ],
		"hidden" : 0,
		"bgcolor" : [ 0.2, 0.47451, 0.388235, 1 ],
		"bordercolor" : [ 0, 0, 0, 1 ],
		"fontsize" : 15,
		"labelcolor" : [ 0, 0, 0, 1 ],
		"selectcolor" : [ 0.45098, 1, 0.533333, 0.470588 ],
		"slidercolor" : [ 0, 0, 0, 1 ],
		"slidercolornofocus" : [ 0.815686, 0.815686, 0.815686, 1 ],
		"textcolor" : [ 0, 0, 0, 1 ],
		"textcolornofocus" : [ 0.815686, 0.815686, 0.815686, 1 ]
	}
,
	"modindex_ramp" : 	{
		"patching_rect" : [ 93, 107, 127, 15 ],
		"hidden" : 0,
		"bgcolor" : [ 0.2, 0.47451, 0.388235, 1 ],
		"bordercolor" : [ 0, 0, 0, 1 ],
		"fontsize" : 13,
		"labelcolor" : [ 0, 0, 0, 1 ],
		"selectcolor" : [ 0.45098, 1, 0.533333, 0.470588 ],
		"slidercolor" : [ 0, 0, 0, 1 ],
		"slidercolornofocus" : [ 0.815686, 0.815686, 0.815686, 1 ],
		"textcolor" : [ 0, 0, 0, 1 ],
		"textcolornofocus" : [ 0.815686, 0.815686, 0.815686, 1 ]
	}
,
	"ll.blues" : 	{
		"patching_rect" : [ 0, 121, 160, 53 ],
		"hidden" : 0,
		"accentcolor" : [ 0.458595350062755, 0.458595237564901, 0.458595266962388, 1 ],
		"bgcolor" : [ 0.125, 0.125, 0.125, 1 ],
		"bgfillcolor" : 		{
			"type" : "gradient",
			"color1" : [ 0.172137149796092, 0.172137100044002, 0.172137113045018, 1 ],
			"color2" : [ 0.172137149796092, 0.172137100044002, 0.172137113045018, 1 ],
			"color" : [ 0.172137149796092, 0.172137100044002, 0.172137113045018, 1 ]
		}
,
		"bubble_bgcolor" : [ 0.235, 0.235, 0.235, 1 ],
		"bubble_outlinecolor" : [ 0.85, 0.85, 0.85, 1 ],
		"clearcolor" : [ 1, 1, 1, 0 ],
		"color" : [ 0.618934978328545, 0.744701397656435, 0.953750108255376, 1 ],
		"editing_bgcolor" : [ 0.235, 0.235, 0.235, 1 ],
		"elementcolor" : [ 0.221327066888467, 0.221327006361825, 0.221327022178404, 1 ],
		"fontsize" : 12,
		"locked_bgcolor" : [ 0.235, 0.235, 0.235, 1 ],
		"patchlinecolor" : [ 0.447518749806177, 0.44751863973454, 0.447518668498017, 1 ],
		"selectioncolor" : [ 0.922234290352602, 0.71007200526417, 0.329758341965716, 1 ],
		"stripecolor" : [ 0.172137149796092, 0.172137100044002, 0.172137113045018, 1 ],
		"syntax_attrargcolor" : [ 0.987719444392034, 0.772809765725725, 0.723525810589731, 1 ],
		"syntax_attributecolor" : [ 0.574681917362067, 0.746730429372804, 1, 1 ],
		"syntax_objargcolor" : [ 0.9, 0.9, 0.9, 1 ],
		"syntax_objectcolor" : [ 0.956590352327427, 0.76614891786161, 0.452834090916593, 1 ],
		"textcolor" : [ 0.85, 0.85, 0.85, 1 ],
		"textcolor_inverse" : [ 0.9, 0.9, 0.9, 1 ]
	}
,
	"fm-fmaudio-mix" : 	{
		"patching_rect" : [ 50, 0, 170, 16 ],
		"hidden" : 0,
		"bgcolor" : [ 0.2, 0.2, 0.2, 1 ],
		"bordercolor" : [ 0, 0, 0, 1 ],
		"fontsize" : 12,
		"labelcolor" : [ 0.996078431372549, 0.996078431372549, 0.996078431372549, 0.5 ],
		"selectcolor" : [ 0.45098, 1, 0.533333, 0.470588 ],
		"slidercolor" : [ 0.996078431372549, 0.996078431372549, 0.996078431372549, 1 ],
		"slidercolornofocus" : [ 0.815686, 0.815686, 0.815686, 1 ],
		"textcolor" : [ 0, 0, 0, 1 ],
		"textcolornofocus" : [ 0.815686, 0.815686, 0.815686, 1 ]
	}
,
	"amplitude" : 	{
		"patching_rect" : [ 0, 16, 220, 14 ],
		"hidden" : 0,
		"bgcolor" : [ 0.36078431372549, 0.788235294117647, 0.309803921568627, 1 ],
		"bordercolor" : [ 0, 0, 0, 1 ],
		"fontsize" : 15,
		"labelcolor" : [ 0, 0, 0, 1 ],
		"selectcolor" : [ 0.45098, 0.615686, 1, 0.470588 ],
		"slidercolor" : [ 0, 0, 0, 1 ],
		"slidercolornofocus" : [ 0.776471, 0.776471, 0.776471, 1 ],
		"textcolor" : [ 0, 0, 0, 1 ],
		"textcolornofocus" : [ 0.85098, 0.85098, 0.85098, 1 ]
	}
,
	"carrier_freq_mcspread" : 	{
		"patching_rect" : [ 0, 46, 93, 15 ],
		"hidden" : 0,
		"bgcolor" : [ 0.278431, 0.27451, 0.941176, 1 ],
		"bordercolor" : [ 0, 0, 0, 1 ],
		"fontsize" : 13,
		"labelcolor" : [ 0, 0, 0, 1 ],
		"selectcolor" : [ 0.45098, 1, 0.533333, 0.470588 ],
		"slidercolor" : [ 0, 0, 0, 1 ],
		"slidercolornofocus" : [ 0.615686, 0.615686, 0.615686, 1 ],
		"textcolor" : [ 0, 0, 0, 1 ],
		"textcolornofocus" : [ 0.717647, 0.717647, 0.717647, 1 ]
	}
,
	"harmonicity_mcspread" : 	{
		"patching_rect" : [ 0, 77, 93, 15 ],
		"hidden" : 0,
		"bgcolor" : [ 0, 0.698039, 0.388235, 1 ],
		"bordercolor" : [ 0, 0, 0, 1 ],
		"fontsize" : 13,
		"labelcolor" : [ 0, 0, 0, 1 ],
		"selectcolor" : [ 0.45098, 0.615686, 1, 0.470588 ],
		"slidercolor" : [ 0, 0, 0, 1 ],
		"slidercolornofocus" : [ 0.85098, 0.85098, 0.85098, 1 ],
		"textcolor" : [ 0, 0, 0, 1 ],
		"textcolornofocus" : [ 0.85098, 0.85098, 0.85098, 1 ]
	}
,
	"modindex_mcspread" : 	{
		"patching_rect" : [ 0, 106, 93, 15 ],
		"hidden" : 0,
		"bgcolor" : [ 0.2, 0.47451, 0.388235, 1 ],
		"bordercolor" : [ 0, 0, 0, 1 ],
		"fontsize" : 13,
		"labelcolor" : [ 0, 0, 0, 1 ],
		"selectcolor" : [ 0.45098, 1, 0.533333, 0.470588 ],
		"slidercolor" : [ 0, 0, 0, 1 ],
		"slidercolornofocus" : [ 0.815686, 0.815686, 0.815686, 1 ],
		"textcolor" : [ 0, 0, 0, 1 ],
		"textcolornofocus" : [ 0.815686, 0.815686, 0.815686, 1 ]
	}

}
