{
    "window": [ 100, 100, 708, 472 ],
    "act": {
        "patching_rect": [ 0, 0, 105.69921875, 16 ],
        "hidden": 0
    },
    "toni": {
        "patching_rect": [ 53, 90, 50, 22 ],
        "hidden": 0,
        "bgcolor": [ 0.125, 0.125, 0.125, 1 ],
        "fontsize": 12,
        "htricolor": [ 0.922234290352602, 0.71007200526417, 0.329758341965716, 1 ],
        "textcolor": [ 0.9, 0.9, 0.9, 1 ],
        "tricolor": [ 0.458595350062755, 0.458595237564901, 0.458595266962388, 1 ]
    },
    "flo": {
        "patching_rect": [ 108, 90, 50, 22 ],
        "hidden": 0,
        "bgcolor": [ 0.125, 0.125, 0.125, 1 ],
        "fontsize": 12,
        "htricolor": [ 0.922234290352602, 0.71007200526417, 0.329758341965716, 1 ],
        "textcolor": [ 0.9, 0.9, 0.9, 1 ],
        "tricolor": [ 0.458595350062755, 0.458595237564901, 0.458595266962388, 1 ]
    },
    "men": {
        "patching_rect": [ 163, 90, 100, 22 ],
        "hidden": 0,
        "applycolors": 0,
        "bgfillcolor": {
            "type": "gradient",
            "color1": [ 0.172137149796092, 0.172137100044002, 0.172137113045018, 1 ],
            "color2": [ 0.172137149796092, 0.172137100044002, 0.172137113045018, 1 ],
            "color": [ 0.172137149796092, 0.172137100044002, 0.172137113045018, 1 ]
        },
        "color": [ 0.618934978328545, 0.744701397656435, 0.953750108255376, 1 ],
        "elementcolor": [ 0.221327066888467, 0.221327006361825, 0.221327022178404, 1 ],
        "fontsize": 12,
        "textcolor": [ 0.9, 0.9, 0.9, 1 ]
    }
}