{
	"window" : [ 125, 137, 443, 409 ],
	"start" : 	{
		"patching_rect" : [ 28, 218, 45, 19 ],
		"hidden" : 0,
		"bgcolor" : [ 0.866667, 0.866667, 0.866667, 1.0 ],
		"fontsize" : 9.0,
		"htricolor" : [ 0.87, 0.82, 0.24, 1.0 ],
		"textcolor" : [ 0.0, 0.0, 0.0, 1.0 ],
		"tricolor" : [ 0.75, 0.75, 0.75, 1.0 ]
	}
,
	"gain" : 	{
		"patching_rect" : [ 286, 125, 31, 19 ],
		"hidden" : 0,
		"bgcolor" : [ 0.654902, 0.0, 0.713726, 1.0 ],
		"fontsize" : 9.0,
		"htricolor" : [ 0.87, 0.82, 0.24, 1.0 ],
		"textcolor" : [ 0.0, 0.0, 0.0, 1.0 ],
		"tricolor" : [ 0.75, 0.75, 0.75, 1.0 ]
	}
,
	"controlmode" : 	{
		"patching_rect" : [ 270, 108, 47, 19 ],
		"hidden" : 0,
		"applycolors" : 0,
		"bgfillcolor" : 		{
			"type" : "gradient",
			"color1" : [ 0.301961, 0.301961, 0.301961, 1 ],
			"color2" : [ 0.2, 0.2, 0.2, 1 ],
			"color" : [ 0.2, 0.2, 0.2, 1 ]
		}
,
		"color" : [ 0.807843, 0.898039, 0.909804, 1 ],
		"elementcolor" : [ 0.34902, 0.34902, 0.34902, 1 ],
		"fontsize" : 9.0,
		"textcolor" : [ 0.968627, 0.968627, 0.968627, 1 ]
	}
,
	"pitchquantize" : 	{
		"patching_rect" : [ 96, 252, 34, 19 ],
		"hidden" : 0,
		"bgcolor" : [ 0.866667, 0.866667, 0.866667, 1.0 ],
		"fontsize" : 9.0,
		"htricolor" : [ 0.87, 0.82, 0.24, 1.0 ],
		"textcolor" : [ 0.0, 0.0, 0.0, 1.0 ],
		"tricolor" : [ 0.75, 0.75, 0.75, 1.0 ]
	}
,
	"pitchrandomness" : 	{
		"patching_rect" : [ 35, 252, 34, 19 ],
		"hidden" : 0,
		"bgcolor" : [ 0.866667, 0.866667, 0.866667, 1.0 ],
		"fontsize" : 9.0,
		"htricolor" : [ 0.87, 0.82, 0.24, 1.0 ],
		"textcolor" : [ 0.0, 0.0, 0.0, 1.0 ],
		"tricolor" : [ 0.75, 0.75, 0.75, 1.0 ]
	}
,
	"autosliders" : 	{
		"patching_rect" : [ 137, 108, 56, 34 ],
		"hidden" : 0,
		"bgcolor" : [ 0.047059, 0.772549, 0.003922, 1.0 ],
		"peakcolor" : [ 0.498039, 0.498039, 0.498039, 1.0 ],
		"slidercolor" : [ 0.0, 0.0, 0.0, 1.0 ]
	}
,
	"autochangeinterval" : 	{
		"patching_rect" : [ 194, 124, 43, 19 ],
		"hidden" : 0,
		"bgcolor" : [ 0.282353, 0.972549, 0.0, 1.0 ],
		"fontsize" : 9.0,
		"htricolor" : [ 0.87, 0.82, 0.24, 1.0 ],
		"textcolor" : [ 0.0, 0.0, 0.0, 1.0 ],
		"tricolor" : [ 0.75, 0.75, 0.75, 1.0 ]
	}
,
	"autochangemenu" : 	{
		"patching_rect" : [ 194, 108, 43, 19 ],
		"hidden" : 0,
		"applycolors" : 0,
		"bgfillcolor" : 		{
			"type" : "color",
			"color1" : [ 0.376471, 0.384314, 0.4, 1.0 ],
			"color2" : [ 0.290196, 0.309804, 0.301961, 1.0 ],
			"color" : [ 0.329412, 0.909804, 0.0, 1.0 ],
			"angle" : 270.0,
			"proportion" : 0.39
		}
,
		"color" : [ 0.807843, 0.898039, 0.909804, 1 ],
		"elementcolor" : [ 0.34902, 0.34902, 0.34902, 1 ],
		"fontsize" : 9.0,
		"textcolor" : [ 0.0, 0.0, 0.0, 1.0 ]
	}
,
	"wf" : 	{
		"patching_rect" : [ 0, 141, 299, 63 ],
		"hidden" : 0,
		"bgcolor" : [ 0.886275, 0.909804, 0.709804, 1.0 ],
		"fontsize" : 10.0,
		"gridcolor" : [ 0.392157, 0.392157, 0.392157, 1.0 ],
		"selectioncolor" : [ 0.0, 0.066667, 0.035294, 0.5 ],
		"waveformcolor" : [ 1.0, 0.035294, 0.058824, 1.0 ]
	}
,
	"length" : 	{
		"patching_rect" : [ 96, 218, 45, 19 ],
		"hidden" : 0,
		"bgcolor" : [ 0.866667, 0.866667, 0.866667, 1.0 ],
		"fontsize" : 9.0,
		"htricolor" : [ 0.87, 0.82, 0.24, 1.0 ],
		"textcolor" : [ 0.0, 0.0, 0.0, 1.0 ],
		"tricolor" : [ 0.75, 0.75, 0.75, 1.0 ]
	}
,
	"length_rel" : 	{
		"patching_rect" : [ 119, 362, 45, 22 ],
		"hidden" : 1,
		"bgcolor" : [ 0.866667, 0.866667, 0.866667, 1.0 ],
		"fontsize" : 12.0,
		"htricolor" : [ 0.87, 0.82, 0.24, 1.0 ],
		"textcolor" : [ 0.0, 0.0, 0.0, 1.0 ],
		"tricolor" : [ 0.75, 0.75, 0.75, 1.0 ]
	}
,
	"start_rel" : 	{
		"patching_rect" : [ 118, 336, 42, 22 ],
		"hidden" : 1,
		"bgcolor" : [ 0.866667, 0.866667, 0.866667, 1.0 ],
		"fontsize" : 12.0,
		"htricolor" : [ 0.87, 0.82, 0.24, 1.0 ],
		"textcolor" : [ 0.0, 0.0, 0.0, 1.0 ],
		"tricolor" : [ 0.75, 0.75, 0.75, 1.0 ]
	}
,
	"fix_lang" : 	{
		"patching_rect" : [ 143, 219, 17, 15 ],
		"hidden" : 0,
		"bgcolor" : [ 0.75, 0.75, 0.75, 1.0 ],
		"bgoncolor" : [ 1.0, 0.0, 0.0, 1.0 ],
		"fontsize" : 10.0,
		"legacytextcolor" : 1,
		"textcolor" : [ 1.0, 0.0, 0.0, 1.0 ],
		"textoncolor" : [ 1.0, 1.0, 1.0, 1.0 ],
		"textovercolor" : [ 0.1, 0.1, 0.1, 1.0 ],
		"usebgoncolor" : 1,
		"usetextovercolor" : 1
	}
,
	"playbackspeed_ramp_stop" : 	{
		"patching_rect" : [ 290, 32, 27, 15 ],
		"hidden" : 0,
		"bgcolor" : [ 0.027451, 0.023529, 0.6, 1.0 ],
		"bgoncolor" : [ 0.827451, 0.827451, 0.827451, 1.0 ],
		"fontsize" : 10.0,
		"legacytextcolor" : 1,
		"textcolor" : [ 1.0, 1.0, 1.0, 1.0 ],
		"textoncolor" : [ 1.0, 1.0, 1.0, 1.0 ],
		"textovercolor" : [ 1.0, 1.0, 1.0, 1.0 ],
		"usebgoncolor" : 1,
		"usetextovercolor" : 1
	}
,
	"pitch_ramp_stop" : 	{
		"patching_rect" : [ 290, 62, 27, 15 ],
		"hidden" : 0,
		"bgcolor" : [ 0.027451, 0.023529, 0.6, 1.0 ],
		"bgoncolor" : [ 0.827451, 0.827451, 0.827451, 1.0 ],
		"fontsize" : 10.0,
		"legacytextcolor" : 1,
		"textcolor" : [ 1.0, 1.0, 1.0, 1.0 ],
		"textoncolor" : [ 1.0, 1.0, 1.0, 1.0 ],
		"textovercolor" : [ 1.0, 1.0, 1.0, 1.0 ],
		"usebgoncolor" : 1,
		"usetextovercolor" : 1
	}
,
	"grain_ramp_stop" : 	{
		"patching_rect" : [ 290, 93, 27, 15 ],
		"hidden" : 0,
		"bgcolor" : [ 0.027451, 0.023529, 0.6, 1.0 ],
		"bgoncolor" : [ 0.827451, 0.827451, 0.827451, 1.0 ],
		"fontsize" : 10.0,
		"legacytextcolor" : 1,
		"textcolor" : [ 1.0, 1.0, 1.0, 1.0 ],
		"textoncolor" : [ 1.0, 1.0, 1.0, 1.0 ],
		"textovercolor" : [ 1.0, 1.0, 1.0, 1.0 ],
		"usebgoncolor" : 1,
		"usetextovercolor" : 1
	}
,
	"preset-ramp" : 	{
		"patching_rect" : [ 254, 0, 62, 16 ],
		"hidden" : 0,
		"bgcolor" : [ 1.0, 1.0, 1.0, 1.0 ],
		"bordercolor" : [ 0.5, 0.5, 0.5, 1.0 ],
		"fontsize" : 12.0,
		"labelcolor" : [ 0.0, 0.0, 0.0, 1.0 ],
		"selectcolor" : [ 0.45, 0.67, 1.0, 0.47 ],
		"slidercolor" : [ 0.0, 0.0, 0.0, 1.0 ],
		"slidercolornofocus" : [ 0.48, 0.48, 0.48, 0.55 ],
		"textcolor" : [ 0.0, 0.0, 0.0, 1.0 ],
		"textcolornofocus" : [ 0.48, 0.48, 0.48, 0.79 ]
	}
,
	"presets" : 	{
		"patching_rect" : [ 74, 0, 181, 16 ],
		"hidden" : 0,
		"jsarguments" : [ 14, "255 255 255", "50 50 50", "255 0 0", "0 255 0", "gg.rainer1" ]
	}
,
	"ll.blues" : 	{
		"patcher" : "bang",
		"patching_rect" : [ 159, 219, 159, 53 ],
		"hidden" : 0
	}
,
	"playbackspeed" : 	{
		"patching_rect" : [ 0, 17, 317, 16 ],
		"hidden" : 0,
		"bgcolor" : [ 0.905882352941176, 0.76078431372549, 0.713725490196078, 1.0 ],
		"bordercolor" : [ 0.5, 0.5, 0.5, 1.0 ],
		"fontsize" : 12.0,
		"labelcolor" : [ 0.0, 0.0, 0.0, 1.0 ],
		"selectcolor" : [ 0.45, 0.67, 1.0, 0.47 ],
		"slidercolor" : [ 0.0, 0.0, 0.0, 1.0 ],
		"slidercolornofocus" : [ 0.48, 0.48, 0.48, 0.55 ],
		"textcolor" : [ 0.0, 0.0, 0.0, 1.0 ],
		"textcolornofocus" : [ 0.48, 0.48, 0.48, 0.79 ]
	}
,
	"pitch" : 	{
		"patching_rect" : [ 0, 46, 317, 16 ],
		"hidden" : 0,
		"bgcolor" : [ 0.882352941176471, 0.898039215686275, 0.396078431372549, 1.0 ],
		"bordercolor" : [ 0.5, 0.5, 0.5, 1.0 ],
		"fontsize" : 12.0,
		"labelcolor" : [ 0.0, 0.0, 0.0, 1.0 ],
		"selectcolor" : [ 0.45, 0.67, 1.0, 0.47 ],
		"slidercolor" : [ 0.0, 0.0, 0.0, 1.0 ],
		"slidercolornofocus" : [ 0.48, 0.48, 0.48, 0.55 ],
		"textcolor" : [ 0.0, 0.0, 0.0, 1.0 ],
		"textcolornofocus" : [ 0.48, 0.48, 0.48, 0.79 ]
	}
,
	"grainlength" : 	{
		"patching_rect" : [ 0, 77, 317, 16 ],
		"hidden" : 0,
		"bgcolor" : [ 0.686274509803922, 0.847058823529412, 0.576470588235294, 1.0 ],
		"bordercolor" : [ 0.5, 0.5, 0.5, 1.0 ],
		"fontsize" : 12.0,
		"labelcolor" : [ 0.0, 0.0, 0.0, 1.0 ],
		"selectcolor" : [ 0.45, 0.67, 1.0, 0.47 ],
		"slidercolor" : [ 0.0, 0.0, 0.0, 1.0 ],
		"slidercolornofocus" : [ 0.48, 0.48, 0.48, 0.55 ],
		"textcolor" : [ 0.0, 0.0, 0.0, 1.0 ],
		"textcolornofocus" : [ 0.48, 0.48, 0.48, 0.79 ]
	}
,
	"random" : 	{
		"patching_rect" : [ 0, 205, 299, 13 ],
		"hidden" : 0,
		"bgcolor" : [ 0.901960784313726, 0.588235294117647, 0.764705882352941, 1.0 ],
		"bordercolor" : [ 0.5, 0.5, 0.5, 1.0 ],
		"fontsize" : 11.0,
		"labelcolor" : [ 0.423529411764706, 0.419607843137255, 0.419607843137255, 1.0 ],
		"selectcolor" : [ 0.45, 0.67, 1.0, 0.47 ],
		"slidercolor" : [ 0.0, 0.0, 0.0, 1.0 ],