{
	"window" : [ 397, 273, 718, 459 ],
	"freq1" : 	{
		"patching_rect" : [ 31.663330000000002, 70.999985000000009, 87, 33 ],
		"hidden" : 0,
		"bgcolor" : [ 0.960784, 0.827451, 0.156863, 1 ],
		"fontsize" : 22,
		"htricolor" : [ 0.92549, 0.364706, 0.341176, 1 ],
		"textcolor" : [ 0, 0, 0, 1 ],
		"tricolor" : [ 0.458595350062755, 0.458595237564901, 0.458595266962388, 1 ]
	}
,
	"smooth" : 	{
		"patching_rect" : [ 132, 14.499985000000002, 82.329894999999993, 27.666664000000004 ],
		"hidden" : 0,
		"bgcolor" : [ 0.317647, 0.654902, 0.976471, 1 ],
		"bordercolor" : [ 0.5, 0.5, 0.5, 1 ],
		"fontsize" : 12,
		"labelcolor" : [ 0, 0, 0, 1 ],
		"selectcolor" : [ 0.45, 0.67, 1, 0.47 ],
		"slidercolor" : [ 0, 0, 0, 1 ],
		"slidercolornofocus" : [ 0.48, 0.48, 0.48, 0.55 ],
		"textcolor" : [ 0, 0, 0, 1 ],
		"textcolornofocus" : [ 0.48, 0.48, 0.48, 0.79 ]
	}
,
	"active1" : 	{
		"patching_rect" : [ 0.329998000000003, 70.999985000000009, 29.333331999999999, 30.666668000000001 ],
		"hidden" : 0,
		"bgcolor" : [ 0, 0, 0, 1 ],
		"bgoncolor" : [ 0.960784, 0.827451, 0.156863, 1 ],
		"fontsize" : 22,
		"legacytextcolor" : 0,
		"textcolor" : [ 1, 1, 1, 1 ],
		"textoncolor" : [ 0, 0, 0, 1 ],
		"textovercolor" : [ 0.922234290352602, 0.71007200526417, 0.329758341965716, 1 ],
		"usebgoncolor" : 1,
		"usetextovercolor" : 0
	}
,
	"active2" : 	{
		"patching_rect" : [ 0.329998000000003, 107.499985000000009, 29.333331999999999, 30.666667999999987 ],
		"hidden" : 0,
		"bgcolor" : [ 0, 0, 0, 1 ],
		"bgoncolor" : [ 0.439216, 0.74902, 0.254902, 1 ],
		"fontsize" : 22,
		"legacytextcolor" : 0,
		"textcolor" : [ 1, 1, 1, 1 ],
		"textoncolor" : [ 0, 0, 0, 1 ],
		"textovercolor" : [ 0.922234290352602, 0.71007200526417, 0.329758341965716, 1 ],
		"usebgoncolor" : 1,
		"usetextovercolor" : 0
	}
,
	"active3" : 	{
		"patching_rect" : [ 0.329998000000003, 140.499985000000009, 29.333331999999999, 30.666667999999987 ],
		"hidden" : 0,
		"bgcolor" : [ 0, 0, 0, 1 ],
		"bgoncolor" : [ 0.952941, 0.564706, 0.098039, 1 ],
		"fontsize" : 22,
		"legacytextcolor" : 0,
		"textcolor" : [ 1, 1, 1, 1 ],
		"textoncolor" : [ 0, 0, 0, 1 ],
		"textovercolor" : [ 0.922234290352602, 0.71007200526417, 0.329758341965716, 1 ],
		"usebgoncolor" : 1,
		"usetextovercolor" : 0
	}
,
	"active4" : 	{
		"patching_rect" : [ 0.329998000000003, 176.833328000000023, 29.333331999999999, 30.666667999999987 ],
		"hidden" : 0,
		"bgcolor" : [ 0, 0, 0, 1 ],
		"bgoncolor" : [ 0.92549, 0.364706, 0.341176, 1 ],
		"fontsize" : 22,
		"legacytextcolor" : 0,
		"textcolor" : [ 1, 1, 1, 1 ],
		"textoncolor" : [ 0, 0, 0, 1 ],
		"textovercolor" : [ 0.922234290352602, 0.71007200526417, 0.329758341965716, 1 ],
		"usebgoncolor" : 1,
		"usetextovercolor" : 0
	}
,
	"gain1" : 	{
		"patching_rect" : [ 121.996643000000006, 68.83332900000002, 79.333252000000016, 14.666664999999995 ],
		"hidden" : 0,
		"bgcolor" : [ 0.960784, 0.827451, 0.156863, 1 ],
		"bordercolor" : [ 0.5, 0.5, 0.5, 1 ],
		"fontsize" : 12,
		"labelcolor" : [ 0, 0, 0, 1 ],
		"selectcolor" : [ 0.45, 0.67, 1, 0.47 ],
		"slidercolor" : [ 0, 0, 0, 1 ],
		"slidercolornofocus" : [ 0.48, 0.48, 0.48, 0.55 ],
		"textcolor" : [ 0, 0, 0, 1 ],
		"textcolornofocus" : [ 0.48, 0.48, 0.48, 0.79 ]
	}
,
	"q1" : 	{
		"patching_rect" : [ 121.996643000000006, 85.166672000000005, 79.333252000000016, 14.666664999999995 ],
		"hidden" : 0,
		"bgcolor" : [ 0.960784, 0.827451, 0.156863, 1 ],
		"bordercolor" : [ 0.5, 0.5, 0.5, 1 ],
		"fontsize" : 12,
		"labelcolor" : [ 0, 0, 0, 1 ],
		"selectcolor" : [ 0.45, 0.67, 1, 0.47 ],
		"slidercolor" : [ 0, 0, 0, 1 ],
		"slidercolornofocus" : [ 0.48, 0.48, 0.48, 0.55 ],
		"textcolor" : [ 0, 0, 0, 1 ],
		"textcolornofocus" : [ 0.48, 0.48, 0.48, 0.79 ]
	}
,
	"freq2" : 	{
		"patching_rect" : [ 31.663330000000002, 105.333327999999995, 86, 33 ],
		"hidden" : 0,
		"bgcolor" : [ 0.439216, 0.74902, 0.254902, 1 ],
		"fontsize" : 22,
		"htricolor" : [ 0.92549, 0.364706, 0.341176, 1 ],
		"textcolor" : [ 0, 0, 0, 1 ],
		"tricolor" : [ 0.458595350062755, 0.458595237564901, 0.458595266962388, 1 ]
	}
,
	"gain2" : 	{
		"patching_rect" : [ 121.996643000000006, 103.166672000000005, 79.333252000000016, 14.666664999999995 ],
		"hidden" : 0,
		"bgcolor" : [ 0.439216, 0.74902, 0.254902, 1 ],
		"bordercolor" : [ 0.5, 0.5, 0.5, 1 ],
		"fontsize" : 12,
		"labelcolor" : [ 0, 0, 0, 1 ],
		"selectcolor" : [ 0.45, 0.67, 1, 0.47 ],
		"slidercolor" : [ 0, 0, 0, 1 ],
		"slidercolornofocus" : [ 0.48, 0.48, 0.48, 0.55 ],
		"textcolor" : [ 0, 0, 0, 1 ],
		"textcolornofocus" : [ 0.48, 0.48, 0.48, 0.79 ]
	}
,
	"q2" : 	{
		"patching_rect" : [ 121.996643000000006, 119.500016000000016, 79.333252000000016, 14.666664999999995 ],
		"hidden" : 0,
		"bgcolor" : [ 0.439216, 0.74902, 0.254902, 1 ],
		"bordercolor" : [ 0.5, 0.5, 0.5, 1 ],
		"fontsize" : 12,
		"labelcolor" : [ 0, 0, 0, 1 ],
		"selectcolor" : [ 0.45, 0.67, 1, 0.47 ],
		"slidercolor" : [ 0, 0, 0, 1 ],
		"slidercolornofocus" : [ 0.48, 0.48, 0.48, 0.55 ],
		"textcolor" : [ 0, 0, 0, 1 ],
		"textcolornofocus" : [ 0.48, 0.48, 0.48, 0.79 ]
	}
,
	"freq3" : 	{
		"patching_rect" : [ 31.663330000000002, 138.333327999999995, 86, 33 ],
		"hidden" : 0,
		"bgcolor" : [ 0.952941, 0.564706, 0.098039, 1 ],
		"fontsize" : 22,
		"htricolor" : [ 0.92549, 0.364706, 0.341176, 1 ],
		"textcolor" : [ 0, 0, 0, 1 ],
		"tricolor" : [ 0.458595350062755, 0.458595237564901, 0.458595266962388, 1 ]
	}
,
	"gain3" : 	{
		"patching_rect" : [ 121.996643000000006, 136.166672000000005, 79.333252000000016, 14.666664999999995 ],
		"hidden" : 0,
		"bgcolor" : [ 0.952941, 0.564706, 0.098039, 1 ],
		"bordercolor" : [ 0.5, 0.5, 0.5, 1 ],
		"fontsize" : 12,
		"labelcolor" : [ 0, 0, 0, 1 ],
		"selectcolor" : [ 0.45, 0.67, 1, 0.47 ],
		"slidercolor" : [ 0, 0, 0, 1 ],
		"slidercolornofocus" : [ 0.48, 0.48, 0.48, 0.55 ],
		"textcolor" : [ 0, 0, 0, 1 ],
		"textcolornofocus" : [ 0.48, 0.48, 0.48, 0.79 ]
	}
,
	"q3" : 	{
		"patching_rect" : [ 121.996643000000006, 152.500016000000016, 79.333252000000016, 14.666664999999995 ],
		"hidden" : 0,
		"bgcolor" : [ 0.952941, 0.564706, 0.098039, 1 ],
		"bordercolor" : [ 0.5, 0.5, 0.5, 1 ],
		"fontsize" : 12,
		"labelcolor" : [ 0, 0, 0, 1 ],
		"selectcolor" : [ 0.45, 0.67, 1, 0.47 ],
		"slidercolor" : [ 0, 0, 0, 1 ],
		"slidercolornofocus" : [ 0.48, 0.48, 0.48, 0.55 ],
		"textcolor" : [ 0, 0, 0, 1 ],
		"textcolornofocus" : [ 0.48, 0.48, 0.48, 0.79 ]
	}
,
	"freq4" : 	{
		"patching_rect" : [ 31.663330000000002, 174.666672000000005, 87, 33 ],
		"hidden" : 0,
		"bgcolor" : [ 0.92549, 0.364706, 0.341176, 1 ],
		"fontsize" : 22,
		"htricolor" : [ 0.92549, 0.364706, 0.341176, 1 ],
		"textcolor" : [ 0, 0, 0, 1 ],
		"tricolor" : [ 0.458595350062755, 0.458595237564901, 0.458595266962388, 1 ]
	}
,
	"gain4" : 	{
		"patching_rect" : [ 121.996643000000006, 172.500016000000016, 79.333252000000016, 14.666664999999995 ],
		"hidden" : 0,
		"bgcolor" : [ 0.92549, 0.364706, 0.341176, 1 ],
		"bordercolor" : [ 0.5, 0.5, 0.5, 1 ],
		"fontsize" : 12,
		"labelcolor" : [ 0, 0, 0, 1 ],
		"selectcolor" : [ 0.45, 0.67, 1, 0.47 ],
		"slidercolor" : [ 0, 0, 0, 1 ],
		"slidercolornofocus" : [ 0.48, 0.48, 0.48, 0.55 ],
		"textcolor" : [ 0, 0, 0, 1 ],
		"textcolornofocus" : [ 0.48, 0.48, 0.48, 0.79 ]
	}
,
	"q4" : 	{
		"patching_rect" : [ 121.996643000000006, 190.666672000000005, 79.333252000000016, 14.666664999999995 ],
		"hidden" : 0,
		"bgcolor" : [ 0.92549, 0.364706, 0.341176, 1 ],
		"bordercolor" : [ 0.5, 0.5, 0.5, 1 ],
		"fontsize" : 12,
		"labelcolor" : [ 0, 0, 0, 1 ],
		"selectcolor" : [ 0.45, 0.67, 1, 0.47 ],
		"slidercolor" : [ 0, 0, 0, 1 ],
		"slidercolornofocus" : [ 0.48, 0.48, 0.48, 0.55 ],
		"textcolor" : [ 0, 0, 0, 1 ],
		"textcolornofocus" : [ 0.48, 0.48, 0.48, 0.79 ]
	}
,
	"par1" : 	{
		"patching_rect" : [ 203.329894999999965, 68.83332900000002, 52, 33 ],
		"hidden" : 0,
		"bgcolor" : [ 0.960784, 0.827451, 0.156863, 1 ],
		"fontsize" : 22,
		"htricolor" : [ 0.922234290352602, 0.71007200526417, 0.329758341965716, 1 ],
		"textcolor" : [ 0, 0, 0, 1 ],