{
	"window" : [ 276, 94, 853, 832 ],
	"cellblock" : 	{
		"patching_rect" : [ 2, 141, 573, 595 ],
		"hidden" : 0,
		"bgcolor" : [ 1, 1, 1, 1 ],
		"bordercolor" : [ 0.5, 0.5, 0.5, 1 ],
		"fgcolor" : [ 0, 0, 0, 1 ],
		"fontsize" : 10,
		"gridlinecolor" : [ 0.5, 0.5, 0.5, 1 ],
		"hcellcolor" : [ 0.941176470588235, 0.941176470588235, 1, 1 ],
		"headercolor" : [ 0.7, 0.7, 0.7, 1 ],
		"sccolor" : [ 1, 1, 1, 1 ],
		"sgcolor" : [ 0.96, 0.96, 0.98, 1 ],
		"stcolor" : [ 0.8, 0.8, 0.9, 1 ],
		"textcolor" : [ 0, 0, 0, 1 ]
	}
,
	"jitwin" : 	{
		"patching_rect" : [ 331.166663999999969, 0.5, 227, 140 ],
		"hidden" : 0,
		"bordercolor" : [ 0, 0, 0, 1 ],
		"colormode" : "argb"
	}
,
	"tag_select" : 	{
		"patching_rect" : [ 268, 2, 61, 20 ],
		"hidden" : 0,
		"applycolors" : 0,
		"bgfillcolor" : 		{
			"type" : "gradient",
			"color1" : [ 0.172137149796092, 0.172137100044002, 0.172137113045018, 1 ],
			"color2" : [ 0.172137149796092, 0.172137100044002, 0.172137113045018, 1 ],
			"color" : [ 0.172137149796092, 0.172137100044002, 0.172137113045018, 1 ]
		}
,
		"color" : [ 0.618934978328545, 0.744701397656435, 0.953750108255376, 1 ],
		"elementcolor" : [ 0.221327066888467, 0.221327006361825, 0.221327022178404, 1 ],
		"fontsize" : 10,
		"textcolor" : [ 0.9, 0.9, 0.9, 1 ]
	}
,
	"commentbox" : 	{
		"patching_rect" : [ 72, 31.25, 204.166663999999969, 94.5 ],
		"hidden" : 0
	}
,
	"comment_desc" : 	{
		"patching_rect" : [ 122, 121.5, 208.166663999999969, 19 ],
		"hidden" : 0,
		"bgcolor" : [ 1, 1, 1, 0 ],
		"bubble_bgcolor" : [ 0.235, 0.235, 0.235, 1 ],
		"bubble_outlinecolor" : [ 0.85, 0.85, 0.85, 1 ],
		"bubbleusescolors" : 0,
		"fontsize" : 11,
		"textcolor" : [ 1, 1, 1, 1 ]
	}

}
