{
	"window" : [ 119, 281, 556, 418 ],
	"4-env-lo" : 	{
		"patching_rect" : [ 1, 116, 180, 20 ],
		"hidden" : 0,
		"bgcolor" : [ 1, 1, 1, 0 ],
		"bordercolor" : [ 1, 1, 1, 1 ],
		"fgcolor" : [ 0.811765, 0.372549, 0.372549, 1 ]
	}
,
	"4-env-hi" : 	{
		"patching_rect" : [ 1, 116, 180, 20 ],
		"hidden" : 0,
		"bgcolor" : [ 1, 1, 1, 0 ],
		"bordercolor" : [ 1, 1, 1, 1 ],
		"fgcolor" : [ 0.811765, 0.372549, 0.372549, 1 ]
	}
,
	"4-range" : 	{
		"patching_rect" : [ 1, 116, 180, 20 ],
		"hidden" : 0,
		"bgcolor" : [ 1, 1, 1, 0 ],
		"bordercolor" : [ 1, 1, 1, 1 ],
		"fgcolor" : [ 0.811765, 0.372549, 0.372549, 0.603922 ]
	}
,
	"4-env-amt" : 	{
		"patching_rect" : [ 182, 116, 35, 22 ],
		"hidden" : 1,
		"bgcolor" : [ 0.125, 0.125, 0.125, 1 ],
		"fontsize" : 12,
		"htricolor" : [ 0.922234290352602, 0.71007200526417, 0.329758341965716, 1 ],
		"textcolor" : [ 0.9, 0.9, 0.9, 1 ],
		"tricolor" : [ 0.458595350062755, 0.458595237564901, 0.458595266962388, 1 ]
	}
,
	"4_mod-freq" : 	{
		"patching_rect" : [ 224, 116, 35, 22 ],
		"hidden" : 0,
		"bgcolor" : [ 0.125, 0.125, 0.125, 1 ],
		"fontsize" : 12,
		"htricolor" : [ 0.922234290352602, 0.71007200526417, 0.329758341965716, 1 ],
		"textcolor" : [ 0.9, 0.9, 0.9, 1 ],
		"tricolor" : [ 0.458595350062755, 0.458595237564901, 0.458595266962388, 1 ]
	}
,
	"4_mod-wave" : 	{
		"patching_rect" : [ 260, 116, 26, 22 ],
		"hidden" : 0,
		"applycolors" : 0,
		"bgfillcolor" : 		{
			"type" : "gradient",
			"color1" : [ 0.172137149796092, 0.172137100044002, 0.172137113045018, 1 ],
			"color2" : [ 0.172137149796092, 0.172137100044002, 0.172137113045018, 1 ],
			"color" : [ 0.172137149796092, 0.172137100044002, 0.172137113045018, 1 ]
		}
,
		"color" : [ 0.618934978328545, 0.744701397656435, 0.953750108255376, 1 ],
		"elementcolor" : [ 0.221327066888467, 0.221327006361825, 0.221327022178404, 1 ],
		"fontsize" : 12,
		"textcolor" : [ 0.9, 0.9, 0.9, 1 ]
	}
,
	"4_mod-phase" : 	{
		"patching_rect" : [ 287, 116, 30, 22 ],
		"hidden" : 0,
		"bgcolor" : [ 0.125, 0.125, 0.125, 1 ],
		"fontsize" : 12,
		"htricolor" : [ 0.922234290352602, 0.71007200526417, 0.329758341965716, 1 ],
		"textcolor" : [ 0.9, 0.9, 0.9, 1 ],
		"tricolor" : [ 0.458595350062755, 0.458595237564901, 0.458595266962388, 1 ]
	}
,
	"4_mod-amt" : 	{
		"patching_rect" : [ 318, 116, 118, 10 ],
		"hidden" : 0,
		"bgcolor" : [ 0.125, 0.125, 0.125, 1 ],
		"peakcolor" : [ 0.221327066888467, 0.221327006361825, 0.221327022178404, 1 ],
		"slidercolor" : [ 0.618934978328545, 0.744701397656435, 0.953750108255376, 1 ]
	}
,
	"4_band-level" : 	{
		"patching_rect" : [ 318, 126, 118, 10 ],
		"hidden" : 0,
		"bgcolor" : [ 1, 1, 1, 1 ],
		"peakcolor" : [ 0.221327066888467, 0.221327006361825, 0.221327022178404, 1 ],
		"slidercolor" : [ 0.03, 0.02, 0.6, 1 ]
	}
,
	"3-env-lo" : 	{
		"patching_rect" : [ 1, 95, 180, 20 ],
		"hidden" : 0,
		"bgcolor" : [ 1, 1, 1, 0 ],
		"bordercolor" : [ 1, 1, 1, 1 ],
		"fgcolor" : [ 0.811765, 0.372549, 0.372549, 1 ]
	}
,
	"3-env-hi" : 	{
		"patching_rect" : [ 1, 95, 180, 20 ],
		"hidden" : 0,
		"bgcolor" : [ 1, 1, 1, 0 ],
		"bordercolor" : [ 1, 1, 1, 1 ],
		"fgcolor" : [ 0.811765, 0.372549, 0.372549, 1 ]
	}
,
	"3-range" : 	{
		"patching_rect" : [ 1, 95, 180, 20 ],
		"hidden" : 0,
		"bgcolor" : [ 1, 1, 1, 0 ],
		"bordercolor" : [ 1, 1, 1, 1 ],
		"fgcolor" : [ 0.811765, 0.372549, 0.372549, 0.603922 ]
	}
,
	"3-env-amt" : 	{
		"patching_rect" : [ 182, 95, 35, 22 ],
		"hidden" : 1,
		"bgcolor" : [ 0.125, 0.125, 0.125, 1 ],
		"fontsize" : 12,
		"htricolor" : [ 0.922234290352602, 0.71007200526417, 0.329758341965716, 1 ],
		"textcolor" : [ 0.9, 0.9, 0.9, 1 ],
		"tricolor" : [ 0.458595350062755, 0.458595237564901, 0.458595266962388, 1 ]
	}
,
	"3_mod-freq" : 	{
		"patching_rect" : [ 224, 95, 35, 22 ],
		"hidden" : 0,
		"bgcolor" : [ 0.125, 0.125, 0.125, 1 ],
		"fontsize" : 12,
		"htricolor" : [ 0.922234290352602, 0.71007200526417, 0.329758341965716, 1 ],
		"textcolor" : [ 0.9, 0.9, 0.9, 1 ],
		"tricolor" : [ 0.458595350062755, 0.458595237564901, 0.458595266962388, 1 ]
	}
,
	"3_mod-wave" : 	{
		"patching_rect" : [ 260, 95, 26, 22 ],
		"hidden" : 0,
		"applycolors" : 0,
		"bgfillcolor" : 		{
			"type" : "gradient",
			"color1" : [ 0.172137149796092, 0.172137100044002, 0.172137113045018, 1 ],
			"color2" : [ 0.172137149796092, 0.172137100044002, 0.172137113045018, 1 ],
			"color" : [ 0.172137149796092, 0.172137100044002, 0.172137113045018, 1 ]
		}
,
		"color" : [ 0.618934978328545, 0.744701397656435, 0.953750108255376, 1 ],
		"elementcolor" : [ 0.221327066888467, 0.221327006361825, 0.221327022178404, 1 ],
		"fontsize" : 12,
		"textcolor" : [ 0.9, 0.9, 0.9, 1 ]
	}
,
	"3_mod-phase" : 	{
		"patching_rect" : [ 287, 95, 30, 22 ],
		"hidden" : 0,
		"bgcolor" : [ 0.125, 0.125, 0.125, 1 ],
		"fontsize" : 12,
		"htricolor" : [ 0.922234290352602, 0.71007200526417, 0.329758341965716, 1 ],
		"textcolor" : [ 0.9, 0.9, 0.9, 1 ],
		"tricolor" : [ 0.458595350062755, 0.458595237564901, 0.458595266962388, 1 ]
	}
,
	"3_mod-amt" : 	{
		"patching_rect" : [ 318, 95, 118, 10 ],
		"hidden" : 0,
		"bgcolor" : [ 0.125, 0.125, 0.125, 1 ],
		"peakcolor" : [ 0.221327066888467, 0.221327006361825, 0.221327022178404, 1 ],
		"slidercolor" : [ 0.618934978328545, 0.744701397656435, 0.953750108255376, 1 ]
	}
,
	"3_band-level" : 	{
		"patching_rect" : [ 318, 105, 118, 10 ],
		"hidden" : 0,
		"bgcolor" : [ 1, 1, 1, 1 ],
		"peakcolor" : [ 0.221327066888467, 0.221327006361825, 0.221327022178404, 1 ],
		"slidercolor" : [ 0.03, 0.02, 0.6, 1 ]
	}
,
	"2-env-lo" : 	{
		"patching_rect" : [ 1, 74, 180, 20 ],
		"hidden" : 0,
		"bgcolor" : [ 1, 1, 1, 0 ],
		"bordercolor" : [ 1, 1, 1, 1 ],
		"fgcolor" : [ 0.811765, 0.372549, 0.372549, 1 ]
	}
,
	"2-env-hi" : 	{
		"patching_rect" : [ 1, 74, 180, 20 ],
		"hidden" : 0,
		"bgcolor" : [ 1, 1, 1, 0 ],
		"bordercolor" : [ 1, 1, 1, 1 ],
		"fgcolor" : [ 0.811765, 0.372549, 0.372549, 1 ]
	}
,
	"2-range" : 	{
		"patching_rect" : [ 1, 74, 180, 20 ],
		"hidden" : 0,
		"bgcolor" : [ 1, 1, 1, 0 ],
		"bordercolor" : [ 1, 1, 1, 1 ],
		"fgcolor" : [ 0.811765, 0.372549, 0.372549, 0.603922 ]
	}
,
	"2-env-amt" : 	{
		"patching_rect" : [ 182, 74, 35, 22 ],
		"hidden" : 1,
		"bgcolor" : [ 0.125, 0.125, 0.125, 1 ],
		"fontsize" : 12,
		"htricolor" : [ 0.922234290352602, 0.71007200526417, 0.329758341965716, 1 ],
		"textcolor" : [ 0.9, 0.9, 0.9, 1 ],
		"tricolor" : [ 0.458595350062755, 0.458595237564901, 0.458595266962388, 1 ]
	}
,
	"2_mod-freq" : 	{
		"patching_rect" : [ 224, 74, 35, 22 ],
		"hidden" : 0,
		"bgcolor" : [ 0.125, 0.125, 0.125, 1 ],
		"fontsize" : 12,
		"htricolor" : [ 0.922234290352602, 0.71007200526417, 0.329758341965716, 1 ],
		"textcolor" : [ 0.9, 0.9, 0.9, 1 ],
		"tricolor" : [ 0.458595350062755, 0.458595237564901, 0.458595266962388, 1 ]
	}
,
	"2_mod-wave" : 	{
		"patching_rect" : [ 260, 74, 26, 22 ],
		"hidden" : 0,
		"applycolors" : 0,
		"bgfillcolor" : 		{
			"type" : "gradient",
			"color1" : [ 0.172137149796092, 0.172137100044002, 0.172137113045018, 1 ],
			"color2" : [ 0.172137149796092, 0.172137100044002, 0.172137113045018, 1 ],
			"color" : [ 0.172137149796092, 0.172137100044002, 0.172137113045018, 1 ]
		}
,
		"color" : [ 0.618934978328545, 0.744701397656435, 0.953750108255376, 1 ],
		"elementcolor" : [ 0.221327066888467, 0.221327006361825, 0.221327022178404, 1 ],
		"fontsize" : 12,
		"textcolor" : [ 0.9, 0.9, 0.9, 1 ]
	}
,
	"2_mod-phase" : 	{
		"patching_rect" : [ 287, 74, 30, 22 ],
		"hidden" : 0,
		"bgcolor" : [ 0.125, 0.125, 0.125, 1 ],
		"fontsize" : 12,
		"htricolor" : [ 0.922234290352602, 0.71007200526417, 0.329758341965716, 1 ],
		"textcolor" : [ 0.9, 0.9, 0.9, 1 ],
		"tricolor" : [ 0.458595350062755, 0.458595237564901, 0.458595266962388, 1 ]
	}
,
	"2_mod-amt" : 	{
		"patching_rect" : [ 318, 74, 118, 10 ],
		"hidden" : 0,
		"bgcolor" : [ 0.125, 0.125, 0.125, 1 ],
		"peakcolor" : [ 0.221327066888467, 0.221327006361825, 0.221327022178404, 1 ],
		"slidercolor" : [ 0.618934978328545, 0.744701397656435, 0.953750108255376, 1 ]
	}
,