{
	"window" : [ 490, 320, 762, 477 ],
	"preset-ramp" : 	{
		"patching_rect" : [ 59, 16, 53, 16 ],
		"hidden" : 0,
		"bgcolor" : [ 1, 1, 1, 1 ],
		"bordercolor" : [ 0.5, 0.5, 0.5, 1 ],
		"fontsize" : 12,
		"labelcolor" : [ 0, 0, 0, 1 ],
		"selectcolor" : [ 0.45, 0.67, 1, 0.47 ],
		"slidercolor" : [ 0, 0, 0, 1 ],
		"slidercolornofocus" : [ 0.48, 0.48, 0.48, 0.55 ],
		"textcolor" : [ 0, 0, 0, 1 ],
		"textcolornofocus" : [ 0.48, 0.48, 0.48, 0.79 ]
	}
,
	"presets" : 	{
		"patching_rect" : [ 0, 16, 61, 16 ],
		"hidden" : 0,
		"jsarguments" : [ 14, "255 255 255", "50 50 50", "255 0 0", "0 255 0", "pr.spectfreeze1" ]
	}
,
	"start" : 	{
		"patching_rect" : [ 390, 208, 17, 17 ],
		"hidden" : 1,
		"bgcolor" : [ 0.125, 0.125, 0.125, 1 ],
		"checkedcolor" : [ 0.618934978328545, 0.744701397656435, 0.953750108255376, 1 ],
		"elementcolor" : [ 0.221327066888467, 0.221327006361825, 0.221327022178404, 1 ],
		"uncheckedcolor" : [ 0.221327066888467, 0.221327006361825, 0.221327022178404, 1 ]
	}
,
	"fadetime" : 	{
		"patching_rect" : [ 467, 60, 35, 19 ],
		"hidden" : 0,
		"bgcolor" : [ 0.866667, 0.866667, 0.866667, 1 ],
		"fontsize" : 9,
		"htricolor" : [ 0.87, 0.82, 0.24, 1 ],
		"textcolor" : [ 0, 0, 0, 1 ],
		"tricolor" : [ 0.75, 0.75, 0.75, 1 ]
	}
,
	"freeze" : 	{
		"patching_rect" : [ 1, 81, 270, 60 ],
		"hidden" : 0,
		"bgcolor" : [ 1, 1, 1, 0 ],
		"bgoncolor" : [ 0.909804, 0.6, 0.227451, 1 ],
		"fontsize" : 10,
		"legacytextcolor" : 1,
		"textcolor" : [ 0.843137, 0.039216, 0.039216, 1 ],
		"textoncolor" : [ 1, 1, 1, 1 ],
		"textovercolor" : [ 0.843137, 0.039216, 0.039216, 1 ],
		"usebgoncolor" : 1,
		"usetextovercolor" : 1
	}
,
	"choice" : 	{
		"patching_rect" : [ 1, 33, 110, 15 ],
		"hidden" : 0,
		"activebgcolor" : [ 0, 0, 0, 1 ],
		"bordercolor" : [ 0.827451, 0.827451, 0.827451, 1 ],
		"focusbordercolor" : [ 0.447518749806177, 0.44751863973454, 0.447518668498017, 1 ],
		"fontsize" : 9.5,
		"hltcolor" : [ 0.269595890603871, 0.408853959740371, 0.595943257030903, 1 ],
		"hlttextcolor" : [ 0.85, 0.85, 0.85, 1 ],
		"inactivelcdcolor" : [ 0.325, 0.325, 0.325, 1 ],
		"lcdbgcolor" : [ 0.079348079365577, 0.07934804057877, 0.079348050547289, 1 ],
		"lcdcolor" : [ 0.931948395395052, 0.771744459193783, 0.523883756405412, 1 ],
		"remapsvgcolors" : 0,
		"textcolor" : [ 0.827451, 0.827451, 0.827451, 1 ],
		"tricolor" : [ 0.85, 0.85, 0.85, 1 ]
	}
,
	"metrospeed" : 	{
		"patching_rect" : [ 16, 48, 95, 15 ],
		"hidden" : 0,
		"activebgcolor" : [ 0, 0, 0, 1 ],
		"activeslidercolor" : [ 0.594473705410263, 0.720560630419913, 0.928309050695498, 1 ],
		"activetricolor" : [ 0.261531128329206, 0.261531061881087, 0.261531079296546, 1 ],
		"activetricolor2" : [ 0.618934978328545, 0.744701397656435, 0.953750108255376, 1 ],
		"bordercolor" : [ 0.827451, 0.827451, 0.827451, 1 ],
		"focusbordercolor" : [ 0.827451, 0.827451, 0.827451, 1 ],
		"fontsize" : 9.5,
		"inactivelcdcolor" : [ 0.325, 0.325, 0.325, 1 ],
		"lcdbgcolor" : [ 0.079348079365577, 0.07934804057877, 0.079348050547289, 1 ],
		"lcdcolor" : [ 0.931948395395052, 0.771744459193783, 0.523883756405412, 1 ],
		"textcolor" : [ 0.827451, 0.827451, 0.827451, 1 ],
		"tricolor" : [ 0.57636836783545, 0.576368229540612, 0.576368265679262, 1 ],
		"tricolor2" : [ 0.261531128329206, 0.261531061881087, 0.261531079296546, 1 ]
	}
,
	"metro" : 	{
		"patching_rect" : [ 1, 48, 15, 15 ],
		"hidden" : 0,
		"activebgcolor" : [ 0.261531128329206, 0.261531061881087, 0.261531079296546, 1 ],
		"activebgoncolor" : [ 0.9, 0.65, 0.05, 1 ],
		"bgcolor" : [ 0.261531128329206, 0.261531061881087, 0.261531079296546, 1 ],
		"bgoncolor" : [ 0.57636836783545, 0.576368229540612, 0.576368265679262, 1 ],
		"bordercolor" : [ 0.827451, 0.827451, 0.827451, 1 ],
		"focusbordercolor" : [ 0.447518749806177, 0.44751863973454, 0.447518668498017, 1 ],
		"inactivelcdcolor" : [ 0.325, 0.325, 0.325, 1 ],
		"lcdcolor" : [ 0.931948395395052, 0.771744459193783, 0.523883756405412, 1 ]
	}
,
	"ll.blues" : 	{
		"patching_rect" : [ 112, 11, 160, 53 ],
		"hidden" : 0,
		"accentcolor" : [ 0.458595350062755, 0.458595237564901, 0.458595266962388, 1 ],
		"bgcolor" : [ 0.125, 0.125, 0.125, 1 ],
		"bgfillcolor" : 		{
			"type" : "gradient",
			"color1" : [ 0.172137149796092, 0.172137100044002, 0.172137113045018, 1 ],
			"color2" : [ 0.172137149796092, 0.172137100044002, 0.172137113045018, 1 ],
			"color" : [ 0.172137149796092, 0.172137100044002, 0.172137113045018, 1 ]
		}
,
		"bubble_bgcolor" : [ 0.235, 0.235, 0.235, 1 ],
		"bubble_outlinecolor" : [ 0.85, 0.85, 0.85, 1 ],
		"clearcolor" : [ 1, 1, 1, 0 ],
		"color" : [ 0.618934978328545, 0.744701397656435, 0.953750108255376, 1 ],
		"editing_bgcolor" : [ 0.235, 0.235, 0.235, 1 ],
		"elementcolor" : [ 0.221327066888467, 0.221327006361825, 0.221327022178404, 1 ],
		"fontsize" : 12,
		"locked_bgcolor" : [ 0.235, 0.235, 0.235, 1 ],
		"patchlinecolor" : [ 0.447518749806177, 0.44751863973454, 0.447518668498017, 1 ],
		"selectioncolor" : [ 0.922234290352602, 0.71007200526417, 0.329758341965716, 1 ],
		"stripecolor" : [ 0.172137149796092, 0.172137100044002, 0.172137113045018, 1 ],
		"syntax_attrargcolor" : [ 0.987719444392034, 0.772809765725725, 0.723525810589731, 1 ],
		"syntax_attributecolor" : [ 0.574681917362067, 0.746730429372804, 1, 1 ],
		"syntax_objargcolor" : [ 0.9, 0.9, 0.9, 1 ],
		"syntax_objectcolor" : [ 0.956590352327427, 0.76614891786161, 0.452834090916593, 1 ],
		"textcolor" : [ 0.85, 0.85, 0.85, 1 ],
		"textcolor_inverse" : [ 0.9, 0.9, 0.9, 1 ]
	}
,
	"denoise" : 	{
		"patching_rect" : [ 1, 63, 134, 15 ],
		"hidden" : 0,
		"bgcolor" : [ 0, 0, 0, 1 ],
		"bordercolor" : [ 0.827451, 0.827451, 0.827451, 1 ],
		"fontsize" : 10,
		"labelcolor" : [ 0.827451, 0.827451, 0.827451, 1 ],
		"selectcolor" : [ 0.45, 0.67, 1, 0.47 ],
		"slidercolor" : [ 0.980392, 0.6, 0.031373, 1 ],
		"slidercolornofocus" : [ 1, 1, 1, 0.698039 ],
		"textcolor" : [ 0.980392, 0.6, 0.031373, 1 ],
		"textcolornofocus" : [ 1, 1, 1, 0.698039 ]
	}
,
	"slide" : 	{
		"patching_rect" : [ 136, 63, 135, 15 ],
		"hidden" : 0,
		"bgcolor" : [ 0, 0, 0, 1 ],
		"bordercolor" : [ 0.827451, 0.827451, 0.827451, 1 ],
		"fontsize" : 10,
		"labelcolor" : [ 0.827451, 0.827451, 0.827451, 1 ],
		"selectcolor" : [ 0.45, 0.67, 1, 0.47 ],
		"slidercolor" : [ 0.980392, 0.6, 0.031373, 1 ],
		"slidercolornofocus" : [ 1, 1, 1, 0.701961 ],
		"textcolor" : [ 0.980392, 0.6, 0.031373, 1 ],
		"textcolornofocus" : [ 1, 1, 1, 0.701961 ]
	}
,
	"framescan" : 	{
		"patching_rect" : [ 1, 141, 270, 15 ],
		"hidden" : 0,
		"bgcolor" : [ 0, 0, 0, 1 ],
		"bordercolor" : [ 0.827451, 0.827451, 0.827451, 1 ],
		"fontsize" : 10,
		"labelcolor" : [ 0.827451, 0.827451, 0.827451, 1 ],
		"selectcolor" : [ 0.45, 0.67, 1, 0.47 ],
		"slidercolor" : [ 0.980392, 0.6, 0.031373, 1 ],
		"slidercolornofocus" : [ 1, 1, 1, 0.698039 ],
		"textcolor" : [ 0.980392, 0.6, 0.031373, 1 ],
		"textcolornofocus" : [ 1, 1, 1, 0.698039 ]
	}

}
