{
	"window" : [ 393, 156, 813, 239 ],
	"preset-ramp" : 	{
		"patching_rect" : [ 283, 0, 68, 16 ],
		"hidden" : 0,
		"bgcolor" : [ 1, 1, 1, 1 ],
		"bordercolor" : [ 0.5, 0.5, 0.5, 1 ],
		"fontsize" : 14,
		"labelcolor" : [ 0, 0, 0, 1 ],
		"selectcolor" : [ 0.45, 0.67, 1, 0.47 ],
		"slidercolor" : [ 0, 0, 0, 1 ],
		"slidercolornofocus" : [ 0.48, 0.48, 0.48, 0.55 ],
		"textcolor" : [ 0, 0, 0, 1 ],
		"textcolornofocus" : [ 0.48, 0.48, 0.48, 0.79 ]
	}
,
	"presets" : 	{
		"patching_rect" : [ 56, 0, 226, 16 ],
		"hidden" : 0,
		"jsarguments" : [ 14, "255 255 255", "50 50 50", "255 0 0", "0 255 0", "brown2" ]
	}
,
	"step" : 	{
		"patching_rect" : [ 0, 18, 280, 18 ],
		"hidden" : 0,
		"bgcolor" : [ 0.83921568627451, 0.76078431372549, 0.67843137254902, 1 ],
		"bordercolor" : [ 0, 0, 0, 1 ],
		"fontsize" : 18,
		"labelcolor" : [ 0, 0, 0, 1 ],
		"selectcolor" : [ 0.545098, 0.941176, 0.54902, 0.27451 ],
		"slidercolor" : [ 0, 0, 0, 1 ],
		"slidercolornofocus" : [ 1, 0.996078431372549, 0.996078431372549, 0.886274509803922 ],
		"textcolor" : [ 0, 0, 0, 1 ],
		"textcolornofocus" : [ 1, 0.996078431372549, 0.996078431372549, 0.886274509803922 ]
	}
,
	"step_mcspread" : 	{
		"patching_rect" : [ 279, 18, 86, 18 ],
		"hidden" : 0,
		"bgcolor" : [ 0.83921568627451, 0.76078431372549, 0.67843137254902, 1 ],
		"bordercolor" : [ 0, 0, 0, 1 ],
		"fontsize" : 14,
		"labelcolor" : [ 0, 0, 0, 1 ],
		"selectcolor" : [ 0.545098, 0.941176, 0.54902, 0.27451 ],
		"slidercolor" : [ 0, 0, 0, 1 ],
		"slidercolornofocus" : [ 1, 0.988235294117647, 0.988235294117647, 0.886274509803922 ],
		"textcolor" : [ 0, 0, 0, 1 ],
		"textcolornofocus" : [ 1, 0.988235294117647, 0.988235294117647, 0.886274509803922 ]
	}
,
	"freq" : 	{
		"patching_rect" : [ 0, 38, 281, 18 ],
		"hidden" : 0,
		"bgcolor" : [ 0.83921568627451, 0.76078431372549, 0.67843137254902, 1 ],
		"bordercolor" : [ 0, 0, 0, 1 ],
		"fontsize" : 18,
		"labelcolor" : [ 0, 0, 0, 1 ],
		"selectcolor" : [ 0.545098, 0.941176, 0.54902, 0.27451 ],
		"slidercolor" : [ 0, 0, 0, 1 ],
		"slidercolornofocus" : [ 1, 0.988235294117647, 0.988235294117647, 0.886274509803922 ],
		"textcolor" : [ 0, 0, 0, 1 ],
		"textcolornofocus" : [ 1, 1, 1, 0.886274509803922 ]
	}
,
	"freq_mcspread" : 	{
		"patching_rect" : [ 279, 38, 86, 18 ],
		"hidden" : 0,
		"bgcolor" : [ 0.83921568627451, 0.76078431372549, 0.67843137254902, 1 ],
		"bordercolor" : [ 0, 0, 0, 1 ],
		"fontsize" : 14,
		"labelcolor" : [ 0, 0, 0, 1 ],
		"selectcolor" : [ 0.545098, 0.941176, 0.54902, 0.27451 ],
		"slidercolor" : [ 0, 0, 0, 1 ],
		"slidercolornofocus" : [ 1, 0.988235294117647, 0.988235294117647, 0.886274509803922 ],
		"textcolor" : [ 0, 0, 0, 1 ],
		"textcolornofocus" : [ 1, 0.988235294117647, 0.988235294117647, 0.886274509803922 ]
	}
,
	"freq_ramp" : 	{
		"patching_rect" : [ 364, 38, 56, 18 ],
		"hidden" : 0,
		"bgcolor" : [ 0.83921568627451, 0.76078431372549, 0.67843137254902, 1 ],
		"bordercolor" : [ 0, 0, 0, 1 ],
		"fontsize" : 12,
		"labelcolor" : [ 0, 0, 0, 1 ],
		"selectcolor" : [ 0.545098, 0.941176, 0.54902, 0.27451 ],
		"slidercolor" : [ 0, 0, 0, 1 ],
		"slidercolornofocus" : [ 1, 0.988235294117647, 0.988235294117647, 0.886274509803922 ],
		"textcolor" : [ 0, 0, 0, 1 ],
		"textcolornofocus" : [ 1, 0.988235294117647, 0.988235294117647, 0.886274509803922 ]
	}
,
	"DC_block" : 	{
		"patching_rect" : [ 363, 0, 57, 16 ],
		"hidden" : 0,
		"bgcolor" : [ 0.505882352941176, 0.337254901960784, 0.168627450980392, 1 ],
		"bgoncolor" : [ 0.83921568627451, 0.76078431372549, 0.67843137254902, 1 ],
		"fontsize" : 11,
		"legacytextcolor" : 0,
		"textcolor" : [ 1, 1, 1, 1 ],
		"textoncolor" : [ 0.945098039215686, 0.082352941176471, 0.082352941176471, 1 ],
		"textovercolor" : [ 0.922234290352602, 0.71007200526417, 0.329758341965716, 1 ],
		"usebgoncolor" : 1,
		"usetextovercolor" : 0
	}
,
	"step_ramp" : 	{
		"patching_rect" : [ 364, 18, 56, 18 ],
		"hidden" : 0,
		"bgcolor" : [ 0.83921568627451, 0.76078431372549, 0.67843137254902, 1 ],
		"bordercolor" : [ 0, 0, 0, 1 ],
		"fontsize" : 12,
		"labelcolor" : [ 0, 0, 0, 1 ],
		"selectcolor" : [ 0.545098, 0.941176, 0.54902, 0.27451 ],
		"slidercolor" : [ 0, 0, 0, 1 ],
		"slidercolornofocus" : [ 1, 0.988235294117647, 0.988235294117647, 0.886274509803922 ],
		"textcolor" : [ 0, 0, 0, 1 ],
		"textcolornofocus" : [ 1, 0.988235294117647, 0.988235294117647, 0.886274509803922 ]
	}
,
	"ll.blues" : 	{
		"patching_rect" : [ 0, 56, 420, 26 ],
		"hidden" : 0,
		"accentcolor" : [ 0.458595350062755, 0.458595237564901, 0.458595266962388, 1 ],
		"bgcolor" : [ 0.125, 0.125, 0.125, 1 ],
		"bgfillcolor" : 		{
			"type" : "gradient",
			"color1" : [ 0.172137149796092, 0.172137100044002, 0.172137113045018, 1 ],
			"color2" : [ 0.172137149796092, 0.172137100044002, 0.172137113045018, 1 ],
			"color" : [ 0.172137149796092, 0.172137100044002, 0.172137113045018, 1 ]
		}
,
		"bubble_bgcolor" : [ 0.235, 0.235, 0.235, 1 ],
		"bubble_outlinecolor" : [ 0.85, 0.85, 0.85, 1 ],
		"clearcolor" : [ 1, 1, 1, 0 ],
		"color" : [ 0.618934978328545, 0.744701397656435, 0.953750108255376, 1 ],
		"editing_bgcolor" : [ 0.235, 0.235, 0.235, 1 ],
		"elementcolor" : [ 0.221327066888467, 0.221327006361825, 0.221327022178404, 1 ],
		"fontsize" : 12,
		"locked_bgcolor" : [ 0.235, 0.235, 0.235, 1 ],
		"patchlinecolor" : [ 0.447518749806177, 0.44751863973454, 0.447518668498017, 1 ],
		"selectioncolor" : [ 0.922234290352602, 0.71007200526417, 0.329758341965716, 1 ],
		"stripecolor" : [ 0.172137149796092, 0.172137100044002, 0.172137113045018, 1 ],
		"syntax_attrargcolor" : [ 0.987719444392034, 0.772809765725725, 0.723525810589731, 1 ],
		"syntax_attributecolor" : [ 0.574681917362067, 0.746730429372804, 1, 1 ],
		"syntax_objargcolor" : [ 0.9, 0.9, 0.9, 1 ],
		"syntax_objectcolor" : [ 0.956590352327427, 0.76614891786161, 0.452834090916593, 1 ],
		"textcolor" : [ 0.85, 0.85, 0.85, 1 ],
		"textcolor_inverse" : [ 0.9, 0.9, 0.9, 1 ]
	}

}
