{
	"window" : [ 474, 286, 633, 455 ],
	"preset-ramp" : 	{
		"patching_rect" : [ 0, 16, 53, 14 ],
		"hidden" : 0,
		"bgcolor" : [ 1, 1, 1, 1 ],
		"bordercolor" : [ 0.5, 0.5, 0.5, 1 ],
		"fontsize" : 12,
		"labelcolor" : [ 0, 0, 0, 1 ],
		"selectcolor" : [ 0.45, 0.67, 1, 0.47 ],
		"slidercolor" : [ 0, 0, 0, 1 ],
		"slidercolornofocus" : [ 0.48, 0.48, 0.48, 0.55 ],
		"textcolor" : [ 0, 0, 0, 1 ],
		"textcolornofocus" : [ 0.48, 0.48, 0.48, 0.79 ]
	}
,
	"presets" : 	{
		"patching_rect" : [ 53, 0, 106, 30 ],
		"hidden" : 0,
		"jsarguments" : [ 14, "255 255 255", "50 50 50", "255 0 0", "0 255 0", "LFFO1" ]
	}
,
	"clipper" : 	{
		"patching_rect" : [ 124, 94, 35, 21 ],
		"hidden" : 0,
		"bgcolor" : [ 0.866667, 0.866667, 0.866667, 1 ],
		"fontsize" : 11,
		"htricolor" : [ 0.87, 0.82, 0.24, 1 ],
		"textcolor" : [ 0.12549, 0.098039, 0.352941, 1 ],
		"tricolor" : [ 0.75, 0.75, 0.75, 1 ]
	}
,
	"phase" : 	{
		"patching_rect" : [ 89, 94, 36, 21 ],
		"hidden" : 0,
		"bgcolor" : [ 0.866667, 0.866667, 0.866667, 1 ],
		"fontsize" : 11,
		"htricolor" : [ 0.87, 0.82, 0.24, 1 ],
		"textcolor" : [ 0.12549, 0.098039, 0.352941, 1 ],
		"tricolor" : [ 0.75, 0.75, 0.75, 1 ]
	}
,
	"frequency" : 	{
		"patching_rect" : [ 0, 94, 50, 21 ],
		"hidden" : 0,
		"bgcolor" : [ 0.866667, 0.866667, 0.866667, 1 ],
		"fontsize" : 11,
		"htricolor" : [ 0.87, 0.82, 0.24, 1 ],
		"textcolor" : [ 0.12549, 0.098039, 0.352941, 1 ],
		"tricolor" : [ 0.75, 0.75, 0.75, 1 ]
	}
,
	"rndonoff" : 	{
		"patching_rect" : [ 109, 66, 15, 15 ],
		"hidden" : 0,
		"bgcolor" : [ 0.125, 0.125, 0.125, 1 ],
		"checkedcolor" : [ 0.618934978328545, 0.744701397656435, 0.953750108255376, 1 ],
		"elementcolor" : [ 0.221327066888467, 0.221327006361825, 0.221327022178404, 1 ],
		"uncheckedcolor" : [ 0.221327066888467, 0.221327006361825, 0.221327022178404, 1 ]
	}
,
	"threshold" : 	{
		"patching_rect" : [ 50, 94, 40, 21 ],
		"hidden" : 0,
		"bgcolor" : [ 0.866667, 0.866667, 0.866667, 1 ],
		"fontsize" : 11,
		"htricolor" : [ 0.87, 0.82, 0.24, 1 ],
		"textcolor" : [ 0.12549, 0.098039, 0.352941, 1 ],
		"tricolor" : [ 0.75, 0.75, 0.75, 1 ]
	}
,
	"volume" : 	{
		"patching_rect" : [ 146, 29, 13, 51 ],
		"hidden" : 0,
		"bgcolor" : [ 0.125, 0.125, 0.125, 1 ],
		"drawoffcolor" : 0,
		"elementcolor" : [ 0.221327066888467, 0.221327006361825, 0.221327022178404, 1 ],
		"knobcolor" : [ 0.618934978328545, 0.744701397656435, 0.953750108255376, 1 ]
	}
,
	"wfmenu" : 	{
		"patching_rect" : [ 109, 44, 27, 19 ],
		"hidden" : 0,
		"applycolors" : 0,
		"bgfillcolor" : 		{
			"type" : "gradient",
			"color1" : [ 0.172137149796092, 0.172137100044002, 0.172137113045018, 1 ],
			"color2" : [ 0.172137149796092, 0.172137100044002, 0.172137113045018, 1 ],
			"color" : [ 0.172137149796092, 0.172137100044002, 0.172137113045018, 1 ]
		}
,
		"color" : [ 0.618934978328545, 0.744701397656435, 0.953750108255376, 1 ],
		"elementcolor" : [ 0.221327066888467, 0.221327006361825, 0.221327022178404, 1 ],
		"fontsize" : 9,
		"textcolor" : [ 0.9, 0.9, 0.9, 1 ]
	}
,
	"int/ext" : 	{
		"patching_rect" : [ 126, 29, 18, 15 ],
		"hidden" : 0,
		"jsarguments" : [ "int", "ext", "255 255 255", "255 255 255", "85 76 65", "62 55 120", 0, 0.7 ]
	}
,
	"on/off" : 	{
		"patching_rect" : [ 110, 29, 17, 15 ],
		"hidden" : 0,
		"jsarguments" : [ "ON", "ON", "250 0 0", "255 255 255", "180 180 180", "255 0 0", 0, 0.6 ]
	}
,
	"ll.blues" : 	{
		"patching_rect" : [ 0, 115, 159, 53 ],
		"hidden" : 0,
		"accentcolor" : [ 0.458595350062755, 0.458595237564901, 0.458595266962388, 1 ],
		"bgcolor" : [ 0.125, 0.125, 0.125, 1 ],
		"bgfillcolor" : 		{
			"type" : "gradient",
			"color1" : [ 0.172137149796092, 0.172137100044002, 0.172137113045018, 1 ],
			"color2" : [ 0.172137149796092, 0.172137100044002, 0.172137113045018, 1 ],
			"color" : [ 0.172137149796092, 0.172137100044002, 0.172137113045018, 1 ]
		}
,
		"bubble_bgcolor" : [ 0.235, 0.235, 0.235, 1 ],
		"bubble_outlinecolor" : [ 0.85, 0.85, 0.85, 1 ],
		"clearcolor" : [ 1, 1, 1, 0 ],
		"color" : [ 0.618934978328545, 0.744701397656435, 0.953750108255376, 1 ],
		"editing_bgcolor" : [ 0.235, 0.235, 0.235, 1 ],
		"elementcolor" : [ 0.221327066888467, 0.221327006361825, 0.221327022178404, 1 ],
		"fontsize" : 12,
		"locked_bgcolor" : [ 0.235, 0.235, 0.235, 1 ],
		"patchlinecolor" : [ 0.447518749806177, 0.44751863973454, 0.447518668498017, 1 ],
		"selectioncolor" : [ 0.922234290352602, 0.71007200526417, 0.329758341965716, 1 ],
		"stripecolor" : [ 0.172137149796092, 0.172137100044002, 0.172137113045018, 1 ],
		"syntax_attrargcolor" : [ 0.987719444392034, 0.772809765725725, 0.723525810589731, 1 ],
		"syntax_attributecolor" : [ 0.574681917362067, 0.746730429372804, 1, 1 ],
		"syntax_objargcolor" : [ 0.9, 0.9, 0.9, 1 ],
		"syntax_objectcolor" : [ 0.956590352327427, 0.76614891786161, 0.452834090916593, 1 ],
		"textcolor" : [ 0.85, 0.85, 0.85, 1 ],
		"textcolor_inverse" : [ 0.9, 0.9, 0.9, 1 ]
	}

}
