{
	"window" : [ 230, 337, 349, 523 ],
	"buffer_list" : 	{
		"patching_rect" : [ -1, 51, 120, 93 ],
		"hidden" : 0,
		"bgcolor" : [ 0.093385, 0.128405, 0.284047, 1 ],
		"bordercolor" : [ 0.094117647058824, 0.129411764705882, 0.282352941176471, 1 ],
		"fgcolor" : [ 0.684825, 0.891051, 0.587549, 1 ],
		"fontsize" : 10,
		"gridlinecolor" : [ 0, 0, 0, 1 ],
		"hcellcolor" : [ 0.303502, 0.36965, 0.723735, 1 ],
		"headercolor" : [ 0.743191, 0.743191, 0.743191, 1 ],
		"sccolor" : [ 0.321569, 0.184314, 0.454902, 1 ],
		"sgcolor" : [ 0.082353, 0.25098, 0.431373, 1 ],
		"stcolor" : [ 0.286275, 0.286275, 0.890196, 1 ],
		"textcolor" : [ 0, 0, 0, 1 ]
	}
,
	"s.buffer_list" : 	{
		"patching_rect" : [ 174, 234, 61, 19 ],
		"hidden" : 1,
		"accentcolor" : [ 0.501961, 0.501961, 0.501961, 1 ],
		"bgcolor" : [ 0.2, 0.2, 0.2, 1 ],
		"bgfillcolor" : 		{
			"type" : "gradient",
			"color1" : [ 0.301961, 0.301961, 0.301961, 1 ],
			"color2" : [ 0.2, 0.2, 0.2, 1 ],
			"color" : [ 0.2, 0.2, 0.2, 1 ]
		}
,
		"bubble_bgcolor" : [ 1, 1, 1, 1 ],
		"bubble_outlinecolor" : [ 0.75, 0.75, 0.75, 1 ],
		"clearcolor" : [ 1, 1, 1, 0 ],
		"color" : [ 0.807843, 0.898039, 0.909804, 1 ],
		"editing_bgcolor" : [ 0.898039, 0.898039, 0.898039, 1 ],
		"elementcolor" : [ 0.34902, 0.34902, 0.34902, 1 ],
		"fontsize" : 12,
		"locked_bgcolor" : [ 0.898039, 0.898039, 0.898039, 1 ],
		"patchlinecolor" : [ 0.701961, 0.701961, 0.701961, 1 ],
		"selectioncolor" : [ 0.929412, 0.929412, 0.352941, 1 ],
		"stripecolor" : [ 0.243137, 0.243137, 0.243137, 1 ],
		"syntax_attrargcolor" : [ 0.957225892867809, 0.783146530584338, 0.743095786922995, 1 ],
		"syntax_attributecolor" : [ 0.618934978328545, 0.744701397656435, 0.953750108255376, 1 ],
		"syntax_objargcolor" : [ 0.9, 0.9, 0.9, 1 ],
		"syntax_objectcolor" : [ 0.931948395395052, 0.771744459193783, 0.523883756405412, 1 ],
		"textcolor" : [ 0.129412, 0.129412, 0.129412, 1 ],
		"textcolor_inverse" : [ 0.968627, 0.968627, 0.968627, 1 ]
	}
,
	"s.dropfile" : 	{
		"patching_rect" : [ 174, 213, 52, 19 ],
		"hidden" : 1,
		"accentcolor" : [ 0.501961, 0.501961, 0.501961, 1 ],
		"bgcolor" : [ 0.2, 0.2, 0.2, 1 ],
		"bgfillcolor" : 		{
			"type" : "gradient",
			"color1" : [ 0.301961, 0.301961, 0.301961, 1 ],
			"color2" : [ 0.2, 0.2, 0.2, 1 ],
			"color" : [ 0.2, 0.2, 0.2, 1 ]
		}
,
		"bubble_bgcolor" : [ 1, 1, 1, 1 ],
		"bubble_outlinecolor" : [ 0.75, 0.75, 0.75, 1 ],
		"clearcolor" : [ 1, 1, 1, 0 ],
		"color" : [ 0.807843, 0.898039, 0.909804, 1 ],
		"editing_bgcolor" : [ 0.898039, 0.898039, 0.898039, 1 ],
		"elementcolor" : [ 0.34902, 0.34902, 0.34902, 1 ],
		"fontsize" : 12,
		"locked_bgcolor" : [ 0.898039, 0.898039, 0.898039, 1 ],
		"patchlinecolor" : [ 0.701961, 0.701961, 0.701961, 1 ],
		"selectioncolor" : [ 0.929412, 0.929412, 0.352941, 1 ],
		"stripecolor" : [ 0.243137, 0.243137, 0.243137, 1 ],
		"syntax_attrargcolor" : [ 0.957225892867809, 0.783146530584338, 0.743095786922995, 1 ],
		"syntax_attributecolor" : [ 0.618934978328545, 0.744701397656435, 0.953750108255376, 1 ],
		"syntax_objargcolor" : [ 0.9, 0.9, 0.9, 1 ],
		"syntax_objectcolor" : [ 0.931948395395052, 0.771744459193783, 0.523883756405412, 1 ],
		"textcolor" : [ 0.129412, 0.129412, 0.129412, 1 ],
		"textcolor_inverse" : [ 0.968627, 0.968627, 0.968627, 1 ]
	}
,
	"size-box" : 	{
		"patching_rect" : [ 73, 169, 46, 19 ],
		"hidden" : 1,
		"bgcolor" : [ 0.094118, 0.129412, 0.282353, 0 ],
		"fontsize" : 9,
		"htricolor" : [ 0.87, 0.82, 0.24, 1 ],
		"textcolor" : [ 1, 1, 1, 1 ],
		"tricolor" : [ 0.75, 0.75, 0.75, 1 ]
	}
,
	"action_menu" : 	{
		"patching_rect" : [ 0, 168, 38, 20 ],
		"hidden" : 0,
		"applycolors" : 0,
		"bgfillcolor" : 		{
			"type" : "color",
			"color1" : [ 0.376471, 0.384314, 0.4, 1.0 ],
			"color2" : [ 0.290196, 0.309804, 0.301961, 1.0 ],
			"color" : [ 0.094118, 0.129412, 0.282353, 1.0 ],
			"angle" : 270.0,
			"proportion" : 0.39
		}
,
		"color" : [ 0.807843, 0.898039, 0.909804, 1 ],
		"elementcolor" : [ 0.34902, 0.34902, 0.34902, 1 ],
		"fontsize" : 10,
		"textcolor" : [ 1, 1, 1, 1 ]
	}
,
	"wf1" : 	{
		"patching_rect" : [ 13, 143, 105, 26 ],
		"hidden" : 1,
		"bgcolor" : [ 0.094118, 0.129412, 0.286275, 1 ],
		"fontsize" : 10,
		"gridcolor" : [ 0.392157, 0.392157, 0.392157, 1 ],
		"reflectioncolor" : [ 0.501961, 0.501961, 0.501961, 1 ],
		"selectioncolor" : [ 0, 0.372549, 1, 0.5 ],
		"waveformcolor" : [ 0.878431, 0.486275, 1, 1 ]
	}
,
	"channels" : 	{
		"patching_rect" : [ 58, 169, 19, 19 ],
		"hidden" : 1,
		"bgcolor" : [ 0.094118, 0.129412, 0.282353, 0 ],
		"fontsize" : 9,
		"htricolor" : [ 0.87, 0.82, 0.24, 1 ],
		"textcolor" : [ 1, 1, 1, 1 ],
		"tricolor" : [ 0.75, 0.75, 0.75, 1 ]
	}
,
	"dropfile" : 	{
		"patching_rect" : [ 0, 53, 99, 90 ],
		"hidden" : 0,
		"bordercolor" : [ 0.5, 0.5, 0.5, 1 ]
	}
,
	"folder_menu" : 	{
		"patching_rect" : [ 30, 16, 88, 21 ],
		"hidden" : 0,
		"applycolors" : 0,
		"bgfillcolor" : 		{
			"type" : "color",
			"color1" : [ 0.376471, 0.384314, 0.4, 1.0 ],
			"color2" : [ 0.290196, 0.309804, 0.301961, 1.0 ],
			"color" : [ 0.094118, 0.129412, 0.282353, 1.0 ],
			"angle" : 270.0,
			"proportion" : 0.39
		}
,
		"color" : [ 0.807843, 0.898039, 0.909804, 1 ],
		"elementcolor" : [ 0.34902, 0.34902, 0.34902, 1 ],
		"fontsize" : 11,
		"textcolor" : [ 1, 1, 1, 1 ]
	}
,
	"file_menu" : 	{
		"patching_rect" : [ 0, 33, 118, 21 ],
		"hidden" : 0,
		"applycolors" : 0,
		"bgfillcolor" : 		{
			"type" : "color",
			"color1" : [ 0.376471, 0.384314, 0.4, 1.0 ],
			"color2" : [ 0.290196, 0.309804, 0.301961, 1.0 ],
			"color" : [ 0.094118, 0.129412, 0.282353, 1.0 ],
			"angle" : 270.0,
			"proportion" : 0.39
		}
,
		"color" : [ 0.807843, 0.898039, 0.909804, 1 ],
		"elementcolor" : [ 0.34902, 0.34902, 0.34902, 1 ],
		"fontsize" : 11,
		"textcolor" : [ 1, 1, 1, 1 ]
	}
,
	"ff" : 	{
		"patching_rect" : [ 0, 16, 17.556640999999999, 18.499023000000001 ],
		"hidden" : 0,
		"bgcolor" : [ 0.094118, 0.129412, 0.282353, 1 ],
		"bgoncolor" : [ 0.55, 0.55, 0.55, 1 ],
		"fontsize" : 10,
		"legacytextcolor" : 1,
		"textcolor" : [ 1, 1, 1, 1 ],
		"textoncolor" : [ 1, 1, 1, 1 ],
		"textovercolor" : [ 0, 0, 0, 1 ],
		"usebgoncolor" : 1,
		"usetextovercolor" : 1
	}
,
	"f" : 	{
		"patching_rect" : [ 16, 16, 14.778320000000001, 18.499023000000001 ],
		"hidden" : 0,
		"bgcolor" : [ 0.094118, 0.129412, 0.282353, 1 ],
		"bgoncolor" : [ 0.55, 0.55, 0.55, 1 ],
		"fontsize" : 10,
		"legacytextcolor" : 1,
		"textcolor" : [ 1, 1, 1, 1 ],
		"textoncolor" : [ 1, 1, 1, 1 ],
		"textovercolor" : [ 0, 0, 0, 1 ],
		"usebgoncolor" : 1,
		"usetextovercolor" : 1
	}
,
	"normalize" : 	{
		"patching_rect" : [ 0, 142, 13.246093999999999, 27 ],
		"hidden" : 0,
		"bgcolor" : [ 0.094118, 0.129412, 0.282353, 1 ],
		"bgoncolor" : [ 0.55, 0.55, 0.55, 1 ],
		"fontsize" : 10,
		"legacytextcolor" : 1,
		"textcolor" : [ 1, 1, 1, 1 ],
		"textoncolor" : [ 1, 1, 1, 1 ],
		"textovercolor" : [ 0, 0, 0, 1 ],
		"usebgoncolor" : 1,
		"usetextovercolor" : 1
	}
,
	"open!" : 	{
		"patching_rect" : [ 82, 0, 36.246093999999999, 17.499023000000001 ],
		"hidden" : 0,
		"bgcolor" : [ 0.094118, 0.129412, 0.282353, 1 ],
		"bgoncolor" : [ 0.55, 0.55, 0.55, 1 ],
		"fontsize" : 10,
		"legacytextcolor" : 1,
		"textcolor" : [ 1, 1, 1, 1 ],
		"textoncolor" : [ 1, 1, 1, 1 ],
		"textovercolor" : [ 0, 0, 0, 1 ],
		"usebgoncolor" : 1,
		"usetextovercolor" : 1
	}
,
	"sr-box" : 	{
		"patching_rect" : [ 35, 170, 28, 29 ],
		"hidden" : 1,
		"bgfillcolor" : 		{
			"type" : "gradient",
			"color1" : [ 0.866667, 0.866667, 0.866667, 0.0 ],
			"color2" : [ 0.685, 0.685, 0.685, 1.0 ],
			"color" : [ 0.290196, 0.309804, 0.301961, 1.0 ],
			"angle" : 270.0,
			"autogradient" : 0.79,
			"proportion" : 0.39
		}
,
		"fontsize" : 9,
		"textcolor" : [ 1, 1, 1, 1 ]
	}
,
	"ll_buffers" : 	{
		"patching_rect" : [ 278, 127, 67, 22 ],
		"hidden" : 1
	}

}
