{
	"window" : [ 477, 164, 596, 350 ],
	"buffer_list" : 	{
		"patching_rect" : [ -1, 51, 120, 93 ],
		"hidden" : 0,
		"bgcolor" : [ 0.093385, 0.128405, 0.284047, 1.0 ],
		"bordercolor" : [ 0.333333, 0.537255, 0.960784, 1.0 ],
		"fgcolor" : [ 0.684825, 0.891051, 0.587549, 1.0 ],
		"fontsize" : 10.0,
		"gridlinecolor" : [ 0.0, 0.0, 0.0, 1.0 ],
		"hcellcolor" : [ 0.303502, 0.36965, 0.723735, 1.0 ],
		"headercolor" : [ 0.743191, 0.743191, 0.743191, 1.0 ],
		"sccolor" : [ 0.321569, 0.184314, 0.454902, 1.0 ],
		"sgcolor" : [ 0.082353, 0.25098, 0.431373, 1.0 ],
		"stcolor" : [ 0.286275, 0.286275, 0.890196, 1.0 ],
		"textcolor" : [ 0.0, 0.0, 0.0, 1.0 ]
	}
,
	"size-box" : 	{
		"patching_rect" : [ 73, 169, 46, 19 ],
		"hidden" : 0,
		"bgcolor" : [ 0.094118, 0.129412, 0.282353, 0.0 ],
		"fontsize" : 9.0,
		"htricolor" : [ 0.87, 0.82, 0.24, 1.0 ],
		"textcolor" : [ 1.0, 1.0, 1.0, 1.0 ],
		"tricolor" : [ 0.75, 0.75, 0.75, 1.0 ]
	}
,
	"action_menu" : 	{
		"patching_rect" : [ 0, 168, 38, 20 ],
		"hidden" : 0,
		"applycolors" : 0,
		"bgfillcolor" : 		{
			"type" : "color",
			"color1" : [ 0.376471, 0.384314, 0.4, 1.0 ],
			"color2" : [ 0.290196, 0.309804, 0.301961, 1.0 ],
			"color" : [ 0.094118, 0.129412, 0.282353, 1.0 ],
			"angle" : 270.0,
			"proportion" : 0.39
		}
,
		"color" : [ 0.807843, 0.898039, 0.909804, 1 ],
		"elementcolor" : [ 0.34902, 0.34902, 0.34902, 1 ],
		"fontsize" : 10.0,
		"textcolor" : [ 1.0, 1.0, 1.0, 1.0 ]
	}
,
	"wf1" : 	{
		"patching_rect" : [ 13, 143, 105, 26 ],
		"hidden" : 0,
		"bgcolor" : [ 0.094118, 0.129412, 0.286275, 1.0 ],
		"fontsize" : 10.0,
		"gridcolor" : [ 0.392157, 0.392157, 0.392157, 1.0 ],
		"selectioncolor" : [ 0.0, 0.372549, 1.0, 0.5 ],
		"waveformcolor" : [ 0.878431, 0.486275, 1.0, 1.0 ]
	}
,
	"channels" : 	{
		"patching_rect" : [ 58, 169, 19, 19 ],
		"hidden" : 0,
		"bgcolor" : [ 0.094118, 0.129412, 0.282353, 0.0 ],
		"fontsize" : 9.0,
		"htricolor" : [ 0.87, 0.82, 0.24, 1.0 ],
		"textcolor" : [ 1.0, 1.0, 1.0, 1.0 ],
		"tricolor" : [ 0.75, 0.75, 0.75, 1.0 ]
	}
,
	"dropfile" : 	{
		"patching_rect" : [ 2, 51, 99, 90 ],
		"hidden" : 0,
		"bordercolor" : [ 0.5, 0.5, 0.5, 1.0 ]
	}
,
	"folder_menu" : 	{
		"patching_rect" : [ 30, 16, 88, 21 ],
		"hidden" : 0,
		"applycolors" : 0,
		"bgfillcolor" : 		{
			"type" : "color",
			"color1" : [ 0.376471, 0.384314, 0.4, 1.0 ],
			"color2" : [ 0.290196, 0.309804, 0.301961, 1.0 ],
			"color" : [ 0.094118, 0.129412, 0.282353, 1.0 ],
			"angle" : 270.0,
			"proportion" : 0.39
		}
,
		"color" : [ 0.807843, 0.898039, 0.909804, 1 ],
		"elementcolor" : [ 0.34902, 0.34902, 0.34902, 1 ],
		"fontsize" : 11.0,
		"textcolor" : [ 1.0, 1.0, 1.0, 1.0 ]
	}
,
	"file_menu" : 	{
		"patching_rect" : [ 0, 33, 118, 21 ],
		"hidden" : 0,
		"applycolors" : 0,
		"bgfillcolor" : 		{
			"type" : "color",
			"color1" : [ 0.376471, 0.384314, 0.4, 1.0 ],
			"color2" : [ 0.290196, 0.309804, 0.301961, 1.0 ],
			"color" : [ 0.094118, 0.129412, 0.282353, 1.0 ],
			"angle" : 270.0,
			"proportion" : 0.39
		}
,
		"color" : [ 0.807843, 0.898039, 0.909804, 1 ],
		"elementcolor" : [ 0.34902, 0.34902, 0.34902, 1 ],
		"fontsize" : 11.0,
		"textcolor" : [ 1.0, 1.0, 1.0, 1.0 ]
	}
,
	"ff" : 	{
		"patching_rect" : [ 0, 16, 17, 18 ],
		"hidden" : 0,
		"bgcolor" : [ 0.094118, 0.129412, 0.282353, 1.0 ],
		"bgoncolor" : [ 0.55, 0.55, 0.55, 1.0 ],
		"fontsize" : 10.0,
		"legacytextcolor" : 1,
		"textcolor" : [ 1.0, 1.0, 1.0, 1.0 ],
		"textoncolor" : [ 1.0, 1.0, 1.0, 1.0 ],
		"textovercolor" : [ 0.0, 0.0, 0.0, 1.0 ],
		"usebgoncolor" : 1,
		"usetextovercolor" : 1
	}
,
	"f" : 	{
		"patching_rect" : [ 16, 16, 14, 18 ],
		"hidden" : 0,
		"bgcolor" : [ 0.094118, 0.129412, 0.282353, 1.0 ],
		"bgoncolor" : [ 0.55, 0.55, 0.55, 1.0 ],
		"fontsize" : 10.0,
		"legacytextcolor" : 1,
		"textcolor" : [ 1.0, 1.0, 1.0, 1.0 ],
		"textoncolor" : [ 1.0, 1.0, 1.0, 1.0 ],
		"textovercolor" : [ 0.0, 0.0, 0.0, 1.0 ],
		"usebgoncolor" : 1,
		"usetextovercolor" : 1
	}
,
	"normalize" : 	{
		"patching_rect" : [ 0, 142, 13, 27 ],
		"hidden" : 0,
		"bgcolor" : [ 0.094118, 0.129412, 0.282353, 1.0 ],
		"bgoncolor" : [ 0.55, 0.55, 0.55, 1.0 ],
		"fontsize" : 10.0,
		"legacytextcolor" : 1,
		"textcolor" : [ 1.0, 1.0, 1.0, 1.0 ],
		"textoncolor" : [ 1.0, 1.0, 1.0, 1.0 ],
		"textovercolor" : [ 0.0, 0.0, 0.0, 1.0 ],
		"usebgoncolor" : 1,
		"usetextovercolor" : 1
	}
,
	"open!" : 	{
		"patching_rect" : [ 82, 0, 36, 17 ],
		"hidden" : 0,
		"bgcolor" : [ 0.094118, 0.129412, 0.282353, 1.0 ],
		"bgoncolor" : [ 0.55, 0.55, 0.55, 1.0 ],
		"fontsize" : 10.0,
		"legacytextcolor" : 1,
		"textcolor" : [ 1.0, 1.0, 1.0, 1.0 ],
		"textoncolor" : [ 1.0, 1.0, 1.0, 1.0 ],
		"textovercolor" : [ 0.0, 0.0, 0.0, 1.0 ],
		"usebgoncolor" : 1,
		"usetextovercolor" : 1
	}
,
	"sr-box" : 	{
		"patching_rect" : [ 35, 170, 27, 19 ],
		"hidden" : 0,
		"bgfillcolor" : 		{
			"type" : "gradient",
			"color1" : [ 0.866667, 0.866667, 0.866667, 0.0 ],
			"color2" : [ 0.685, 0.685, 0.685, 1.0 ],
			"color" : [ 0.290196, 0.309804, 0.301961, 1.0 ],
			"angle" : 270.0,
			"autogradient" : 0.79,
			"proportion" : 0.39
		}
,
		"fontsize" : 9.0,
		"textcolor" : [ 1.0, 1.0, 1.0, 1.0 ]
	}

}
