{
	"window" : [ 476, 339, 677, 517 ],
	"preset-ramp" : 	{
		"patching_rect" : [ 100, 16, 100, 20 ],
		"hidden" : 0,
		"bgcolor" : [ 1, 1, 1, 1 ],
		"bordercolor" : [ 0.5, 0.5, 0.5, 1 ],
		"fontsize" : 12,
		"labelcolor" : [ 0, 0, 0, 1 ],
		"selectcolor" : [ 0.45, 0.67, 1, 0.47 ],
		"slidercolor" : [ 0, 0, 0, 1 ],
		"slidercolornofocus" : [ 0.48, 0.48, 0.48, 0.55 ],
		"textcolor" : [ 0, 0, 0, 1 ],
		"textcolornofocus" : [ 0.48, 0.48, 0.48, 0.79 ]
	}
,
	"presets" : 	{
		"patching_rect" : [ 87, 0, 113, 15 ],
		"hidden" : 0,
		"jsarguments" : [ 13, "255 255 255", "50 50 50", "255 0 0", "0 255 0", "kompressor1" ]
	}
,
	"source" : 	{
		"patching_rect" : [ 43.5, 95, 67.5, 22 ],
		"hidden" : 0,
		"applycolors" : 0,
		"bgfillcolor" : 		{
			"type" : "color",
			"color1" : [ 0.301961, 0.301961, 0.301961, 1.0 ],
			"color2" : [ 0.2, 0.2, 0.2, 1.0 ],
			"color" : [ 1.0, 1.0, 1.0, 1.0 ],
			"angle" : 270.0,
			"autogradient" : 0.0,
			"proportion" : 0.5
		}
,
		"color" : [ 1, 0, 0, 1 ],
		"elementcolor" : [ 0.221327066888467, 0.221327006361825, 0.221327022178404, 1 ],
		"fontsize" : 12,
		"textcolor" : [ 0, 0, 0, 1 ]
	}
,
	"gainReduction" : 	{
		"patching_rect" : [ 1, 115, 201, 8 ],
		"hidden" : 0,
		"bgcolor" : [ 0, 0, 0, 1 ],
		"peakcolor" : [ 0.221327066888467, 0.221327006361825, 0.221327022178404, 1 ],
		"slidercolor" : [ 1, 0, 0, 1 ]
	}
,
	"SCpar" : 	{
		"patching_rect" : [ 150, 74, 52, 21 ],
		"hidden" : 0,
		"applycolors" : 0,
		"bgfillcolor" : 		{
			"type" : "color",
			"color1" : [ 0.301961, 0.301961, 0.301961, 1.0 ],
			"color2" : [ 0.2, 0.2, 0.2, 1.0 ],
			"color" : [ 1.0, 1.0, 1.0, 1.0 ],
			"angle" : 270.0,
			"autogradient" : 0.0,
			"proportion" : 0.5
		}
,
		"color" : [ 1, 0, 0, 1 ],
		"elementcolor" : [ 0.221327066888467, 0.221327006361825, 0.221327022178404, 1 ],
		"fontsize" : 11,
		"textcolor" : [ 0, 0, 0, 1 ]
	}
,
	"SCact" : 	{
		"patching_rect" : [ 100, 74, 52, 21 ],
		"hidden" : 0,
		"applycolors" : 0,
		"bgfillcolor" : 		{
			"type" : "color",
			"color1" : [ 0.301961, 0.301961, 0.301961, 1.0 ],
			"color2" : [ 0.2, 0.2, 0.2, 1.0 ],
			"color" : [ 1.0, 1.0, 1.0, 1.0 ],
			"angle" : 270.0,
			"autogradient" : 0.0,
			"proportion" : 0.5
		}
,
		"color" : [ 1, 0, 0, 1 ],
		"elementcolor" : [ 0.221327066888467, 0.221327006361825, 0.221327022178404, 1 ],
		"fontsize" : 11,
		"textcolor" : [ 0, 0, 0, 1 ]
	}
,
	"ll.blues" : 	{
		"patching_rect" : [ 1, 125, 199, 53 ],
		"hidden" : 0,
		"accentcolor" : [ 0.458595350062755, 0.458595237564901, 0.458595266962388, 1 ],
		"bgcolor" : [ 0.125, 0.125, 0.125, 1 ],
		"bgfillcolor" : 		{
			"type" : "gradient",
			"color1" : [ 0.172137149796092, 0.172137100044002, 0.172137113045018, 1 ],
			"color2" : [ 0.172137149796092, 0.172137100044002, 0.172137113045018, 1 ],
			"color" : [ 0.172137149796092, 0.172137100044002, 0.172137113045018, 1 ]
		}
,
		"bubble_bgcolor" : [ 0.235, 0.235, 0.235, 1 ],
		"bubble_outlinecolor" : [ 0.85, 0.85, 0.85, 1 ],
		"clearcolor" : [ 1, 1, 1, 0 ],
		"color" : [ 0.618934978328545, 0.744701397656435, 0.953750108255376, 1 ],
		"editing_bgcolor" : [ 0.235, 0.235, 0.235, 1 ],
		"elementcolor" : [ 0.221327066888467, 0.221327006361825, 0.221327022178404, 1 ],
		"fontsize" : 12,
		"locked_bgcolor" : [ 0.235, 0.235, 0.235, 1 ],
		"patchlinecolor" : [ 0.447518749806177, 0.44751863973454, 0.447518668498017, 1 ],
		"selectioncolor" : [ 0.922234290352602, 0.71007200526417, 0.329758341965716, 1 ],
		"stripecolor" : [ 0.172137149796092, 0.172137100044002, 0.172137113045018, 1 ],
		"syntax_attrargcolor" : [ 0.987719444392034, 0.772809765725725, 0.723525810589731, 1 ],
		"syntax_attributecolor" : [ 0.574681917362067, 0.746730429372804, 1, 1 ],
		"syntax_objargcolor" : [ 0.9, 0.9, 0.9, 1 ],
		"syntax_objectcolor" : [ 0.956590352327427, 0.76614891786161, 0.452834090916593, 1 ],
		"textcolor" : [ 0.85, 0.85, 0.85, 1 ],
		"textcolor_inverse" : [ 0.9, 0.9, 0.9, 1 ]
	}
,
	"thresh" : 	{
		"patching_rect" : [ 0, 16, 100, 20 ],
		"hidden" : 0,
		"bgcolor" : [ 0, 0, 0, 1 ],
		"bordercolor" : [ 1, 1, 1, 1 ],
		"fontsize" : 12,
		"labelcolor" : [ 1, 1, 1, 0.8 ],
		"selectcolor" : [ 0.45, 0.67, 1, 0.47 ],
		"slidercolor" : [ 1, 0, 0, 0.8 ],
		"slidercolornofocus" : [ 0.48, 0.48, 0.48, 0.55 ],
		"textcolor" : [ 1, 1, 1, 1 ],
		"textcolornofocus" : [ 1, 1, 1, 1 ]
	}
,
	"ratio" : 	{
		"patching_rect" : [ 0, 36, 75, 20 ],
		"hidden" : 0,
		"bgcolor" : [ 0, 0, 0, 1 ],
		"bordercolor" : [ 1, 1, 1, 1 ],
		"fontsize" : 12,
		"labelcolor" : [ 1, 1, 1, 0.8 ],
		"selectcolor" : [ 0.45, 0.67, 1, 0.47 ],
		"slidercolor" : [ 1, 0, 0, 0.8 ],
		"slidercolornofocus" : [ 0.48, 0.48, 0.48, 0.55 ],
		"textcolor" : [ 1, 1, 1, 1 ],
		"textcolornofocus" : [ 1, 1, 1, 1 ]
	}
,
	"attack" : 	{
		"patching_rect" : [ 0, 55, 100, 20 ],
		"hidden" : 0,
		"bgcolor" : [ 0, 0, 0, 1 ],
		"bordercolor" : [ 1, 1, 1, 1 ],
		"fontsize" : 12,
		"labelcolor" : [ 1, 1, 1, 0.8 ],
		"selectcolor" : [ 0.45, 0.67, 1, 0.47 ],
		"slidercolor" : [ 1, 0, 0, 0.8 ],
		"slidercolornofocus" : [ 0.48, 0.48, 0.48, 0.55 ],
		"textcolor" : [ 1, 1, 1, 1 ],
		"textcolornofocus" : [ 1, 1, 1, 1 ]
	}
,
	"release" : 	{
		"patching_rect" : [ 0, 75, 100, 20 ],
		"hidden" : 0,
		"bgcolor" : [ 0, 0, 0, 1 ],
		"bordercolor" : [ 1, 1, 1, 1 ],
		"fontsize" : 12,
		"labelcolor" : [ 1, 1, 1, 0.8 ],
		"selectcolor" : [ 0.45, 0.67, 1, 0.47 ],
		"slidercolor" : [ 1, 0, 0, 0.8 ],
		"slidercolornofocus" : [ 0.48, 0.48, 0.48, 0.55 ],
		"textcolor" : [ 1, 1, 1, 1 ],
		"textcolornofocus" : [ 1, 1, 1, 1 ]
	}
,
	"patching_rect" : [ 100, 35, 100, 20 ],
	"hidden" : 0,
	"bgcolor" : [ 0, 0, 0, 1 ],
	"bordercolor" : [ 1, 1, 1, 1 ],
	"fontsize" : 12,
	"labelcolor" : [ 1, 1, 1, 0.8 ],
	"selectcolor" : [ 0.45, 0.67, 1, 0.47 ],
	"slidercolor" : [ 1, 0, 0, 0.8 ],
	"slidercolornofocus" : [ 0.48, 0.48, 0.48, 0.55 ],
	"textcolor" : [ 1, 1, 1, 1 ],
	"textcolornofocus" : [ 1, 1, 1, 1 ],
	"makeup" : 	{
		"patching_rect" : [ 100, 54, 100, 20 ],
		"hidden" : 0,
		"bgcolor" : [ 0, 0, 0, 1 ],
		"bordercolor" : [ 1, 1, 1, 1 ],
		"fontsize" : 12,
		"labelcolor" : [ 1, 1, 1, 0.8 ],
		"selectcolor" : [ 0.45, 0.67, 1, 0.47 ],
		"slidercolor" : [ 1, 0, 0, 0.8 ],
		"slidercolornofocus" : [ 0.48, 0.48, 0.48, 0.55 ],
		"textcolor" : [ 1, 1, 1, 1 ],
		"textcolornofocus" : [ 1, 1, 1, 1 ]
	}
,
	"source_chan" : 	{
		"patching_rect" : [ 113, 94, 87, 20 ],
		"hidden" : 1,
		"bgcolor" : [ 0, 0, 0, 1 ],
		"bordercolor" : [ 1, 1, 1, 1 ],
		"fontsize" : 12,
		"labelcolor" : [ 1, 1, 1, 0.8 ],
		"selectcolor" : [ 0.45, 0.67, 1, 0.47 ],
		"slidercolor" : [ 1, 0, 0, 0.8 ],
		"slidercolornofocus" : [ 0.48, 0.48, 0.48, 0.55 ],
		"textcolor" : [ 1, 1, 1, 1 ],
		"textcolornofocus" : [ 1, 1, 1, 1 ]
	}

}
