{
	"window" : [ 500, 481, 665, 546 ],
	"directivity" : 	{
		"patcher" : "bang",
		"patching_rect" : [ 569, 432, 156, 21 ],
		"hidden" : 1
	}
,
	"outputs" : 	{
		"patching_rect" : [ 27, 24, 28, 20 ],
		"hidden" : 0,
		"bgcolor" : [ 0.780392, 0.262745, 0.101961, 1.0 ],
		"fontsize" : 10.0,
		"htricolor" : [ 1.0, 0.929412, 0.133333, 1.0 ],
		"textcolor" : [ 0.0, 0.0, 0.0, 1.0 ],
		"tricolor" : [ 0.780392, 0.262745, 0.101961, 1.0 ]
	}
,
	"inputs" : 	{
		"patching_rect" : [ 1, 24, 28, 20 ],
		"hidden" : 0,
		"bgcolor" : [ 0.780392, 0.262745, 0.101961, 1.0 ],
		"fontsize" : 10.0,
		"htricolor" : [ 1.0, 0.929412, 0.133333, 1.0 ],
		"textcolor" : [ 0.0, 0.0, 0.0, 1.0 ],
		"tricolor" : [ 0.780392, 0.262745, 0.101961, 1.0 ]
	}
,
	"input_label" : 	{
		"patching_rect" : [ 2, 13, 21, 17 ],
		"hidden" : 0,
		"bgcolor" : [ 1.0, 1.0, 1.0, 0.0 ],
		"bubble_bgcolor" : [ 1.0, 1.0, 1.0, 1.0 ],
		"bubble_outlinecolor" : [ 0.75, 0.75, 0.75, 1.0 ],
		"bubbleusescolors" : 0,
		"fontsize" : 9.0,
		"textcolor" : [ 1.0, 1.0, 1.0, 1.0 ]
	}
,
	"output_label" : 	{
		"patching_rect" : [ 22, 13, 28, 17 ],
		"hidden" : 0,
		"bgcolor" : [ 1.0, 1.0, 1.0, 0.0 ],
		"bubble_bgcolor" : [ 1.0, 1.0, 1.0, 1.0 ],
		"bubble_outlinecolor" : [ 0.75, 0.75, 0.75, 1.0 ],
		"bubbleusescolors" : 0,
		"fontsize" : 9.0,
		"textcolor" : [ 1.0, 1.0, 1.0, 1.0 ]
	}
,
	"order" : 	{
		"patching_rect" : [ 59, 16, 75, 15 ],
		"hidden" : 0,
		"bgcolor" : [ 0.745098, 0.894118, 0.992157, 1.0 ],
		"bordercolor" : [ 0.5, 0.5, 0.5, 1.0 ],
		"fontsize" : 14.0,
		"labelcolor" : [ 0.0, 0.0, 0.0, 1.0 ],
		"selectcolor" : [ 0.45, 0.67, 1.0, 0.47 ],
		"slidercolor" : [ 0.0, 0.0, 0.0, 1.0 ],
		"slidercolornofocus" : [ 0.48, 0.48, 0.48, 0.55 ],
		"textcolor" : [ 0.0, 0.0, 0.0, 1.0 ],
		"textcolornofocus" : [ 0.48, 0.48, 0.48, 0.79 ]
	}
,
	"distance_encoding" : 	{
		"patching_rect" : [ 60, 31, 105, 13 ],
		"hidden" : 0,
		"bgcolor" : [ 0.607843, 0.643137, 0.823529, 1.0 ],
		"bgoncolor" : [ 0.55, 0.55, 0.55, 1.0 ],
		"fontsize" : 10.0,
		"legacytextcolor" : 1,
		"textcolor" : [ 0.0, 0.0, 0.0, 1.0 ],
		"textoncolor" : [ 1.0, 1.0, 1.0, 1.0 ],
		"textovercolor" : [ 0.0, 0.0, 0.0, 1.0 ],
		"usebgoncolor" : 1,
		"usetextovercolor" : 1
	}
,
	"showorder" : 	{
		"patching_rect" : [ 132, 17, 32, 13 ],
		"hidden" : 0,
		"bgcolor" : [ 0.607843, 0.643137, 0.823529, 1.0 ],
		"bgoncolor" : [ 0.55, 0.55, 0.55, 1.0 ],
		"fontsize" : 10.0,
		"legacytextcolor" : 1,
		"textcolor" : [ 0.0, 0.0, 0.0, 1.0 ],
		"textoncolor" : [ 1.0, 1.0, 1.0, 1.0 ],
		"textovercolor" : [ 0.0, 0.0, 0.0, 1.0 ],
		"usebgoncolor" : 1,
		"usetextovercolor" : 1
	}
,
	"def" : 	{
		"patching_rect" : [ 132, 4, 32, 13 ],
		"hidden" : 0,
		"bgcolor" : [ 0.607843, 0.643137, 0.823529, 1.0 ],
		"bgoncolor" : [ 0.55, 0.55, 0.55, 1.0 ],
		"fontsize" : 10.0,
		"legacytextcolor" : 1,
		"textcolor" : [ 0.0, 0.0, 0.0, 1.0 ],
		"textoncolor" : [ 1.0, 1.0, 1.0, 1.0 ],
		"textovercolor" : [ 0.0, 0.0, 0.0, 1.0 ],
		"usebgoncolor" : 1,
		"usetextovercolor" : 1
	}
,
	"add_sub" : 	{
		"patching_rect" : [ 1, 44, 61, 20 ],
		"hidden" : 0,
		"bgcolor" : [ 0.2, 0.2, 0.2, 1 ],
		"bgoncolor" : [ 0.34902, 0.34902, 0.34902, 1 ],
		"fontsize" : 10.0,
		"legacytextcolor" : 0,
		"textcolor" : [ 0.501961, 0.501961, 0.501961, 1 ],
		"textoncolor" : [ 0.807843, 0.898039, 0.909804, 1 ],
		"textovercolor" : [ 0.929412, 0.929412, 0.352941, 1 ],
		"usebgoncolor" : 0,
		"usetextovercolor" : 0
	}

}
