{
	"window" : [ 500, 481, 665, 546 ],
	"directivity" : 	{
		"patching_rect" : [ 569, 432, 156, 21 ],
		"hidden" : 1,
		"accentcolor" : [ 0.458595350062755, 0.458595237564901, 0.458595266962388, 1 ],
		"bgcolor" : [ 0.125, 0.125, 0.125, 1 ],
		"bgfillcolor" : 		{
			"type" : "gradient",
			"color1" : [ 0.172137149796092, 0.172137100044002, 0.172137113045018, 1 ],
			"color2" : [ 0.172137149796092, 0.172137100044002, 0.172137113045018, 1 ],
			"color" : [ 0.172137149796092, 0.172137100044002, 0.172137113045018, 1 ]
		}
,
		"bubble_bgcolor" : [ 0.235, 0.235, 0.235, 1 ],
		"bubble_outlinecolor" : [ 0.85, 0.85, 0.85, 1 ],
		"clearcolor" : [ 1, 1, 1, 0 ],
		"color" : [ 0.618934978328545, 0.744701397656435, 0.953750108255376, 1 ],
		"editing_bgcolor" : [ 0.235, 0.235, 0.235, 1 ],
		"elementcolor" : [ 0.221327066888467, 0.221327006361825, 0.221327022178404, 1 ],
		"fontsize" : 10,
		"locked_bgcolor" : [ 0.98, 0.98, 0.98, 1 ],
		"patchlinecolor" : [ 0.447518749806177, 0.44751863973454, 0.447518668498017, 1 ],
		"selectioncolor" : [ 0.922234290352602, 0.71007200526417, 0.329758341965716, 1 ],
		"stripecolor" : [ 0.172137149796092, 0.172137100044002, 0.172137113045018, 1 ],
		"syntax_attrargcolor" : [ 0.987719444392034, 0.772809765725725, 0.723525810589731, 1 ],
		"syntax_attributecolor" : [ 0.574681917362067, 0.746730429372804, 1, 1 ],
		"syntax_objargcolor" : [ 0.9, 0.9, 0.9, 1 ],
		"syntax_objectcolor" : [ 0.956590352327427, 0.76614891786161, 0.452834090916593, 1 ],
		"textcolor" : [ 0.85, 0.85, 0.85, 1 ],
		"textcolor_inverse" : [ 0.9, 0.9, 0.9, 1 ]
	}
,
	"outputs" : 	{
		"patching_rect" : [ 27, 24, 28, 20 ],
		"hidden" : 0,
		"bgcolor" : [ 0.780392, 0.262745, 0.101961, 1 ],
		"fontsize" : 10,
		"htricolor" : [ 1, 0.929412, 0.133333, 1 ],
		"textcolor" : [ 0, 0, 0, 1 ],
		"tricolor" : [ 0.780392, 0.262745, 0.101961, 1 ]
	}
,
	"inputs" : 	{
		"patching_rect" : [ 1, 24, 28, 20 ],
		"hidden" : 0,
		"bgcolor" : [ 0.780392, 0.262745, 0.101961, 1 ],
		"fontsize" : 10,
		"htricolor" : [ 1, 0.929412, 0.133333, 1 ],
		"textcolor" : [ 0, 0, 0, 1 ],
		"tricolor" : [ 0.780392, 0.262745, 0.101961, 1 ]
	}
,
	"input_label" : 	{
		"patching_rect" : [ 2, 13, 21, 17 ],
		"hidden" : 0,
		"bgcolor" : [ 1, 1, 1, 0 ],
		"bubble_bgcolor" : [ 0.235, 0.235, 0.235, 1 ],
		"bubble_outlinecolor" : [ 0.85, 0.85, 0.85, 1 ],
		"bubbleusescolors" : 0,
		"fontsize" : 9,
		"textcolor" : [ 1, 1, 1, 1 ]
	}
,
	"output_label" : 	{
		"patching_rect" : [ 22, 13, 28, 17 ],
		"hidden" : 0,
		"bgcolor" : [ 1, 1, 1, 0 ],
		"bubble_bgcolor" : [ 0.235, 0.235, 0.235, 1 ],
		"bubble_outlinecolor" : [ 0.85, 0.85, 0.85, 1 ],
		"bubbleusescolors" : 0,
		"fontsize" : 9,
		"textcolor" : [ 1, 1, 1, 1 ]
	}
,
	"order" : 	{
		"patching_rect" : [ 59, 16, 75, 15 ],
		"hidden" : 0,
		"bgcolor" : [ 0.745098, 0.894118, 0.992157, 1 ],
		"bordercolor" : [ 0.5, 0.5, 0.5, 1 ],
		"fontsize" : 14,
		"labelcolor" : [ 0, 0, 0, 1 ],
		"selectcolor" : [ 0.45, 0.67, 1, 0.47 ],
		"slidercolor" : [ 0, 0, 0, 1 ],
		"slidercolornofocus" : [ 0.48, 0.48, 0.48, 0.55 ],
		"textcolor" : [ 0, 0, 0, 1 ],
		"textcolornofocus" : [ 0.48, 0.48, 0.48, 0.79 ]
	}
,
	"distance_encoding" : 	{
		"patching_rect" : [ 60, 31, 105, 13 ],
		"hidden" : 0,
		"bgcolor" : [ 0.607843, 0.643137, 0.823529, 1 ],
		"bgoncolor" : [ 0.55, 0.55, 0.55, 1 ],
		"fontsize" : 10,
		"legacytextcolor" : 1,
		"textcolor" : [ 0, 0, 0, 1 ],
		"textoncolor" : [ 1, 1, 1, 1 ],
		"textovercolor" : [ 0, 0, 0, 1 ],
		"usebgoncolor" : 1,
		"usetextovercolor" : 1
	}
,
	"showorder" : 	{
		"patching_rect" : [ 132, 17, 32, 13 ],
		"hidden" : 0,
		"bgcolor" : [ 0.607843, 0.643137, 0.823529, 1 ],
		"bgoncolor" : [ 0.55, 0.55, 0.55, 1 ],
		"fontsize" : 10,
		"legacytextcolor" : 1,
		"textcolor" : [ 0, 0, 0, 1 ],
		"textoncolor" : [ 1, 1, 1, 1 ],
		"textovercolor" : [ 0, 0, 0, 1 ],
		"usebgoncolor" : 1,
		"usetextovercolor" : 1
	}
,
	"def" : 	{
		"patching_rect" : [ 132, 4, 32, 13 ],
		"hidden" : 0,
		"bgcolor" : [ 0.607843, 0.643137, 0.823529, 1 ],
		"bgoncolor" : [ 0.55, 0.55, 0.55, 1 ],
		"fontsize" : 10,
		"legacytextcolor" : 1,
		"textcolor" : [ 0, 0, 0, 1 ],
		"textoncolor" : [ 1, 1, 1, 1 ],
		"textovercolor" : [ 0, 0, 0, 1 ],
		"usebgoncolor" : 1,
		"usetextovercolor" : 1
	}
,
	"add_sub" : 	{
		"patching_rect" : [ 1, 44, 61, 20 ],
		"hidden" : 0,
		"bgcolor" : [ 0.125, 0.125, 0.125, 1 ],
		"bgoncolor" : [ 0.221327066888467, 0.221327006361825, 0.221327022178404, 1 ],
		"fontsize" : 10,
		"legacytextcolor" : 0,
		"textcolor" : [ 0.458595350062755, 0.458595237564901, 0.458595266962388, 1 ],
		"textoncolor" : [ 0.618934978328545, 0.744701397656435, 0.953750108255376, 1 ],
		"textovercolor" : [ 0.922234290352602, 0.71007200526417, 0.329758341965716, 1 ],
		"usebgoncolor" : 0,
		"usetextovercolor" : 0
	}

}
