{
	"window" : [ 527, 268, 686, 401 ],
	"preset-ramp" : 	{
		"patching_rect" : [ 41, 16, 41, 15 ],
		"hidden" : 0,
		"bgcolor" : [ 1, 1, 1, 1 ],
		"bordercolor" : [ 0.5, 0.5, 0.5, 1 ],
		"fontsize" : 9,
		"labelcolor" : [ 0, 0, 0, 1 ],
		"selectcolor" : [ 0.45, 0.67, 1, 0.47 ],
		"slidercolor" : [ 0, 0, 0, 1 ],
		"slidercolornofocus" : [ 0.48, 0.48, 0.48, 0.55 ],
		"textcolor" : [ 0, 0, 0, 1 ],
		"textcolornofocus" : [ 0.48, 0.48, 0.48, 0.79 ]
	}
,
	"presets" : 	{
		"patching_rect" : [ 82, 0, 76, 31 ],
		"hidden" : 0,
		"jsarguments" : [ 14, "255 255 255", "50 50 50", "255 0 0", "0 255 0", "freeverb@1" ]
	}
,
	"room_size" : 	{
		"patching_rect" : [ 0, 31, 159, 13 ],
		"hidden" : 0,
		"bgcolor" : [ 0.145098, 0.439216, 0.176471, 1 ],
		"peakcolor" : [ 0.498039, 0.498039, 0.498039, 1 ],
		"slidercolor" : [ 1, 1, 1, 1 ]
	}
,
	"damping" : 	{
		"patching_rect" : [ 0, 43, 159, 13 ],
		"hidden" : 0,
		"bgcolor" : [ 0.388235, 0.388235, 0.388235, 1 ],
		"peakcolor" : [ 0.498039, 0.498039, 0.498039, 1 ],
		"slidercolor" : [ 1, 1, 1, 1 ]
	}
,
	"width" : 	{
		"patching_rect" : [ 0, 55, 159, 13 ],
		"hidden" : 0,
		"bgcolor" : [ 0.32549, 0.482353, 0.584314, 1 ],
		"peakcolor" : [ 0.498039, 0.498039, 0.498039, 1 ],
		"slidercolor" : [ 1, 1, 1, 1 ]
	}
,
	"gainslider" : 	{
		"patching_rect" : [ 0, 67, 159, 14 ],
		"hidden" : 0,
		"bgcolor" : [ 0.686275, 0, 0.713726, 1 ],
		"peakcolor" : [ 0.498039, 0.498039, 0.498039, 1 ],
		"slidercolor" : [ 0, 0, 0, 1 ]
	}
,
	"size_com" : 	{
		"patching_rect" : [ 0, 31, 26, 17 ],
		"hidden" : 0,
		"bgcolor" : [ 1, 1, 1, 0 ],
		"bubble_bgcolor" : [ 0.235, 0.235, 0.235, 1 ],
		"bubble_outlinecolor" : [ 0.85, 0.85, 0.85, 1 ],
		"bubbleusescolors" : 0,
		"fontsize" : 9,
		"textcolor" : [ 0.85, 0.85, 0.85, 1 ]
	}
,
	"damp_com" : 	{
		"patching_rect" : [ 0, 43, 32, 17 ],
		"hidden" : 0,
		"bgcolor" : [ 1, 1, 1, 0 ],
		"bubble_bgcolor" : [ 0.235, 0.235, 0.235, 1 ],
		"bubble_outlinecolor" : [ 0.85, 0.85, 0.85, 1 ],
		"bubbleusescolors" : 0,
		"fontsize" : 9,
		"textcolor" : [ 0.85, 0.85, 0.85, 1 ]
	}
,
	"width_com" : 	{
		"patching_rect" : [ 0, 55, 34, 17 ],
		"hidden" : 0,
		"bgcolor" : [ 1, 1, 1, 0 ],
		"bubble_bgcolor" : [ 0.235, 0.235, 0.235, 1 ],
		"bubble_outlinecolor" : [ 0.85, 0.85, 0.85, 1 ],
		"bubbleusescolors" : 0,
		"fontsize" : 9,
		"textcolor" : [ 0.85, 0.85, 0.85, 1 ]
	}
,
	"on/off" : 	{
		"patching_rect" : [ 0, 15, 19, 16 ],
		"hidden" : 0,
		"bgcolor" : [ 0.75, 0.75, 0.75, 1 ],
		"bgoncolor" : [ 0.752941, 0.023529, 0.247059, 1 ],
		"fontsize" : 8,
		"legacytextcolor" : 1,
		"textcolor" : [ 0.752941, 0.023529, 0.247059, 1 ],
		"textoncolor" : [ 0.870588, 0.819608, 0.239216, 1 ],
		"textovercolor" : [ 0.752941, 0.023529, 0.247059, 1 ],
		"usebgoncolor" : 1,
		"usetextovercolor" : 1
	}
,
	"freeze" : 	{
		"patching_rect" : [ 19, 16, 23, 15 ],
		"hidden" : 0,
		"bgcolor" : [ 0.75, 0.75, 0.75, 1 ],
		"bgoncolor" : [ 0.752941, 0.023529, 0.247059, 1 ],
		"fontsize" : 10,
		"legacytextcolor" : 1,
		"textcolor" : [ 0.752941, 0.023529, 0.247059, 1 ],
		"textoncolor" : [ 0.870588, 0.819608, 0.239216, 1 ],
		"textovercolor" : [ 0.752941, 0.023529, 0.247059, 1 ],
		"usebgoncolor" : 1,
		"usetextovercolor" : 1
	}
,
	"ll.blues" : 	{
		"patching_rect" : [ 0, 80, 159, 53 ],
		"hidden" : 0,
		"accentcolor" : [ 0.458595350062755, 0.458595237564901, 0.458595266962388, 1 ],
		"bgcolor" : [ 0.125, 0.125, 0.125, 1 ],
		"bgfillcolor" : 		{
			"type" : "gradient",
			"color1" : [ 0.172137149796092, 0.172137100044002, 0.172137113045018, 1 ],
			"color2" : [ 0.172137149796092, 0.172137100044002, 0.172137113045018, 1 ],
			"color" : [ 0.172137149796092, 0.172137100044002, 0.172137113045018, 1 ]
		}
,
		"bubble_bgcolor" : [ 0.235, 0.235, 0.235, 1 ],
		"bubble_outlinecolor" : [ 0.85, 0.85, 0.85, 1 ],
		"clearcolor" : [ 1, 1, 1, 0 ],
		"color" : [ 0.618934978328545, 0.744701397656435, 0.953750108255376, 1 ],
		"editing_bgcolor" : [ 0.235, 0.235, 0.235, 1 ],
		"elementcolor" : [ 0.221327066888467, 0.221327006361825, 0.221327022178404, 1 ],
		"fontsize" : 12,
		"locked_bgcolor" : [ 0.235, 0.235, 0.235, 1 ],
		"patchlinecolor" : [ 0.447518749806177, 0.44751863973454, 0.447518668498017, 1 ],
		"selectioncolor" : [ 0.922234290352602, 0.71007200526417, 0.329758341965716, 1 ],
		"stripecolor" : [ 0.172137149796092, 0.172137100044002, 0.172137113045018, 1 ],
		"syntax_attrargcolor" : [ 0.987719444392034, 0.772809765725725, 0.723525810589731, 1 ],
		"syntax_attributecolor" : [ 0.574681917362067, 0.746730429372804, 1, 1 ],
		"syntax_objargcolor" : [ 0.9, 0.9, 0.9, 1 ],
		"syntax_objectcolor" : [ 0.956590352327427, 0.76614891786161, 0.452834090916593, 1 ],
		"textcolor" : [ 0.85, 0.85, 0.85, 1 ],
		"textcolor_inverse" : [ 0.9, 0.9, 0.9, 1 ]
	}

}
