{
	"window" : [ 521, 262, 761, 528 ],
	"pwin" : 	{
		"patching_rect" : [ 0, 131, 240, 135 ],
		"hidden" : 0,
		"bordercolor" : [ 0, 0, 0, 1 ],
		"colormode" : "argb"
	}
,
	"cellblock" : 	{
		"patching_rect" : [ 0, 131, 240, 135 ],
		"hidden" : 0,
		"bgcolor" : [ 1, 1, 1, 0 ],
		"bordercolor" : [ 0.501960784313725, 0.501960784313725, 0.501960784313725, 0 ],
		"fgcolor" : [ 0.930233, 0.930233, 0.930233, 0 ],
		"fontsize" : 16,
		"gridlinecolor" : [ 0.501960784313725, 0.501960784313725, 0.501960784313725, 0 ],
		"hcellcolor" : [ 1, 1, 1, 0 ],
		"headercolor" : [ 0.7, 0.7, 0.7, 1 ],
		"sccolor" : [ 1, 1, 1, 1 ],
		"sgcolor" : [ 0.96, 0.96, 0.98, 1 ],
		"stcolor" : [ 0.8, 0.8, 0.9, 1 ],
		"textcolor" : [ 0, 0, 0, 1 ]
	}
,
	"cols" : 	{
		"patching_rect" : [ 1, 16, 55, 17 ],
		"hidden" : 0,
		"bgcolor" : [ 1, 1, 1, 1 ],
		"bordercolor" : [ 0.5, 0.5, 0.5, 1 ],
		"fontsize" : 14,
		"labelcolor" : [ 0, 0, 0, 1 ],
		"selectcolor" : [ 0.45, 0.67, 1, 0.47 ],
		"slidercolor" : [ 0, 0, 0, 1 ],
		"slidercolornofocus" : [ 0.48, 0.48, 0.48, 0.55 ],
		"textcolor" : [ 0, 0, 0, 1 ],
		"textcolornofocus" : [ 0.48, 0.48, 0.48, 0.79 ]
	}
,
	"rows" : 	{
		"patching_rect" : [ 56, 16, 55, 17 ],
		"hidden" : 0,
		"bgcolor" : [ 1, 1, 1, 1 ],
		"bordercolor" : [ 0.5, 0.5, 0.5, 1 ],
		"fontsize" : 14,
		"labelcolor" : [ 0, 0, 0, 1 ],
		"selectcolor" : [ 0.45, 0.67, 1, 0.47 ],
		"slidercolor" : [ 0, 0, 0, 1 ],
		"slidercolornofocus" : [ 0.48, 0.48, 0.48, 0.55 ],
		"textcolor" : [ 0, 0, 0, 1 ],
		"textcolornofocus" : [ 0.48, 0.48, 0.48, 0.79 ]
	}
,
	"moveto" : 	{
		"patching_rect" : [ 194, 68, 46, 17 ],
		"hidden" : 0,
		"bgcolor" : [ 1, 1, 1, 1 ],
		"bordercolor" : [ 0.5, 0.5, 0.5, 1 ],
		"fontsize" : 14,
		"labelcolor" : [ 0, 0, 0, 1 ],
		"selectcolor" : [ 0.45, 0.67, 1, 0.47 ],
		"slidercolor" : [ 0, 0, 0, 1 ],
		"slidercolornofocus" : [ 0.48, 0.48, 0.48, 0.55 ],
		"textcolor" : [ 0, 0, 0, 1 ],
		"textcolornofocus" : [ 0.48, 0.48, 0.48, 0.79 ]
	}
,
	"move_time" : 	{
		"patching_rect" : [ 176, 34, 64, 17 ],
		"hidden" : 0,
		"bgcolor" : [ 1, 1, 1, 1 ],
		"bordercolor" : [ 0.5, 0.5, 0.5, 1 ],
		"fontsize" : 14,
		"labelcolor" : [ 0, 0, 0, 1 ],
		"selectcolor" : [ 0.45, 0.67, 1, 0.47 ],
		"slidercolor" : [ 0, 0, 0, 1 ],
		"slidercolornofocus" : [ 0.48, 0.48, 0.48, 0.55 ],
		"textcolor" : [ 0, 0, 0, 1 ],
		"textcolornofocus" : [ 0.48, 0.48, 0.48, 0.79 ]
	}
,
	"reset" : 	{
		"patching_rect" : [ 129, 50, 47, 19 ],
		"hidden" : 0,
		"bgcolor" : [ 0.125, 0.125, 0.125, 1 ],
		"bgoncolor" : [ 0.221327066888467, 0.221327006361825, 0.221327022178404, 1 ],
		"fontsize" : 12,
		"legacytextcolor" : 0,
		"textcolor" : [ 0.458595350062755, 0.458595237564901, 0.458595266962388, 1 ],
		"textoncolor" : [ 0.618934978328545, 0.744701397656435, 0.953750108255376, 1 ],
		"textovercolor" : [ 0.922234290352602, 0.71007200526417, 0.329758341965716, 1 ],
		"usebgoncolor" : 0,
		"usetextovercolor" : 0
	}
,
	"#color" : 	{
		"patching_rect" : [ 97, 113, 34.5, 17 ],
		"hidden" : 0,
		"bgcolor" : [ 1, 1, 1, 1 ],
		"bordercolor" : [ 0.5, 0.5, 0.5, 1 ],
		"fontsize" : 14,
		"labelcolor" : [ 0, 0, 0, 1 ],
		"selectcolor" : [ 0.45, 0.67, 1, 0.47 ],
		"slidercolor" : [ 0, 0, 0, 1 ],
		"slidercolornofocus" : [ 0.48, 0.48, 0.48, 0.55 ],
		"textcolor" : [ 0, 0, 0, 1 ],
		"textcolornofocus" : [ 0.48, 0.48, 0.48, 0.79 ]
	}
,
	"#show" : 	{
		"patching_rect" : [ 97, 96, 22, 17 ],
		"hidden" : 0,
		"bgcolor" : [ 0.125, 0.125, 0.125, 1 ],
		"bgoncolor" : [ 0.221327066888467, 0.221327006361825, 0.221327022178404, 1 ],
		"fontsize" : 12,
		"legacytextcolor" : 0,
		"textcolor" : [ 0.458595350062755, 0.458595237564901, 0.458595266962388, 1 ],
		"textoncolor" : [ 0.618934978328545, 0.744701397656435, 0.953750108255376, 1 ],
		"textovercolor" : [ 0.922234290352602, 0.71007200526417, 0.329758341965716, 1 ],
		"usebgoncolor" : 0,
		"usetextovercolor" : 0
	}
,
	"auto" : 	{
		"patching_rect" : [ 129, 34, 47, 17 ],
		"hidden" : 0,
		"bgcolor" : [ 0.125, 0.125, 0.125, 1 ],
		"bgoncolor" : [ 0.221327066888467, 0.221327006361825, 0.221327022178404, 1 ],
		"fontsize" : 12,
		"legacytextcolor" : 0,
		"textcolor" : [ 0.458595350062755, 0.458595237564901, 0.458595266962388, 1 ],
		"textoncolor" : [ 0.618934978328545, 0.744701397656435, 0.953750108255376, 1 ],
		"textovercolor" : [ 0.922234290352602, 0.71007200526417, 0.329758341965716, 1 ],
		"usebgoncolor" : 0,
		"usetextovercolor" : 0
	}
,
	"world" : 	{
		"patching_rect" : [ 153, 16, 38, 17 ],
		"hidden" : 0,
		"bgcolor" : [ 0.125, 0.125, 0.125, 1 ],
		"bgoncolor" : [ 0.221327066888467, 0.221327006361825, 0.221327022178404, 1 ],
		"fontsize" : 12,
		"legacytextcolor" : 0,
		"textcolor" : [ 0.458595350062755, 0.458595237564901, 0.458595266962388, 1 ],
		"textoncolor" : [ 0.618934978328545, 0.744701397656435, 0.953750108255376, 1 ],
		"textovercolor" : [ 0.922234290352602, 0.71007200526417, 0.329758341965716, 1 ],
		"usebgoncolor" : 0,
		"usetextovercolor" : 0
	}
,
	"hide" : 	{
		"patching_rect" : [ 209.5, 86, 31, 17 ],
		"hidden" : 0,
		"bgcolor" : [ 0.125, 0.125, 0.125, 1 ],
		"bgoncolor" : [ 0.221327066888467, 0.221327006361825, 0.221327022178404, 1 ],
		"fontsize" : 12,
		"legacytextcolor" : 0,
		"textcolor" : [ 0.458595350062755, 0.458595237564901, 0.458595266962388, 1 ],
		"textoncolor" : [ 0.618934978328545, 0.744701397656435, 0.953750108255376, 1 ],
		"textovercolor" : [ 0.922234290352602, 0.71007200526417, 0.329758341965716, 1 ],
		"usebgoncolor" : 0,
		"usetextovercolor" : 0
	}
,
	"input_menu" : 	{
		"patching_rect" : [ 133, 109, 106, 22 ],
		"hidden" : 0,
		"applycolors" : 0,
		"bgfillcolor" : 		{
			"type" : "gradient",
			"color1" : [ 0.172137149796092, 0.172137100044002, 0.172137113045018, 1 ],
			"color2" : [ 0.172137149796092, 0.172137100044002, 0.172137113045018, 1 ],
			"color" : [ 0.172137149796092, 0.172137100044002, 0.172137113045018, 1 ]
		}
,
		"color" : [ 0.618934978328545, 0.744701397656435, 0.953750108255376, 1 ],
		"elementcolor" : [ 0.221327066888467, 0.221327006361825, 0.221327022178404, 1 ],
		"fontsize" : 12,
		"textcolor" : [ 0.9, 0.9, 0.9, 1 ]
	}
,
	"presets" : 	{
		"patching_rect" : [ 75, 0, 151, 16 ],
		"hidden" : 0,
		"jsarguments" : [ 14, "255 255 255", "50 50 50", "255 0 0", "0 255 0", "beast1" ]
	}
,
	"local" : 	{
		"patching_rect" : [ 113, 16, 38, 17 ],
		"hidden" : 0,
		"bgcolor" : [ 0.125, 0.125, 0.125, 1 ],
		"bgoncolor" : [ 0.221327066888467, 0.221327006361825, 0.221327022178404, 1 ],
		"fontsize" : 12,
		"legacytextcolor" : 0,
		"textcolor" : [ 0.458595350062755, 0.458595237564901, 0.458595266962388, 1 ],
		"textoncolor" : [ 0.618934978328545, 0.744701397656435, 0.953750108255376, 1 ],
		"textovercolor" : [ 0.922234290352602, 0.71007200526417, 0.329758341965716, 1 ],
		"usebgoncolor" : 0,
		"usetextovercolor" : 0
	}
,
	"audio" : 	{
		"patching_rect" : [ 0, 77, 47, 19 ],
		"hidden" : 0,
		"applycolors" : 0,
		"bgfillcolor" : 		{
			"type" : "color",
			"color1" : [ 0.725490196078431, 0.788235294117647, 1.0, 1.0 ],
			"color2" : [ 0.2, 0.2, 0.2, 1.0 ],
			"color" : [ 0.725, 0.788, 1.0, 1.0 ],
			"angle" : 270.0,
			"autogradient" : 0.0,
			"proportion" : 0.5
		}
,
		"color" : [ 0.618934978328545, 0.744701397656435, 0.953750108255376, 1 ],
		"elementcolor" : [ 0.221327066888467, 0.221327006361825, 0.221327022178404, 1 ],
		"fontsize" : 9,
		"textcolor" : [ 0, 0, 0, 1 ]
	}
,
	"lg" : 	{
		"patching_rect" : [ 0, 96, 47, 18 ],
		"hidden" : 0,
		"bgcolor" : [ 0.725490196078431, 0.788235294117647, 1, 1 ],
		"bordercolor" : [ 0.5, 0.5, 0.5, 1 ],
		"fontsize" : 12,
		"labelcolor" : [ 0, 0, 0, 1 ],
		"selectcolor" : [ 0.45, 0.67, 1, 0.47 ],
		"slidercolor" : [ 0, 0, 0, 1 ],
		"slidercolornofocus" : [ 0.48, 0.48, 0.48, 0.55 ],
		"textcolor" : [ 0, 0, 0, 1 ],
		"textcolornofocus" : [ 0.48, 0.48, 0.48, 0.79 ]
	}
,
	"*v" : 	{
		"patching_rect" : [ 0, 113, 47, 18 ],
		"hidden" : 0,
		"bgcolor" : [ 0.725490196078431, 0.788235294117647, 1, 1 ],
		"bordercolor" : [ 0.5, 0.5, 0.5, 1 ],
		"fontsize" : 12,
		"labelcolor" : [ 0, 0, 0, 1 ],