{
    "window": [ 548, 184, 681, 384 ],
    "f-rel>trigger": {
        "patching_rect": [ 68, 63, 19, 19 ],
        "hidden": 0,
        "applycolors": 0,
        "bgfillcolor": {
            "type": "color",
            "color1": [ 0.301961, 0.301961, 0.301961, 1 ],
            "color2": [ 0.2, 0.2, 0.2, 1 ],
            "color": [ 1.0, 1.0, 1.0, 1.0 ]
        },
        "color": [ 0.618934978328545, 0.744701397656435, 0.953750108255376, 1 ],
        "elementcolor": [ 0.221327066888467, 0.221327006361825, 0.221327022178404, 1 ],
        "fontsize": 9,
        "textcolor": [ 0.121569, 0.121569, 0.121569, 1 ]
    },
    "length": {
        "patching_rect": [ 86, 63, 46, 21 ],
        "hidden": 0,
        "bgcolor": [ 0.545098, 0.85098, 0.592157, 1 ],
        "fontsize": 11,
        "htricolor": [ 0.87, 0.82, 0.24, 1 ],
        "textcolor": [ 0, 0, 0, 1 ],
        "tricolor": [ 0.75, 0.75, 0.75, 1 ]
    },
    "envelope": {
        "patching_rect": [ 0, 82, 118, 65 ],
        "hidden": 0,
        "bgcolor": [ 0.196078, 0.784314, 0.196078, 1 ],
        "fontsize": 10,
        "gridcolor": [ 0.5, 0.5, 0.5, 0.5 ],
        "linecolor": [ 0.333333, 0.333333, 0.333333, 1 ],
        "textcolor": [ 0.9, 0.9, 0.9, 1 ]
    },
    "length-slider": {
        "patching_rect": [ 117, 82, 15, 66 ],
        "hidden": 0,
        "bgcolor": [ 0.05098, 0.788235, 0.356863, 1 ],
        "peakcolor": [ 0.498039, 0.498039, 0.498039, 1 ],
        "slidercolor": [ 0, 0, 0, 1 ]
    },
    "use-env": {
        "patching_rect": [ 0, 63, 24, 19 ],
        "hidden": 0,
        "bgcolor": [ 0.603922, 1, 0.529412, 1 ],
        "bgoncolor": [ 1, 0.529412, 0.529412, 1 ],
        "fontsize": 10,
        "legacytextcolor": 1,
        "textcolor": [ 0, 0, 0, 1 ],
        "textoncolor": [ 0, 0, 0, 1 ],
        "textovercolor": [ 0, 0, 0, 1 ],
        "usebgoncolor": 1,
        "usetextovercolor": 1
    },
    "bang-env": {
        "patching_rect": [ 23, 63, 19, 19 ],
        "hidden": 0,
        "bgcolor": [ 0.603922, 1, 0.529412, 1 ],
        "bgoncolor": [ 1, 0.529412, 0.529412, 1 ],
        "fontsize": 10,
        "legacytextcolor": 1,
        "textcolor": [ 0, 0, 0, 1 ],
        "textoncolor": [ 0, 0, 0, 1 ],
        "textovercolor": [ 0, 0, 0, 1 ],
        "usebgoncolor": 1,
        "usetextovercolor": 1
    },
    "loop-env": {
        "patching_rect": [ 41, 63, 28, 19 ],
        "hidden": 0,
        "bgcolor": [ 0.603922, 1, 0.529412, 1 ],
        "bgoncolor": [ 1, 0.529412, 0.529412, 1 ],
        "fontsize": 10,
        "legacytextcolor": 1,
        "textcolor": [ 0, 0, 0, 1 ],
        "textoncolor": [ 0, 0, 0, 1 ],
        "textovercolor": [ 0, 0, 0, 1 ],
        "usebgoncolor": 1,
        "usetextovercolor": 1
    },
    "takeover": {
        "patching_rect": [ 104, 44, 13, 16 ],
        "hidden": 0,
        "bgcolor": [ 0.603922, 1, 0.529412, 1 ],
        "bgoncolor": [ 1, 0.529412, 0.529412, 1 ],
        "fontsize": 8,
        "legacytextcolor": 1,
        "textcolor": [ 0, 0, 0, 1 ],
        "textoncolor": [ 0, 0, 0, 1 ],
        "textovercolor": [ 0, 0, 0, 1 ],
        "usebgoncolor": 1,
        "usetextovercolor": 1
    },
    "preset-ramp": {
        "patching_rect": [ 0, 16, 53, 12 ],
        "hidden": 0,
        "bgcolor": [ 1, 1, 1, 1 ],
        "bordercolor": [ 0.5, 0.5, 0.5, 1 ],
        "fontsize": 12,
        "labelcolor": [ 0, 0, 0, 1 ],
        "selectcolor": [ 0.45, 0.67, 1, 0.47 ],
        "slidercolor": [ 0, 0, 0, 1 ],
        "slidercolornofocus": [ 0.48, 0.48, 0.48, 0.55 ],
        "textcolor": [ 0, 0, 0, 1 ],
        "textcolornofocus": [ 0.48, 0.48, 0.48, 0.79 ]
    },
    "presets": {
        "patching_rect": [ 53, 0, 79, 27 ],
        "hidden": 0,
        "jsarguments": [ 12, "255 255 255", "50 50 50", "255 0 0", "0 255 0", "fmrm1" ]
    },
    "ll.blues": {
        "patching_rect": [ 0, 147, 132, 53 ],
        "hidden": 0,
        "fontsize": 12
    },
    "freq": {
        "patching_rect": [ 0, 27, 132, 15 ],
        "hidden": 0,
        "bgcolor": [ 0.862745, 0.470588, 0.470588, 1 ],
        "bordercolor": [ 0, 0, 0, 1 ],
        "fontsize": 12,
        "labelcolor": [ 0.368627450980392, 0.364705882352941, 0.364705882352941, 0.7 ],
        "selectcolor": [ 0.45, 0.67, 1, 0.47 ],
        "slidercolor": [ 0, 0, 0, 1 ],
        "slidercolornofocus": [ 1, 1, 1, 1 ],
        "textcolor": [ 0, 0, 0, 1 ],
        "textcolornofocus": [ 1, 1, 1, 1 ]
    },
    "act": {
        "patching_rect": [ 0, 0, 49.689453125, 16 ],
        "hidden": 0,
        "fontsize": 12
    },
    "freq-relative": {
        "patching_rect": [ 0, 52, 33, 12 ],
        "hidden": 0,
        "bgcolor": [ 0.862745, 0.470588, 0.470588, 1 ],
        "bordercolor": [ 0, 0, 0, 1 ],
        "fontsize": 12,
        "labelcolor": [ 0.427450980392157, 0.415686274509804, 0.415686274509804, 0.7 ],
        "selectcolor": [ 0.45, 0.67, 1, 0.47 ],
        "slidercolor": [ 0, 0, 0, 1 ],
        "slidercolornofocus": [ 1, 1, 1, 1 ],
        "textcolor": [ 0, 0, 0, 1 ],
        "textcolornofocus": [ 1, 1, 1, 1 ]
    },
    "octdiv": {
        "patching_rect": [ 32, 52, 37, 12 ],
        "hidden": 0,
        "bgcolor": [ 0.862745098039216, 0.705882352941177, 0.705882352941177, 1 ],
        "bordercolor": [ 0, 0, 0, 1 ],
        "fontsize": 12,
        "labelcolor": [ 0.427450980392157, 0.415686274509804, 0.415686274509804, 0.7 ],
        "selectcolor": [ 0.45, 0.67, 1, 0.47 ],
        "slidercolor": [ 0, 0, 0, 1 ],
        "slidercolornofocus": [ 1, 1, 1, 1 ],
        "textcolor": [ 0, 0, 0, 1 ],
        "textcolornofocus": [ 1, 1, 1, 1 ]
    },
    "base-freq": {
        "patching_rect": [ 68, 52, 35, 12 ],
        "hidden": 0,
        "bgcolor": [ 0.862745098039216, 0.705882352941177, 0.705882352941177, 1 ],
        "bordercolor": [ 0, 0, 0, 1 ],
        "fontsize": 12,
        "labelcolor": [ 0.427450980392157, 0.415686274509804, 0.415686274509804, 0.7 ],
        "selectcolor": [ 0.45, 0.67, 1, 0.47 ],
        "slidercolor": [ 0, 0, 0, 1 ],
        "slidercolornofocus": [ 1, 1, 1, 1 ],
        "textcolor": [ 0, 0, 0, 1 ],
        "textcolornofocus": [ 1, 1, 1, 1 ]
    },
    "freqNOramp": {
        "patching_rect": [ 118, 44, 13, 16 ],
        "hidden": 0,
        "bgcolor": [ 0.603922, 1, 0.529412, 1 ],
        "bgoncolor": [ 1, 0.529412, 0.529412, 1 ],
        "fontsize": 9,
        "legacytextcolor": 1,
        "textcolor": [ 0, 0, 0, 1 ],
        "textoncolor": [ 0, 0, 0, 1 ],
        "textovercolor": [ 0, 0, 0, 1 ],
        "usebgoncolor": 1,
        "usetextovercolor": 1
    },
    "freq_mcspread": {
        "patching_rect": [ 0, 42, 103, 10 ],
        "hidden": 0,
        "bgcolor": [ 0.556862745098039, 0.556862745098039, 0.556862745098039, 1 ],
        "bordercolor": [ 0.5, 0.5, 0.5, 1 ],
        "fontsize": 9,
        "labelcolor": [ 1, 1, 1, 1 ],
        "selectcolor": [ 0.45, 0.67, 1, 0.47 ],
        "slidercolor": [ 1, 1, 1, 1 ],
        "slidercolornofocus": [ 0.48, 0.48, 0.48, 0.55 ],
        "textcolor": [ 1, 1, 1, 1 ],
        "textcolornofocus": [ 1, 1, 1, 0.73 ]
    }
}