{
	"window" : [ 761, 185, 892, 235 ],
	"abba" : 	{
		"patching_rect" : [ 0, 18, 44, 19 ],
		"hidden" : 0,
		"bgcolor" : [ 0.880169, 0.755396, 0.471904, 1 ],
		"bgoncolor" : [ 0.646639, 0.821777, 0.854593, 1 ],
		"fontsize" : 12,
		"legacytextcolor" : 0,
		"textcolor" : [ 0.458595350062755, 0.458595237564901, 0.458595266962388, 1 ],
		"textoncolor" : [ 0.618934978328545, 0.744701397656435, 0.953750108255376, 1 ],
		"textovercolor" : [ 0.922234290352602, 0.71007200526417, 0.329758341965716, 1 ],
		"usebgoncolor" : 1,
		"usetextovercolor" : 0
	}
,
	"wNrm" : 	{
		"patching_rect" : [ 45, 18, 49, 19 ],
		"hidden" : 0,
		"bgcolor" : [ 0.880169, 0.755396, 0.471904, 1 ],
		"bgoncolor" : [ 0.646639, 0.821777, 0.854593, 1 ],
		"fontsize" : 12,
		"legacytextcolor" : 0,
		"textcolor" : [ 0.458595350062755, 0.458595237564901, 0.458595266962388, 1 ],
		"textoncolor" : [ 0.618934978328545, 0.744701397656435, 0.953750108255376, 1 ],
		"textovercolor" : [ 0.922234290352602, 0.71007200526417, 0.329758341965716, 1 ],
		"usebgoncolor" : 1,
		"usetextovercolor" : 0
	}
,
	"presets" : 	{
		"patching_rect" : [ 93.5, 0, 37.5, 16 ],
		"hidden" : 0,
		"jsarguments" : [ 17, "255 255 255", "50 50 50", "255 0 0", "0 255 0" ]
	}
,
	"def" : 	{
		"patching_rect" : [ 95.5, 18, 36, 19 ],
		"hidden" : 0,
		"bgcolor" : [ 0.698039, 0.698039, 0.698039, 1 ],
		"bgoncolor" : [ 1, 0.039216, 0.392157, 1 ],
		"fontsize" : 11,
		"legacytextcolor" : 1,
		"textcolor" : [ 0.941176, 0.098039, 0.098039, 1 ],
		"textoncolor" : [ 1, 1, 1, 1 ],
		"textovercolor" : [ 1, 0.039216, 0.392157, 1 ],
		"usebgoncolor" : 1,
		"usetextovercolor" : 1
	}

}
