{
	"window" : [ 161, 256, 462, 434 ],
	"presets" : 	{
		"patching_rect" : [ 70, 0, 136, 16 ],
		"hidden" : 0,
		"jsarguments" : [ 14, "255 255 255", "50 50 50", "255 0 0", "0 255 0", "multitap1" ]
	}
,
	"preset-ramp" : 	{
		"patching_rect" : [ 150, 16, 56, 17 ],
		"hidden" : 0,
		"bgcolor" : [ 1, 1, 1, 1 ],
		"bordercolor" : [ 0.5, 0.5, 0.5, 1 ],
		"fontsize" : 14,
		"labelcolor" : [ 0, 0, 0, 1 ],
		"selectcolor" : [ 0.45, 0.67, 1, 0.47 ],
		"slidercolor" : [ 0, 0, 0, 1 ],
		"slidercolornofocus" : [ 0.48, 0.48, 0.48, 0.55 ],
		"textcolor" : [ 0, 0, 0, 1 ],
		"textcolornofocus" : [ 0.48, 0.48, 0.48, 0.79 ]
	}
,
	"lcd" : 	{
		"patching_rect" : [ 0, 65, 205, 60 ],
		"hidden" : 0
	}
,
	"loop-length" : 	{
		"patching_rect" : [ 81, 32, 52, 20 ],
		"hidden" : 0,
		"bgcolor" : [ 0.866667, 0.866667, 0.866667, 0 ],
		"fontsize" : 10,
		"htricolor" : [ 0.87, 0.82, 0.24, 1 ],
		"textcolor" : [ 0, 0, 0, 1 ],
		"tricolor" : [ 0.75, 0.75, 0.75, 1 ]
	}
,
	"time-ramp" : 	{
		"patching_rect" : [ 25, 32, 39, 20 ],
		"hidden" : 0,
		"bgcolor" : [ 0.866667, 0.866667, 0.866667, 0 ],
		"fontsize" : 10,
		"htricolor" : [ 0.87, 0.82, 0.24, 1 ],
		"textcolor" : [ 0, 0, 0, 1 ],
		"tricolor" : [ 0.75, 0.75, 0.75, 1 ]
	}
,
	"edit" : 	{
		"patching_rect" : [ 205, 82, 56, 43 ],
		"hidden" : 0,
		"bgcolor" : [ 0.643137, 0.67451, 0.913725, 1 ],
		"peakcolor" : [ 0.498039, 0.498039, 0.498039, 1 ],
		"slidercolor" : [ 0, 0, 0, 1 ]
	}
,
	"select_edit" : 	{
		"patching_rect" : [ 229, 65, 32, 19 ],
		"hidden" : 0,
		"applycolors" : 0,
		"bgfillcolor" : 		{
			"type" : "color",
			"color1" : [ 0.376471, 0.384314, 0.4, 1.0 ],
			"color2" : [ 0.290196, 0.309804, 0.301961, 1.0 ],
			"color" : [ 0.643137, 0.67451, 0.913725, 1.0 ],
			"angle" : 270.0,
			"proportion" : 0.39
		}
,
		"color" : [ 0.618934978328545, 0.744701397656435, 0.953750108255376, 1 ],
		"elementcolor" : [ 0.221327066888467, 0.221327006361825, 0.221327022178404, 1 ],
		"fontsize" : 9,
		"textcolor" : [ 0.121569, 0.121569, 0.121569, 1 ]
	}
,
	"mod_freq" : 	{
		"patching_rect" : [ 193, 154, 54, 21 ],
		"hidden" : 0,
		"bgcolor" : [ 0.125, 0.125, 0.125, 1 ],
		"fontsize" : 11,
		"htricolor" : [ 0.922234290352602, 0.71007200526417, 0.329758341965716, 1 ],
		"textcolor" : [ 0.9, 0.9, 0.9, 1 ],
		"tricolor" : [ 0.458595350062755, 0.458595237564901, 0.458595266962388, 1 ]
	}
,
	"mod_depth" : 	{
		"patching_rect" : [ 193, 136, 54, 21 ],
		"hidden" : 0,
		"bgcolor" : [ 0.125, 0.125, 0.125, 1 ],
		"fontsize" : 11,
		"htricolor" : [ 0.922234290352602, 0.71007200526417, 0.329758341965716, 1 ],
		"textcolor" : [ 0.9, 0.9, 0.9, 1 ],
		"tricolor" : [ 0.458595350062755, 0.458595237564901, 0.458595266962388, 1 ]
	}
,
	"rand_menu" : 	{
		"patching_rect" : [ 86, 48, 29, 19 ],
		"hidden" : 0,
		"applycolors" : 0,
		"bgfillcolor" : 		{
			"type" : "color",
			"color1" : [ 0.376471, 0.384314, 0.4, 1.0 ],
			"color2" : [ 0.290196, 0.309804, 0.301961, 1.0 ],
			"color" : [ 0.4, 0.54902, 0.894118, 1.0 ],
			"angle" : 270.0,
			"proportion" : 0.39
		}
,
		"color" : [ 0.618934978328545, 0.744701397656435, 0.953750108255376, 1 ],
		"elementcolor" : [ 0.221327066888467, 0.221327006361825, 0.221327022178404, 1 ],
		"fontsize" : 9,
		"textcolor" : [ 0.121569, 0.121569, 0.121569, 1 ]
	}
,
	"rand_metro" : 	{
		"patching_rect" : [ 113, 48, 36, 20 ],
		"hidden" : 0,
		"bgcolor" : [ 0.4, 0.54902, 0.894118, 0 ],
		"fontsize" : 10,
		"htricolor" : [ 0.87, 0.82, 0.24, 1 ],
		"textcolor" : [ 0, 0, 0, 1 ],
		"tricolor" : [ 0.75, 0.75, 0.75, 1 ]
	}
,
	"step_size" : 	{
		"patching_rect" : [ 145, 49, 61, 16 ],
		"hidden" : 0,
		"bgcolor" : [ 0.4, 0.54902, 0.894118, 1 ],
		"peakcolor" : [ 0.498039, 0.498039, 0.498039, 1 ],
		"slidercolor" : [ 0, 0, 0, 1 ]
	}
,
	"distribution" : 	{
		"patching_rect" : [ 14, 48, 72, 17 ],
		"hidden" : 0,
		"bgcolor" : [ 0.211765, 0.823529, 0.552941, 1 ],
		"peakcolor" : [ 0.498039, 0.498039, 0.498039, 1 ],
		"slidercolor" : [ 0, 0, 0, 1 ]
	}
,
	"delay_mix" : 	{
		"patching_rect" : [ 284, 65, 17, 111 ],
		"hidden" : 0,
		"bgcolor" : [ 0.105882, 0.603922, 0.137255, 1 ],
		"peakcolor" : [ 0.498039, 0.498039, 0.498039, 1 ],
		"slidercolor" : [ 0, 0, 0, 1 ]
	}
,
	"delay_feedback" : 	{
		"patching_rect" : [ 261, 65, 15, 111 ],
		"hidden" : 0,
		"bgcolor" : [ 1, 0.168627, 0.168627, 1 ],
		"peakcolor" : [ 0.498039, 0.498039, 0.498039, 1 ],
		"slidercolor" : [ 0, 0, 0, 1 ]
	}
,
	"rev>delay_feedback" : 	{
		"patching_rect" : [ 273, 65, 15, 111 ],
		"hidden" : 0,
		"bgcolor" : [ 0.858824, 1, 0.035294, 1 ],
		"peakcolor" : [ 0.498039, 0.498039, 0.498039, 1 ],
		"slidercolor" : [ 0, 0, 0, 1 ]
	}
,
	"rev_out" : 	{
		"patching_rect" : [ 274, 67, 12, 109 ],
		"hidden" : 0,
		"bgcolor" : [ 0.403922, 0.403922, 0.403922, 0 ],
		"offcolor" : [ 0.221327066888467, 0.221327006361825, 0.221327022178404, 1 ],
		"oncolor" : [ 0.618934978328545, 0.744701397656435, 0.953750108255376, 1 ]
	}
,
	"clear-delay" : 	{
		"patching_rect" : [ 119, 32, 30, 17 ],
		"hidden" : 0,
		"bgcolor" : [ 0.74902, 0.74902, 0.74902, 0 ],
		"bgoncolor" : [ 0.55, 0.55, 0.55, 1 ],
		"fontsize" : 10,
		"legacytextcolor" : 1,
		"textcolor" : [ 0.15, 0.15, 0.15, 1 ],
		"textoncolor" : [ 1, 1, 1, 1 ],
		"textovercolor" : [ 0.1, 0.1, 0.1, 1 ],
		"usebgoncolor" : 1,
		"usetextovercolor" : 1
	}
,
	"sort" : 	{
		"patching_rect" : [ 205, 65, 24, 18 ],
		"hidden" : 0,
		"bgcolor" : [ 0.74902, 0.74902, 0.74902, 0 ],
		"bgoncolor" : [ 0.55, 0.55, 0.55, 1 ],
		"fontsize" : 10,
		"legacytextcolor" : 1,
		"textcolor" : [ 0.15, 0.15, 0.15, 1 ],
		"textoncolor" : [ 1, 1, 1, 1 ],
		"textovercolor" : [ 0.1, 0.1, 0.1, 1 ],
		"usebgoncolor" : 1,
		"usetextovercolor" : 1
	}
,
	"freeze-delay" : 	{
		"patching_rect" : [ 149, 33, 57, 16 ],
		"hidden" : 0,
		"bgcolor" : [ 1, 1, 1, 1 ],
		"bgoncolor" : [ 1, 1, 1, 1 ],
		"fontsize" : 11,
		"legacytextcolor" : 1,
		"textcolor" : [ 0.15, 0.15, 0.15, 1 ],
		"textoncolor" : [ 1, 0, 0, 1 ],
		"textovercolor" : [ 0.1, 0.1, 0.1, 1 ],
		"usebgoncolor" : 1,
		"usetextovercolor" : 1
	}
,
	"delay_outs" : 	{
		"patching_rect" : [ 262, 67, 12, 109 ],
		"hidden" : 0,
		"bgcolor" : [ 0.403922, 0.403922, 0.403922, 0 ],
		"offcolor" : [ 0.221327066888467, 0.221327006361825, 0.221327022178404, 1 ],
		"oncolor" : [ 0.618934978328545, 0.744701397656435, 0.953750108255376, 1 ]
	}
,
	"ll.blues" : 	{
		"patching_rect" : [ 0, 125, 159, 53 ],
		"hidden" : 0,
		"accentcolor" : [ 0.458595350062755, 0.458595237564901, 0.458595266962388, 1 ],
		"bgcolor" : [ 0.125, 0.125, 0.125, 1 ],
		"bgfillcolor" : 		{
			"type" : "gradient",
			"color1" : [ 0.172137149796092, 0.172137100044002, 0.172137113045018, 1 ],
			"color2" : [ 0.172137149796092, 0.172137100044002, 0.172137113045018, 1 ],
			"color" : [ 0.172137149796092, 0.172137100044002, 0.172137113045018, 1 ]
		}
,
		"bubble_bgcolor" : [ 0.235, 0.235, 0.235, 1 ],
		"bubble_outlinecolor" : [ 0.85, 0.85, 0.85, 1 ],
		"clearcolor" : [ 1, 1, 1, 0 ],
		"color" : [ 0.618934978328545, 0.744701397656435, 0.953750108255376, 1 ],
		"editing_bgcolor" : [ 0.235, 0.235, 0.235, 1 ],
		"elementcolor" : [ 0.221327066888467, 0.221327006361825, 0.221327022178404, 1 ],
		"fontsize" : 12,
		"locked_bgcolor" : [ 0.235, 0.235, 0.235, 1 ],
		"patchlinecolor" : [ 0.447518749806177, 0.44751863973454, 0.447518668498017, 1 ],
		"selectioncolor" : [ 0.922234290352602, 0.71007200526417, 0.329758341965716, 1 ],
		"stripecolor" : [ 0.172137149796092, 0.172137100044002, 0.172137113045018, 1 ],
		"syntax_attrargcolor" : [ 0.987719444392034, 0.772809765725725, 0.723525810589731, 1 ],
		"syntax_attributecolor" : [ 0.574681917362067, 0.746730429372804, 1, 1 ],
		"syntax_objargcolor" : [ 0.9, 0.9, 0.9, 1 ],
		"syntax_objectcolor" : [ 0.956590352327427, 0.76614891786161, 0.452834090916593, 1 ],
		"textcolor" : [ 0.85, 0.85, 0.85, 1 ],
		"textcolor_inverse" : [ 0.9, 0.9, 0.9, 1 ]
	}
,
	"delay-time" : 	{
		"patching_rect" : [ 0, 16, 150, 17 ],
		"hidden" : 0,
		"bgcolor" : [ 0, 0, 0, 1 ],
		"bordercolor" : [ 0, 0, 0, 1 ],
		"fontsize" : 14,
		"labelcolor" : [ 0, 0, 0, 1 ],