{
	"window" : [ 273, 516, 559, 757 ],
	"scrub" : 	{
		"patching_rect" : [ 88, 49, 43, 19 ],
		"hidden" : 0,
		"bgcolor" : [ 0.92549, 0.886275, 0.984314, 1 ],
		"fontsize" : 9,
		"htricolor" : [ 0.87, 0.82, 0.24, 1 ],
		"textcolor" : [ 0, 0, 0, 1 ],
		"tricolor" : [ 0.75, 0.75, 0.75, 1 ]
	}
,
	"speedMenu" : 	{
		"patching_rect" : [ 259, 15, 25, 19 ],
		"hidden" : 0,
		"applycolors" : 0,
		"bgfillcolor" : 		{
			"type" : "color",
			"color1" : [ 0.376471, 0.384314, 0.4, 1.0 ],
			"color2" : [ 0.290196, 0.309804, 0.301961, 1.0 ],
			"color" : [ 0.254902, 0.741176, 0.098039, 1.0 ],
			"angle" : 270.0,
			"proportion" : 0.39
		}
,
		"color" : [ 0.618934978328545, 0.744701397656435, 0.953750108255376, 1 ],
		"elementcolor" : [ 0.221327066888467, 0.221327006361825, 0.221327022178404, 1 ],
		"fontsize" : 9,
		"textcolor" : [ 0.121569, 0.121569, 0.121569, 1 ]
	}
,
	"startout" : 	{
		"patching_rect" : [ 0, 49, 46, 19 ],
		"hidden" : 0,
		"bgcolor" : [ 0.627451, 0.721569, 0.992157, 1 ],
		"fontsize" : 9,
		"htricolor" : [ 0.87, 0.82, 0.24, 1 ],
		"textcolor" : [ 0, 0, 0, 1 ],
		"tricolor" : [ 0.75, 0.75, 0.75, 1 ]
	}
,
	"endout" : 	{
		"patching_rect" : [ 44, 49, 46, 19 ],
		"hidden" : 0,
		"bgcolor" : [ 0.611765, 0.733333, 0.992157, 1 ],
		"fontsize" : 9,
		"htricolor" : [ 0.87, 0.82, 0.24, 1 ],
		"textcolor" : [ 0, 0, 0, 1 ],
		"tricolor" : [ 0.75, 0.75, 0.75, 1 ]
	}
,
	"spectralDisplay" : 	{
		"patching_rect" : [ -1, 65, 285, 83 ],
		"hidden" : 0,
		"bgcolor" : [ 0, 0.839216, 0.231373, 1 ],
		"fgcolor" : [ 0.392157, 0, 0.588235, 1 ],
		"markercolor" : [ 0.392157, 0, 0.588235, 1 ],
		"sonohicolor" : [ 0.423529, 0.356863, 1, 1 ],
		"sonolocolor" : [ 0, 0, 0, 1 ],
		"sonomedcolor" : [ 0, 0, 0, 1 ],
		"sonomedhicolor" : [ 0, 0, 0.392157, 1 ],
		"sonomedlocolor" : [ 0.498039, 0, 0.498039, 1 ],
		"sonomonobgcolor" : [ 1, 1, 1, 1 ],
		"sonomonofgcolor" : [ 0, 0, 0, 1 ]
	}
,
	"end_rel" : 	{
		"patching_rect" : [ 618, 399, 35, 19 ],
		"hidden" : 1,
		"bgcolor" : [ 0.866667, 0.866667, 0.866667, 1 ],
		"fontsize" : 9,
		"htricolor" : [ 0.87, 0.82, 0.24, 1 ],
		"textcolor" : [ 0, 0, 0, 1 ],
		"tricolor" : [ 0.75, 0.75, 0.75, 1 ]
	}
,
	"start_rel" : 	{
		"patching_rect" : [ 618, 343, 35, 19 ],
		"hidden" : 1,
		"bgcolor" : [ 0.866667, 0.866667, 0.866667, 1 ],
		"fontsize" : 9,
		"htricolor" : [ 0.87, 0.82, 0.24, 1 ],
		"textcolor" : [ 0, 0, 0, 1 ],
		"tricolor" : [ 0.75, 0.75, 0.75, 1 ]
	}
,
	"loopMode" : 	{
		"patching_rect" : [ 130, 49, 40, 19 ],
		"hidden" : 0,
		"applycolors" : 0,
		"bgfillcolor" : 		{
			"type" : "color",
			"color1" : [ 0.376471, 0.384314, 0.4, 1.0 ],
			"color2" : [ 0.290196, 0.309804, 0.301961, 1.0 ],
			"color" : [ 0.062745, 0.584314, 0.960784, 1.0 ],
			"angle" : 270.0,
			"proportion" : 0.39
		}
,
		"color" : [ 0.618934978328545, 0.744701397656435, 0.953750108255376, 1 ],
		"elementcolor" : [ 0.221327066888467, 0.221327006361825, 0.221327022178404, 1 ],
		"fontsize" : 9,
		"textcolor" : [ 0, 0, 0, 1 ]
	}
,
	"buffer_menu" : 	{
		"patching_rect" : [ 167, 0, 72, 19 ],
		"hidden" : 0,
		"applycolors" : 0,
		"bgfillcolor" : 		{
			"type" : "gradient",
			"color1" : [ 0.172137149796092, 0.172137100044002, 0.172137113045018, 1 ],
			"color2" : [ 0.172137149796092, 0.172137100044002, 0.172137113045018, 1 ],
			"color" : [ 0.172137149796092, 0.172137100044002, 0.172137113045018, 1 ]
		}
,
		"color" : [ 0.618934978328545, 0.744701397656435, 0.953750108255376, 1 ],
		"elementcolor" : [ 0.221327066888467, 0.221327006361825, 0.221327022178404, 1 ],
		"fontsize" : 9,
		"textcolor" : [ 0.9, 0.9, 0.9, 1 ]
	}
,
	"restartOnLoad" : 	{
		"patching_rect" : [ 154, 0, 15, 15 ],
		"hidden" : 0,
		"bgcolor" : [ 0.125, 0.125, 0.125, 1 ],
		"checkedcolor" : [ 0.618934978328545, 0.744701397656435, 0.953750108255376, 1 ],
		"elementcolor" : [ 0.221327066888467, 0.221327006361825, 0.221327022178404, 1 ],
		"uncheckedcolor" : [ 0.221327066888467, 0.221327006361825, 0.221327022178404, 1 ]
	}
,
	"sendAmount" : 	{
		"patching_rect" : [ 254, 162, 31, 19 ],
		"hidden" : 0,
		"bgcolor" : [ 0.584314, 0.396078, 0.12549, 1 ],
		"fontsize" : 9,
		"htricolor" : [ 0.87, 0.82, 0.24, 1 ],
		"textcolor" : [ 0, 0, 0, 1 ],
		"tricolor" : [ 0.75, 0.75, 0.75, 1 ]
	}
,
	"progress" : 	{
		"patching_rect" : [ -1, 32, 280, 16 ],
		"hidden" : 0,
		"bgcolor" : [ 0, 0, 0, 1 ],
		"peakcolor" : [ 0.498039, 0.498039, 0.498039, 1 ],
		"slidercolor" : [ 0.87451, 0.352941, 0.352941, 1 ]
	}
,
	"stream_ID" : 	{
		"patching_rect" : [ 265, 0, 18, 19 ],
		"hidden" : 0,
		"bgcolor" : [ 0.866667, 0.866667, 0.866667, 1 ],
		"fontsize" : 9,
		"htricolor" : [ 0.87, 0.82, 0.24, 1 ],
		"textcolor" : [ 0, 0, 0, 1 ],
		"tricolor" : [ 0.75, 0.75, 0.75, 1 ]
	}
,
	"start/stop" : 	{
		"patching_rect" : [ 65, 0, 28, 17 ],
		"hidden" : 0,
		"bgcolor" : [ 1, 0.117647, 0.098039, 1 ],
		"bgoncolor" : [ 0.215686, 1, 0.109804, 1 ],
		"fontsize" : 14,
		"legacytextcolor" : 1,
		"textcolor" : [ 0.101961, 0.121569, 0.172549, 1 ],
		"textoncolor" : [ 0.101961, 0.121569, 0.172549, 1 ],
		"textovercolor" : [ 0.101961, 0.121569, 0.172549, 1 ],
		"usebgoncolor" : 1,
		"usetextovercolor" : 1
	}
,
	"overdrive" : 	{
		"patching_rect" : [ 125, 0, 30, 15 ],
		"hidden" : 0,
		"bgcolor" : [ 1, 0.117647, 0.098039, 1 ],
		"bgoncolor" : [ 0.215686, 1, 0.109804, 1 ],
		"fontsize" : 9,
		"legacytextcolor" : 1,
		"textcolor" : [ 0.101961, 0.121569, 0.172549, 1 ],
		"textoncolor" : [ 0.101961, 0.121569, 0.172549, 1 ],
		"textovercolor" : [ 0.101961, 0.121569, 0.172549, 1 ],
		"usebgoncolor" : 1,
		"usetextovercolor" : 1
	}
,
	"loop" : 	{
		"patching_rect" : [ 92, 0, 17, 16 ],
		"hidden" : 0,
		"bgcolor" : [ 1, 1, 1, 1 ],
		"bgoncolor" : [ 0.215686, 1, 0.109804, 1 ],
		"fontsize" : 14,
		"legacytextcolor" : 1,
		"textcolor" : [ 0.101961, 0.121569, 0.172549, 1 ],
		"textoncolor" : [ 0.101961, 0.121569, 0.172549, 1 ],
		"textovercolor" : [ 0.101961, 0.121569, 0.172549, 1 ],
		"usebgoncolor" : 1,
		"usetextovercolor" : 1
	}
,
	"pause" : 	{
		"patching_rect" : [ 108, 0, 17, 16 ],
		"hidden" : 0,
		"bgcolor" : [ 1, 1, 1, 1 ],
		"bgoncolor" : [ 0, 0.623529, 0.733333, 1 ],
		"fontsize" : 14,
		"legacytextcolor" : 1,
		"textcolor" : [ 0.101961, 0.121569, 0.172549, 1 ],
		"textoncolor" : [ 0.101961, 0.121569, 0.172549, 1 ],
		"textovercolor" : [ 0.101961, 0.121569, 0.172549, 1 ],
		"usebgoncolor" : 1,
		"usetextovercolor" : 1
	}
,
	"bend_on" : 	{
		"patching_rect" : [ 208, 152, 48, 15 ],
		"hidden" : 0,
		"bgcolor" : [ 0.333333, 0.537255, 0.960784, 1 ],
		"bgoncolor" : [ 0.941176, 0.098039, 0.098039, 1 ],
		"fontsize" : 12,
		"legacytextcolor" : 1,
		"textcolor" : [ 0.101961, 0.121569, 0.172549, 1 ],
		"textoncolor" : [ 0.101961, 0.121569, 0.172549, 1 ],
		"textovercolor" : [ 0.101961, 0.121569, 0.172549, 1 ],
		"usebgoncolor" : 1,
		"usetextovercolor" : 1
	}
,
	"setstart" : 	{
		"patching_rect" : [ 222, 49, 18, 17 ],
		"hidden" : 0,
		"bgcolor" : [ 0.909804, 1, 0.098039, 1 ],
		"bgoncolor" : [ 0.333333, 0.537255, 0.960784, 1 ],
		"fontsize" : 12,
		"legacytextcolor" : 1,
		"textcolor" : [ 0.101961, 0.121569, 0.172549, 1 ],
		"textoncolor" : [ 0.101961, 0.121569, 0.172549, 1 ],
		"textovercolor" : [ 0.101961, 0.121569, 0.172549, 1 ],
		"usebgoncolor" : 1,
		"usetextovercolor" : 1
	}
,
	"zero" : 	{
		"patching_rect" : [ 205, 49, 18, 17 ],
		"hidden" : 0,
		"bgcolor" : [ 0.909804, 1, 0.098039, 1 ],
		"bgoncolor" : [ 0.333333, 0.537255, 0.960784, 1 ],
		"fontsize" : 12,
		"legacytextcolor" : 1,
		"textcolor" : [ 0.101961, 0.121569, 0.172549, 1 ],
		"textoncolor" : [ 0.101961, 0.121569, 0.172549, 1 ],
		"textovercolor" : [ 0.101961, 0.121569, 0.172549, 1 ],
		"usebgoncolor" : 1,
		"usetextovercolor" : 1
	}
,
	"reset" : 	{
		"patching_rect" : [ 188, 49, 18, 17 ],
		"hidden" : 0,
		"bgcolor" : [ 0.941176, 0.098039, 0.098039, 1 ],
		"bgoncolor" : [ 0.333333, 0.537255, 0.960784, 1 ],
		"fontsize" : 12,
		"legacytextcolor" : 1,
		"textcolor" : [ 0.101961, 0.121569, 0.172549, 1 ],
		"textoncolor" : [ 0.101961, 0.121569, 0.172549, 1 ],