{
	"window" : [ 13, 26, 1267, 121 ],
	"to_pp" : 	{
		"patching_rect" : [ 608, 1, 60, 20 ],
		"hidden" : 0,
		"bgcolor" : [ 0.568627450980392, 0.796078431372549, 0.231372549019608, 1.0 ],
		"bgoncolor" : [ 1.0, 0.039216, 0.392157, 1.0 ],
		"fontsize" : 11.0,
		"legacytextcolor" : 0,
		"textcolor" : [ 0.941176, 0.098039, 0.098039, 1.0 ],
		"textoncolor" : [ 0.0, 0.0, 0.0, 1.0 ],
		"textovercolor" : [ 1.0, 0.039216, 0.392157, 1.0 ],
		"usebgoncolor" : 0,
		"usetextovercolor" : 0
	}
,
	"ratios_select" : 	{
		"patching_rect" : [ 371, -1, 70, 21 ],
		"hidden" : 1,
		"applycolors" : 0,
		"bgfillcolor" : 		{
			"type" : "color",
			"color1" : [ 0.701960784313725, 0.701960784313725, 0.701960784313725, 1.0 ],
			"color2" : [ 0.2, 0.2, 0.2, 1.0 ],
			"color" : [ 0.796078431372549, 0.796078431372549, 0.796078431372549, 1.0 ],
			"angle" : 270.0,
			"autogradient" : 0.0,
			"proportion" : 0.5
		}
,
		"color" : [ 0.618934978328545, 0.744701397656435, 0.953750108255376, 1 ],
		"elementcolor" : [ 0.221327066888467, 0.221327006361825, 0.221327022178404, 1 ],
		"fontsize" : 11.0,
		"textcolor" : [ 0.0, 0.0, 0.0, 1.0 ]
	}
,
	"keyslider_mode" : 	{
		"patching_rect" : [ 71, -2, 65, 21 ],
		"hidden" : 0,
		"applycolors" : 0,
		"bgfillcolor" : 		{
			"type" : "color",
			"color1" : [ 0.701960784313725, 0.701960784313725, 0.701960784313725, 1.0 ],
			"color2" : [ 0.2, 0.2, 0.2, 1.0 ],
			"color" : [ 0.796078431372549, 0.796078431372549, 0.796078431372549, 1.0 ],
			"angle" : 270.0,
			"autogradient" : 0.0,
			"proportion" : 0.5
		}
,
		"color" : [ 0.618934978328545, 0.744701397656435, 0.953750108255376, 1 ],
		"elementcolor" : [ 0.221327066888467, 0.221327006361825, 0.221327022178404, 1 ],
		"fontsize" : 11.0,
		"textcolor" : [ 0.0, 0.0, 0.0, 1.0 ]
	}
,
	"mapping" : 	{
		"patching_rect" : [ 317, -1, 53, 21 ],
		"hidden" : 0,
		"applycolors" : 0,
		"bgfillcolor" : 		{
			"type" : "color",
			"color1" : [ 0.701960784313725, 0.701960784313725, 0.701960784313725, 1.0 ],
			"color2" : [ 0.2, 0.2, 0.2, 1.0 ],
			"color" : [ 0.796078431372549, 0.796078431372549, 0.796078431372549, 1.0 ],
			"angle" : 270.0,
			"autogradient" : 0.0,
			"proportion" : 0.5
		}
,
		"color" : [ 0.618934978328545, 0.744701397656435, 0.953750108255376, 1 ],
		"elementcolor" : [ 0.221327066888467, 0.221327006361825, 0.221327022178404, 1 ],
		"fontsize" : 11.0,
		"textcolor" : [ 0.0, 0.0, 0.0, 1.0 ]
	}
,
	"vel_factor" : 	{
		"patching_rect" : [ 1011, 143, 35, 19 ],
		"hidden" : 1,
		"bgcolor" : [ 0.866667, 0.866667, 0.866667, 1.0 ],
		"fontsize" : 9.0,
		"htricolor" : [ 0.87, 0.82, 0.24, 1.0 ],
		"textcolor" : [ 0.0, 0.0, 0.0, 1.0 ],
		"tricolor" : [ 0.75, 0.75, 0.75, 1.0 ]
	}
,
	"stop" : 	{
		"patching_rect" : [ 136, -1, 31, 17 ],
		"hidden" : 0,
		"bgcolor" : [ 0.125, 0.125, 0.125, 1 ],
		"bgoncolor" : [ 0.221327066888467, 0.221327006361825, 0.221327022178404, 1 ],
		"fontsize" : 12.0,
		"legacytextcolor" : 0,
		"textcolor" : [ 0.458595350062755, 0.458595237564901, 0.458595266962388, 1 ],
		"textoncolor" : [ 0.618934978328545, 0.744701397656435, 0.953750108255376, 1 ],
		"textovercolor" : [ 0.922234290352602, 0.71007200526417, 0.329758341965716, 1 ],
		"usebgoncolor" : 0,
		"usetextovercolor" : 0
	}
,
	"random_cents" : 	{
		"patching_rect" : [ 442, 1, 59, 17 ],
		"hidden" : 0,
		"bgcolor" : [ 0.086274509803922, 0.36078431372549, 1.0, 1.0 ],
		"bordercolor" : [ 0.5, 0.5, 0.5, 1.0 ],
		"fontsize" : 11.0,
		"labelcolor" : [ 1.0, 1.0, 1.0, 1.0 ],
		"selectcolor" : [ 0.45, 0.67, 1.0, 0.47 ],
		"slidercolor" : [ 0.72156862745098, 0.72156862745098, 0.72156862745098, 1.0 ],
		"slidercolornofocus" : [ 0.48, 0.48, 0.48, 0.55 ],
		"textcolor" : [ 1.0, 1.0, 1.0, 1.0 ],
		"textcolornofocus" : [ 0.776470588235294, 0.772549019607843, 0.772549019607843, 0.788235294117647 ]
	}
,
	"keyboard" : 	{
		"patching_rect" : [ 0, 17, 1254, 79 ],
		"hidden" : 0,
		"blackkeycolor" : [ 0.0, 0.0, 0.0, 1.0 ],
		"hkeycolor" : [ 0.427450980392157, 0.890196078431372, 0.219607843137255, 1.0 ],
		"selectioncolor" : [ 0.922234290352602, 0.71007200526417, 0.329758341965716, 1 ],
		"whitekeycolor" : [ 0.396078431372549, 0.396078431372549, 0.396078431372549, 1.0 ]
	}
,
	"cb2" : 	{
		"patching_rect" : [ 1227, 57, 30, 158 ],
		"hidden" : 1,
		"bgcolor" : [ 1.0, 1.0, 1.0, 1.0 ],
		"bordercolor" : [ 0.5, 0.5, 0.5, 1.0 ],
		"fgcolor" : [ 0.0, 0.0, 0.0, 1.0 ],
		"fontsize" : 7.0,
		"gridlinecolor" : [ 0.5, 0.5, 0.5, 1.0 ],
		"hcellcolor" : [ 0.82, 0.82, 0.9, 1.0 ],
		"headercolor" : [ 0.7, 0.7, 0.7, 1.0 ],
		"sccolor" : [ 1.0, 1.0, 1.0, 1.0 ],
		"sgcolor" : [ 0.96, 0.96, 0.98, 1.0 ],
		"stcolor" : [ 0.8, 0.8, 0.9, 1.0 ],
		"textcolor" : [ 0.0, 0.0, 0.0, 1.0 ]
	}
,
	"sust_off" : 	{
		"patching_rect" : [ 269, 0, 47, 17 ],
		"hidden" : 0,
		"bgcolor" : [ 0.737, 0.737, 0.737, 1.0 ],
		"bgoncolor" : [ 0.702, 0.247, 0.639, 1.0 ],
		"fontsize" : 11.0,
		"legacytextcolor" : 1,
		"textcolor" : [ 0.0, 0.0, 0.0, 1.0 ],
		"textoncolor" : [ 1.0, 1.0, 1.0, 1.0 ],
		"textovercolor" : [ 0.0, 0.0, 0.0, 1.0 ],
		"usebgoncolor" : 1,
		"usetextovercolor" : 1
	}
,
	"vel2vol" : 	{
		"patching_rect" : [ 558, 1, 49, 17 ],
		"hidden" : 0,
		"bgcolor" : [ 1.0, 1.0, 1.0, 1.0 ],
		"bordercolor" : [ 0.5, 0.5, 0.5, 1.0 ],
		"fontsize" : 11.0,
		"labelcolor" : [ 0.0, 0.0, 0.0, 1.0 ],
		"selectcolor" : [ 0.45, 0.67, 1.0, 0.47 ],
		"slidercolor" : [ 0.0, 0.0, 0.0, 1.0 ],
		"slidercolornofocus" : [ 0.48, 0.48, 0.48, 0.55 ],
		"textcolor" : [ 0.0, 0.0, 0.0, 1.0 ],
		"textcolornofocus" : [ 0.48, 0.48, 0.48, 0.79 ]
	}
,
	"poly" : 	{
		"patching_rect" : [ 665, 1, 27, 17 ],
		"hidden" : 0,
		"bgcolor" : [ 0.698039, 0.698039, 0.698039, 1.0 ],
		"bgoncolor" : [ 0.568627450980392, 0.796078431372549, 0.231372549019608, 1.0 ],
		"fontsize" : 11.0,
		"legacytextcolor" : 0,
		"textcolor" : [ 0.0, 0.0, 0.0, 1.0 ],
		"textoncolor" : [ 0.0, 0.0, 0.0, 1.0 ],
		"textovercolor" : [ 0.0, 0.0, 0.0, 1.0 ],
		"usebgoncolor" : 1,
		"usetextovercolor" : 0
	}
,
	"note_on" : 	{
		"patching_rect" : [ 692, 1, 29, 17 ],
		"hidden" : 0,
		"bgcolor" : [ 0.698039, 0.698039, 0.698039, 1.0 ],
		"bgoncolor" : [ 0.568627450980392, 0.796078431372549, 0.231372549019608, 1.0 ],
		"fontsize" : 11.0,
		"legacytextcolor" : 0,
		"textcolor" : [ 0.0, 0.0, 0.0, 1.0 ],
		"textoncolor" : [ 0.0, 0.0, 0.0, 1.0 ],
		"textovercolor" : [ 0.0, 0.0, 0.0, 1.0 ],
		"usebgoncolor" : 1,
		"usetextovercolor" : 0
	}
,
	"note" : 	{
		"patching_rect" : [ 166, 0, 28, 17 ],
		"hidden" : 0,
		"bgcolor" : [ 0.12156862745098, 0.196078431372549, 0.443137254901961, 1.0 ],
		"bordercolor" : [ 0.5, 0.5, 0.5, 1.0 ],
		"fontsize" : 11.0,
		"labelcolor" : [ 0.72156862745098, 0.72156862745098, 0.72156862745098, 0.76 ],
		"selectcolor" : [ 0.45, 0.67, 1.0, 0.47 ],
		"slidercolor" : [ 0.0, 0.0, 0.0, 1.0 ],
		"slidercolornofocus" : [ 0.48, 0.48, 0.48, 0.55 ],
		"textcolor" : [ 1.0, 1.0, 1.0, 1.0 ],
		"textcolornofocus" : [ 0.48, 0.48, 0.48, 0.79 ]
	}
,
	"frequency" : 	{
		"patching_rect" : [ 502, 1, 55, 17 ],
		"hidden" : 0,
		"bgcolor" : [ 1.0, 1.0, 1.0, 1.0 ],
		"bordercolor" : [ 0.5, 0.5, 0.5, 1.0 ],
		"fontsize" : 11.0,
		"labelcolor" : [ 0.427450980392157, 0.415686274509804, 0.415686274509804, 0.48 ],
		"selectcolor" : [ 0.45, 0.67, 1.0, 0.47 ],
		"slidercolor" : [ 0.0, 0.0, 0.0, 1.0 ],
		"slidercolornofocus" : [ 0.48, 0.48, 0.48, 0.55 ],
		"textcolor" : [ 0.0, 0.0, 0.0, 1.0 ],
		"textcolornofocus" : [ 0.48, 0.48, 0.48, 0.79 ]
	}
,
	"oct_div" : 	{
		"patching_rect" : [ 371, 1, 23, 17 ],
		"hidden" : 1,
		"bgcolor" : [ 0.850980392156863, 0.850980392156863, 0.850980392156863, 1.0 ],
		"bordercolor" : [ 0.5, 0.5, 0.5, 1.0 ],
		"fontsize" : 11.0,
		"labelcolor" : [ 0.0, 0.0, 0.0, 1.0 ],
		"selectcolor" : [ 0.45, 0.67, 1.0, 0.47 ],
		"slidercolor" : [ 0.0, 0.0, 0.0, 1.0 ],
		"slidercolornofocus" : [ 0.48, 0.48, 0.48, 0.55 ],
		"textcolor" : [ 0.0, 0.0, 0.0, 1.0 ],
		"textcolornofocus" : [ 0.48, 0.48, 0.48, 0.79 ]
	}
,
	"note_offset" : 	{
		"patching_rect" : [ 1087, 110, 55, 17 ],
		"hidden" : 1,
		"bgcolor" : [ 1.0, 1.0, 1.0, 1.0 ],