{
	"window" : [ 59, 25, 1275, 120 ],
	"keysplit_UI" : 	{
		"patching_rect" : [ 844, -1, 82, 18 ],
		"hidden" : 0,
		"bgcolors" : [ 1, 1, 1, 1, 3, 3 ],
		"fontsize" : 8,
		"gridcolor" : [ 1, 1, 0.836070365646258, 1 ],
		"jsarguments" : 0,
		"oncolors" : 2
	}
,
	"to_pp" : 	{
		"patching_rect" : [ 734, 1, 60.64990234375, 20.2890625 ],
		"hidden" : 0,
		"bgcolor" : [ 0.568627450980392, 0.796078431372549, 0.231372549019608, 1 ],
		"bgoncolor" : [ 1, 0.039216, 0.392157, 1 ],
		"fontsize" : 11,
		"legacytextcolor" : 0,
		"textcolor" : [ 0.941176, 0.098039, 0.098039, 1 ],
		"textoncolor" : [ 0, 0, 0, 1 ],
		"textovercolor" : [ 1, 0.039216, 0.392157, 1 ],
		"usebgoncolor" : 0,
		"usetextovercolor" : 0
	}
,
	"ratios_select" : 	{
		"patching_rect" : [ 417, 0, 70, 21 ],
		"hidden" : 1,
		"applycolors" : 0,
		"bgfillcolor" : 		{
			"type" : "color",
			"color1" : [ 0.701960784313725, 0.701960784313725, 0.701960784313725, 1.0 ],
			"color2" : [ 0.2, 0.2, 0.2, 1.0 ],
			"color" : [ 0.796078431372549, 0.796078431372549, 0.796078431372549, 1.0 ],
			"angle" : 270.0,
			"autogradient" : 0.0,
			"proportion" : 0.5
		}
,
		"color" : [ 0.618934978328545, 0.744701397656435, 0.953750108255376, 1 ],
		"elementcolor" : [ 0.221327066888467, 0.221327006361825, 0.221327022178404, 1 ],
		"fontsize" : 11,
		"textcolor" : [ 0, 0, 0, 1 ]
	}
,
	"keyslider_mode" : 	{
		"patching_rect" : [ 181, 0, 65, 21 ],
		"hidden" : 0,
		"applycolors" : 0,
		"bgfillcolor" : 		{
			"type" : "color",
			"color1" : [ 0.701960784313725, 0.701960784313725, 0.701960784313725, 1.0 ],
			"color2" : [ 0.2, 0.2, 0.2, 1.0 ],
			"color" : [ 0.796078431372549, 0.796078431372549, 0.796078431372549, 1.0 ],
			"angle" : 270.0,
			"autogradient" : 0.0,
			"proportion" : 0.5
		}
,
		"color" : [ 0.618934978328545, 0.744701397656435, 0.953750108255376, 1 ],
		"elementcolor" : [ 0.221327066888467, 0.221327006361825, 0.221327022178404, 1 ],
		"fontsize" : 11,
		"textcolor" : [ 0, 0, 0, 1 ]
	}
,
	"mapping" : 	{
		"patching_rect" : [ 363, 0, 53, 21 ],
		"hidden" : 0,
		"applycolors" : 0,
		"bgfillcolor" : 		{
			"type" : "color",
			"color1" : [ 0.701960784313725, 0.701960784313725, 0.701960784313725, 1.0 ],
			"color2" : [ 0.2, 0.2, 0.2, 1.0 ],
			"color" : [ 0.796078431372549, 0.796078431372549, 0.796078431372549, 1.0 ],
			"angle" : 270.0,
			"autogradient" : 0.0,
			"proportion" : 0.5
		}
,
		"color" : [ 0.618934978328545, 0.744701397656435, 0.953750108255376, 1 ],
		"elementcolor" : [ 0.221327066888467, 0.221327006361825, 0.221327022178404, 1 ],
		"fontsize" : 11,
		"textcolor" : [ 0, 0, 0, 1 ]
	}
,
	"vel_factor" : 	{
		"patching_rect" : [ 1011, 143, 35, 19 ],
		"hidden" : 1,
		"bgcolor" : [ 0.866667, 0.866667, 0.866667, 1 ],
		"fontsize" : 9,
		"htricolor" : [ 0.87, 0.82, 0.24, 1 ],
		"textcolor" : [ 0, 0, 0, 1 ],
		"tricolor" : [ 0.75, 0.75, 0.75, 1 ]
	}
,
	"stop" : 	{
		"patching_rect" : [ 295, -1, 31, 17 ],
		"hidden" : 0,
		"bgcolor" : [ 0.125, 0.125, 0.125, 1 ],
		"bgoncolor" : [ 0.221327066888467, 0.221327006361825, 0.221327022178404, 1 ],
		"fontsize" : 12,
		"legacytextcolor" : 0,
		"textcolor" : [ 0.458595350062755, 0.458595237564901, 0.458595266962388, 1 ],
		"textoncolor" : [ 0.618934978328545, 0.744701397656435, 0.953750108255376, 1 ],
		"textovercolor" : [ 0.922234290352602, 0.71007200526417, 0.329758341965716, 1 ],
		"usebgoncolor" : 0,
		"usetextovercolor" : 0
	}
,
	"random_cents" : 	{
		"patching_rect" : [ 488, 2, 59, 17 ],
		"hidden" : 0,
		"bgcolor" : [ 0.086274509803922, 0.36078431372549, 1, 1 ],
		"bordercolor" : [ 0.5, 0.5, 0.5, 1 ],
		"fontsize" : 11,
		"labelcolor" : [ 1, 1, 1, 1 ],
		"selectcolor" : [ 0.45, 0.67, 1, 0.47 ],
		"slidercolor" : [ 0.72156862745098, 0.72156862745098, 0.72156862745098, 1 ],
		"slidercolornofocus" : [ 0.48, 0.48, 0.48, 0.55 ],
		"textcolor" : [ 1, 1, 1, 1 ],
		"textcolornofocus" : [ 0.776470588235294, 0.772549019607843, 0.772549019607843, 0.788235294117647 ]
	}
,
	"keyboard" : 	{
		"patching_rect" : [ 0, 17, 1216, 79 ],
		"hidden" : 0,
		"blackkeycolor" : [ 0, 0, 0, 1 ],
		"hkeycolor" : [ 0.427450980392157, 0.890196078431372, 0.219607843137255, 1 ],
		"selectioncolor" : [ 0.922234290352602, 0.71007200526417, 0.329758341965716, 1 ],
		"whitekeycolor" : [ 0.396078431372549, 0.396078431372549, 0.396078431372549, 1 ]
	}
,
	"cb2" : 	{
		"patching_rect" : [ 1227.20068359375, 57.5, 30, 158 ],
		"hidden" : 1,
		"bgcolor" : [ 1, 1, 1, 1 ],
		"bordercolor" : [ 0.5, 0.5, 0.5, 1 ],
		"fgcolor" : [ 0, 0, 0, 1 ],
		"fontsize" : 7,
		"gridlinecolor" : [ 0.5, 0.5, 0.5, 1 ],
		"hcellcolor" : [ 0.82, 0.82, 0.9, 1 ],
		"headercolor" : [ 0.7, 0.7, 0.7, 1 ],
		"sccolor" : [ 1, 1, 1, 1 ],
		"sgcolor" : [ 0.96, 0.96, 0.98, 1 ],
		"stcolor" : [ 0.8, 0.8, 0.9, 1 ],
		"textcolor" : [ 0, 0, 0, 1 ]
	}
,
	"sust_off" : 	{
		"patching_rect" : [ 247, 0, 47, 17 ],
		"hidden" : 0,
		"bgcolor" : [ 0.737, 0.737, 0.737, 1 ],
		"bgoncolor" : [ 0.702, 0.247, 0.639, 1 ],
		"fontsize" : 11,
		"legacytextcolor" : 1,
		"textcolor" : [ 0, 0, 0, 1 ],
		"textoncolor" : [ 1, 1, 1, 1 ],
		"textovercolor" : [ 0, 0, 0, 1 ],
		"usebgoncolor" : 1,
		"usetextovercolor" : 1
	}
,
	"vel2vol" : 	{
		"patching_rect" : [ 635, 1, 49, 17 ],
		"hidden" : 0,
		"bgcolor" : [ 1, 1, 1, 1 ],
		"bordercolor" : [ 0.5, 0.5, 0.5, 1 ],
		"fontsize" : 11,
		"labelcolor" : [ 0, 0, 0, 1 ],
		"selectcolor" : [ 0.45, 0.67, 1, 0.47 ],
		"slidercolor" : [ 0, 0, 0, 1 ],
		"slidercolornofocus" : [ 0.48, 0.48, 0.48, 0.55 ],
		"textcolor" : [ 0, 0, 0, 1 ],
		"textcolornofocus" : [ 0.48, 0.48, 0.48, 0.79 ]
	}
,
	"note" : 	{
		"patching_rect" : [ 325, 0, 37, 16 ],
		"hidden" : 0,
		"bgcolor" : [ 0.12156862745098, 0.196078431372549, 0.443137254901961, 1 ],
		"bordercolor" : [ 0.5, 0.5, 0.5, 1 ],
		"fontsize" : 11,
		"labelcolor" : [ 0.72156862745098, 0.72156862745098, 0.72156862745098, 0.76 ],
		"selectcolor" : [ 0.45, 0.67, 1, 0.47 ],
		"slidercolor" : [ 0, 0, 0, 1 ],
		"slidercolornofocus" : [ 0.48, 0.48, 0.48, 0.55 ],
		"textcolor" : [ 1, 1, 1, 1 ],
		"textcolornofocus" : [ 0.48, 0.48, 0.48, 0.79 ]
	}
,
	"frequency" : 	{
		"patching_rect" : [ 547, 1, 55, 17 ],
		"hidden" : 0,
		"bgcolor" : [ 1, 1, 1, 1 ],
		"bordercolor" : [ 0.5, 0.5, 0.5, 1 ],
		"fontsize" : 11,
		"labelcolor" : [ 0.427450980392157, 0.415686274509804, 0.415686274509804, 0.48 ],
		"selectcolor" : [ 0.45, 0.67, 1, 0.47 ],
		"slidercolor" : [ 0, 0, 0, 1 ],
		"slidercolornofocus" : [ 0.48, 0.48, 0.48, 0.55 ],
		"textcolor" : [ 0, 0, 0, 1 ],
		"textcolornofocus" : [ 0.48, 0.48, 0.48, 0.79 ]
	}
,
	"oct_div" : 	{
		"patching_rect" : [ 417, 0, 23, 17 ],
		"hidden" : 1,
		"bgcolor" : [ 0.850980392156863, 0.850980392156863, 0.850980392156863, 1 ],
		"bordercolor" : [ 0.5, 0.5, 0.5, 1 ],
		"fontsize" : 11,
		"labelcolor" : [ 0, 0, 0, 1 ],
		"selectcolor" : [ 0.45, 0.67, 1, 0.47 ],
		"slidercolor" : [ 0, 0, 0, 1 ],
		"slidercolornofocus" : [ 0.48, 0.48, 0.48, 0.55 ],
		"textcolor" : [ 0, 0, 0, 1 ],
		"textcolornofocus" : [ 0.48, 0.48, 0.48, 0.79 ]
	}
,
	"note_offset" : 	{
		"patching_rect" : [ 1087, 110, 55, 17 ],
		"hidden" : 1,
		"bgcolor" : [ 1, 1, 1, 1 ],
		"bordercolor" : [ 0.5, 0.5, 0.5, 1 ],
		"fontsize" : 11,
		"labelcolor" : [ 0, 0, 0, 1 ],
		"selectcolor" : [ 0.45, 0.67, 1, 0.47 ],
		"slidercolor" : [ 0, 0, 0, 1 ],
		"slidercolornofocus" : [ 0.48, 0.48, 0.48, 0.55 ],
		"textcolor" : [ 0, 0, 0, 1 ],
		"textcolornofocus" : [ 0.48, 0.48, 0.48, 0.79 ]
	}
,
	"vel" : 	{
		"patching_rect" : [ 605, 1, 28, 17 ],
		"hidden" : 0,
		"bgcolor" : [ 0.12156862745098, 0.196078431372549, 0.443137254901961, 1 ],
		"bordercolor" : [ 0.5, 0.5, 0.5, 1 ],
		"fontsize" : 11,
		"labelcolor" : [ 0.72156862745098, 0.72156862745098, 0.72156862745098, 0.76 ],
		"selectcolor" : [ 0.45, 0.67, 1, 0.47 ],
		"slidercolor" : [ 0, 0, 0, 1 ],
		"slidercolornofocus" : [ 0.48, 0.48, 0.48, 0.55 ],
		"textcolor" : [ 1, 1, 1, 1 ],
		"textcolornofocus" : [ 0.48, 0.48, 0.48, 0.79 ]
	}
,
	"offset" : 	{
		"patching_rect" : [ 138, -1, 42, 17 ],
		"hidden" : 0,