{
	"window" : [ 510, 392, 676, 602 ],
	"ll.blues" : 	{
		"patching_rect" : [ 0, 155, 159, 53 ],
		"hidden" : 0,
		"accentcolor" : [ 0.458595350062755, 0.458595237564901, 0.458595266962388, 1 ],
		"bgcolor" : [ 0.125, 0.125, 0.125, 1 ],
		"bgfillcolor" : 		{
			"type" : "gradient",
			"color1" : [ 0.172137149796092, 0.172137100044002, 0.172137113045018, 1 ],
			"color2" : [ 0.172137149796092, 0.172137100044002, 0.172137113045018, 1 ],
			"color" : [ 0.172137149796092, 0.172137100044002, 0.172137113045018, 1 ]
		}
,
		"bubble_bgcolor" : [ 0.235, 0.235, 0.235, 1 ],
		"bubble_outlinecolor" : [ 0.85, 0.85, 0.85, 1 ],
		"clearcolor" : [ 1, 1, 1, 0 ],
		"color" : [ 0.618934978328545, 0.744701397656435, 0.953750108255376, 1 ],
		"editing_bgcolor" : [ 0.235, 0.235, 0.235, 1 ],
		"elementcolor" : [ 0.221327066888467, 0.221327006361825, 0.221327022178404, 1 ],
		"fontsize" : 12,
		"locked_bgcolor" : [ 0.235, 0.235, 0.235, 1 ],
		"patchlinecolor" : [ 0.447518749806177, 0.44751863973454, 0.447518668498017, 1 ],
		"selectioncolor" : [ 0.922234290352602, 0.71007200526417, 0.329758341965716, 1 ],
		"stripecolor" : [ 0.172137149796092, 0.172137100044002, 0.172137113045018, 1 ],
		"syntax_attrargcolor" : [ 0.987719444392034, 0.772809765725725, 0.723525810589731, 1 ],
		"syntax_attributecolor" : [ 0.574681917362067, 0.746730429372804, 1, 1 ],
		"syntax_objargcolor" : [ 0.9, 0.9, 0.9, 1 ],
		"syntax_objectcolor" : [ 0.956590352327427, 0.76614891786161, 0.452834090916593, 1 ],
		"textcolor" : [ 0.85, 0.85, 0.85, 1 ],
		"textcolor_inverse" : [ 0.9, 0.9, 0.9, 1 ]
	}
,
	"freezeA" : 	{
		"patching_rect" : [ 0, 15, 54, 18 ],
		"hidden" : 0,
		"bgcolor" : [ 0.125, 0.125, 0.125, 1 ],
		"bgoncolor" : [ 0.221327066888467, 0.221327006361825, 0.221327022178404, 1 ],
		"fontsize" : 12,
		"legacytextcolor" : 0,
		"textcolor" : [ 0.541176, 0.815686, 0.913725, 1 ],
		"textoncolor" : [ 0.541176, 0.815686, 0.913725, 1 ],
		"textovercolor" : [ 0.922234290352602, 0.71007200526417, 0.329758341965716, 1 ],
		"usebgoncolor" : 0,
		"usetextovercolor" : 0
	}
,
	"morph" : 	{
		"patching_rect" : [ 137, 15, 21, 139 ],
		"hidden" : 0,
		"bgcolor" : [ 0.136986301369863, 0.136986301369863, 0.136986301369863, 0.388235294117647 ],
		"drawoffcolor" : 1,
		"elementcolor" : [ 0.996078431372549, 0.996078431372549, 0.996078431372549, 1 ],
		"knobcolor" : [ 0.011764705882353, 0.007843137254902, 0.090196078431373, 1 ]
	}
,
	"clearB" : 	{
		"patching_rect" : [ 56, 136, 35, 18 ],
		"hidden" : 0,
		"bgcolor" : [ 0.125, 0.125, 0.125, 1 ],
		"bgoncolor" : [ 0.221327066888467, 0.221327006361825, 0.221327022178404, 1 ],
		"fontsize" : 12,
		"legacytextcolor" : 0,
		"textcolor" : [ 0.458595350062755, 0.458595237564901, 0.458595266962388, 1 ],
		"textoncolor" : [ 0.618934978328545, 0.744701397656435, 0.953750108255376, 1 ],
		"textovercolor" : [ 0.922234290352602, 0.71007200526417, 0.329758341965716, 1 ],
		"usebgoncolor" : 0,
		"usetextovercolor" : 0
	}
,
	"clearA" : 	{
		"patching_rect" : [ 56, 15, 35, 18 ],
		"hidden" : 0,
		"bgcolor" : [ 0.125, 0.125, 0.125, 1 ],
		"bgoncolor" : [ 0.221327066888467, 0.221327006361825, 0.221327022178404, 1 ],
		"fontsize" : 12,
		"legacytextcolor" : 0,
		"textcolor" : [ 0.458595350062755, 0.458595237564901, 0.458595266962388, 1 ],
		"textoncolor" : [ 0.618934978328545, 0.744701397656435, 0.953750108255376, 1 ],
		"textovercolor" : [ 0.922234290352602, 0.71007200526417, 0.329758341965716, 1 ],
		"usebgoncolor" : 0,
		"usetextovercolor" : 0
	}
,
	"auto" : 	{
		"patching_rect" : [ 106, 0, 56, 15 ],
		"hidden" : 0,
		"bgcolor" : [ 0.125, 0.125, 0.125, 1 ],
		"bgoncolor" : [ 0.221327066888467, 0.221327006361825, 0.221327022178404, 1 ],
		"fontsize" : 12,
		"legacytextcolor" : 0,
		"textcolor" : [ 0.458595350062755, 0.458595237564901, 0.458595266962388, 1 ],
		"textoncolor" : [ 0.618934978328545, 0.744701397656435, 0.953750108255376, 1 ],
		"textovercolor" : [ 0.922234290352602, 0.71007200526417, 0.329758341965716, 1 ],
		"usebgoncolor" : 0,
		"usetextovercolor" : 0
	}
,
	"freezeB" : 	{
		"patching_rect" : [ 0, 136, 54, 18 ],
		"hidden" : 0,
		"bgcolor" : [ 0.125, 0.125, 0.125, 1 ],
		"bgoncolor" : [ 0.221327066888467, 0.221327006361825, 0.221327022178404, 1 ],
		"fontsize" : 12,
		"legacytextcolor" : 0,
		"textcolor" : [ 0.541176, 0.815686, 0.913725, 1 ],
		"textoncolor" : [ 0.541176, 0.815686, 0.913725, 1 ],
		"textovercolor" : [ 0.922234290352602, 0.71007200526417, 0.329758341965716, 1 ],
		"usebgoncolor" : 0,
		"usetextovercolor" : 0
	}
,
	"sourceB" : 	{
		"patching_rect" : [ 93, 136, 44, 18 ],
		"hidden" : 0,
		"bgcolor" : [ 0.125, 0.125, 0.125, 1 ],
		"bgoncolor" : [ 0.221327066888467, 0.221327006361825, 0.221327022178404, 1 ],
		"fontsize" : 12,
		"legacytextcolor" : 0,
		"textcolor" : [ 0.541176, 0.815686, 0.913725, 1 ],
		"textoncolor" : [ 0.541176, 0.815686, 0.913725, 1 ],
		"textovercolor" : [ 0.922234290352602, 0.71007200526417, 0.329758341965716, 1 ],
		"usebgoncolor" : 0,
		"usetextovercolor" : 0
	}
,
	"waveA" : 	{
		"patching_rect" : [ 0, 34, 137, 39 ],
		"hidden" : 0,
		"bgcolor" : [ 0.125, 0.125, 0.125, 1 ],
		"fontsize" : 10,
		"gridcolor" : [ 0.221327066888467, 0.221327006361825, 0.221327022178404, 1 ],
		"reflectioncolor" : [ 0.458595350062755, 0.458595237564901, 0.458595266962388, 1 ],
		"selectioncolor" : [ 0.922234290352602, 0.71007200526417, 0.329758341965716, 1 ],
		"waveformcolor" : [ 0.618934978328545, 0.744701397656435, 0.953750108255376, 1 ]
	}
,
	"waveB" : 	{
		"patching_rect" : [ 0, 96, 137, 39 ],
		"hidden" : 0,
		"bgcolor" : [ 0.125, 0.125, 0.125, 1 ],
		"fontsize" : 10,
		"gridcolor" : [ 0.221327066888467, 0.221327006361825, 0.221327022178404, 1 ],
		"reflectioncolor" : [ 0.458595350062755, 0.458595237564901, 0.458595266962388, 1 ],
		"selectioncolor" : [ 0.922234290352602, 0.71007200526417, 0.329758341965716, 1 ],
		"waveformcolor" : [ 0.618934978328545, 0.744701397656435, 0.953750108255376, 1 ]
	}
,
	"faderA" : 	{
		"patching_rect" : [ 12, 74, 108, 10 ],
		"hidden" : 0,
		"bgcolor" : [ 0.125, 0.125, 0.125, 1 ],
		"drawoffcolor" : 0,
		"elementcolor" : [ 0.221327066888467, 0.221327006361825, 0.221327022178404, 1 ],
		"knobcolor" : [ 0.618934978328545, 0.744701397656435, 0.953750108255376, 1 ]
	}
,
	"faderB" : 	{
		"patching_rect" : [ 12, 85, 108, 10 ],
		"hidden" : 0,
		"bgcolor" : [ 0.125, 0.125, 0.125, 1 ],
		"drawoffcolor" : 0,
		"elementcolor" : [ 0.221327066888467, 0.221327006361825, 0.221327022178404, 1 ],
		"knobcolor" : [ 0.618934978328545, 0.744701397656435, 0.953750108255376, 1 ]
	}

}
