{
	"window" : [ 2, 414, 809, 708 ],
	"1st_freq" : 	{
		"patching_rect" : [ 761, 88, 50, 19 ],
		"hidden" : 0,
		"applycolors" : 0,
		"bgfillcolor" : 		{
			"type" : "gradient",
			"color1" : [ 0.301961, 0.301961, 0.301961, 1 ],
			"color2" : [ 0.2, 0.2, 0.2, 1 ],
			"color" : [ 0.2, 0.2, 0.2, 1 ]
		}
,
		"color" : [ 0.618934978328545, 0.744701397656435, 0.953750108255376, 1 ],
		"elementcolor" : [ 0.34902, 0.34902, 0.34902, 1.0 ],
		"fontsize" : 9.0,
		"textcolor" : [ 0.968627, 0.968627, 0.968627, 1.0 ]
	}
,
	"freqs" : 	{
		"patching_rect" : [ 510, 102, 301, 192 ],
		"hidden" : 0,
		"bgcolor" : [ 0.537254901960784, 0.270588235294118, 0.317647058823529, 1.0 ],
		"bordercolor" : [ 0.0, 0.0, 0.0, 1.0 ],
		"fontsize" : 16.0,
		"labelcolor" : [ 0.0, 0.0, 0.0, 1.0 ],
		"selectcolor" : [ 0.588235294117647, 0.701960784313725, 0.870588235294118, 0.470588235294118 ],
		"slidercolor" : [ 0.0, 0.0, 0.0, 1.0 ],
		"slidercolornofocus" : [ 0.964706, 0.964706, 0.964706, 1.0 ],
		"textcolor" : [ 0.0, 0.0, 0.0, 1.0 ],
		"textcolornofocus" : [ 0.94902, 0.94902, 0.94902, 0.956863 ]
	}
,
	"multib" : 	{
		"patching_rect" : [ 257, 86, 70, 208 ],
		"hidden" : 0,
		"bgcolors" : 1,
		"fontsize" : 14,
		"gridcolor" : [ 0.4, 0.4, 0.4, 1 ],
		"headercolors" : 3,
		"jsarguments" : [ "@params", "interpolate", "trigger_sel", "trigger", "loop", "ext_vol", "@modes", "tog_i_i", "tog_s_s", "button_t", "tog_l_l", "tog_e_e", "@rows", 12, "@header", 1 ],
		"oncolors" : [ 4, 2, 2, 5, 4 ]
	}
,
	"1st_freq_env" : 	{
		"patching_rect" : [ 207, 86, 26, 19 ],
		"hidden" : 0,
		"applycolors" : 0,
		"bgfillcolor" : 		{
			"type" : "gradient",
			"color1" : [ 0.301961, 0.301961, 0.301961, 1 ],
			"color2" : [ 0.2, 0.2, 0.2, 1 ],
			"color" : [ 0.2, 0.2, 0.2, 1 ]
		}
,
		"color" : [ 0.618934978328545, 0.744701397656435, 0.953750108255376, 1 ],
		"elementcolor" : [ 0.34902, 0.34902, 0.34902, 1.0 ],
		"fontsize" : 9.0,
		"textcolor" : [ 0.968627, 0.968627, 0.968627, 1.0 ]
	}
,
	"midi_note" : 	{
		"patching_rect" : [ 511, 53, 32, 20 ],
		"hidden" : 0,
		"bgcolor" : [ 0.2, 0.2, 0.2, 1.0 ],
		"fontsize" : 10.0,
		"htricolor" : [ 0.929412, 0.929412, 0.352941, 1.0 ],
		"textcolor" : [ 0.968627, 0.968627, 0.968627, 1.0 ],
		"tricolor" : [ 0.501961, 0.501961, 0.501961, 1.0 ]
	}
,
	"freq_function" : 	{
		"patching_rect" : [ 541, 52, 39, 20 ],
		"hidden" : 0,
		"applycolors" : 0,
		"bgfillcolor" : 		{
			"type" : "gradient",
			"color1" : [ 0.301961, 0.301961, 0.301961, 1 ],
			"color2" : [ 0.2, 0.2, 0.2, 1 ],
			"color" : [ 0.2, 0.2, 0.2, 1 ]
		}
,
		"color" : [ 0.618934978328545, 0.744701397656435, 0.953750108255376, 1 ],
		"elementcolor" : [ 0.34902, 0.34902, 0.34902, 1.0 ],
		"fontsize" : 10.0,
		"textcolor" : [ 0.968627, 0.968627, 0.968627, 1.0 ]
	}
,
	"preset-ramp" : 	{
		"patching_rect" : [ 756, 52, 54, 15 ],
		"hidden" : 0,
		"bgcolor" : [ 1.0, 1.0, 1.0, 1.0 ],
		"bordercolor" : [ 0.5, 0.5, 0.5, 1.0 ],
		"fontsize" : 12.0,
		"labelcolor" : [ 0.0, 0.0, 0.0, 1.0 ],
		"selectcolor" : [ 0.45, 0.67, 1.0, 0.47 ],
		"slidercolor" : [ 0.0, 0.0, 0.0, 1.0 ],
		"slidercolornofocus" : [ 0.48, 0.48, 0.48, 0.55 ],
		"textcolor" : [ 0.0, 0.0, 0.0, 1.0 ],
		"textcolornofocus" : [ 0.48, 0.48, 0.48, 0.79 ]
	}
,
	"presets" : 	{
		"patching_rect" : [ 695, 1, 116, 51 ],
		"hidden" : 0,
		"jsarguments" : [ 12, "255 255 255", "50 50 50", "255 0 0", "0 255 0", "sinsE1" ]
	}
,
	"zero_ext" : 	{
		"patching_rect" : [ 327, 86, 25, 15 ],
		"hidden" : 0,
		"bgcolor" : [ 0.862745, 0.372549, 0.337255, 1.0 ],
		"bgoncolor" : [ 0.55, 0.55, 0.55, 1.0 ],
		"fontsize" : 12.0,
		"legacytextcolor" : 1,
		"textcolor" : [ 0.0, 0.0, 0.0, 1.0 ],
		"textoncolor" : [ 1.0, 1.0, 1.0, 1.0 ],
		"textovercolor" : [ 0.0, 0.0, 0.0, 1.0 ],
		"usebgoncolor" : 1,
		"usetextovercolor" : 1
	}
,
	"zero_vols" : 	{
		"patching_rect" : [ 353, 86, 48, 15 ],
		"hidden" : 0,
		"bgcolor" : [ 0.333333, 0.537255, 0.960784, 1.0 ],
		"bgoncolor" : [ 0.55, 0.55, 0.55, 1.0 ],
		"fontsize" : 12.0,
		"legacytextcolor" : 1,
		"textcolor" : [ 0.0, 0.0, 0.0, 1.0 ],
		"textoncolor" : [ 1.0, 1.0, 1.0, 1.0 ],
		"textovercolor" : [ 0.0, 0.0, 0.0, 1.0 ],
		"usebgoncolor" : 1,
		"usetextovercolor" : 1
	}
,
	"vols_LCD_p" : 	{
		"patching_rect" : [ 179, 449, 78, 20 ],
		"hidden" : 1
	}
,
	"trigger" : 	{
		"patching_rect" : [ 241, 86, 19, 20 ],
		"hidden" : 0,
		"bgcolor" : [ 1.0, 1.0, 1.0, 0.0 ],
		"fontsize" : 10.0,
		"htricolor" : [ 0.87, 0.82, 0.24, 1.0 ],
		"textcolor" : [ 0.823529, 0.823529, 0.823529, 1.0 ],
		"tricolor" : [ 0.75, 0.75, 0.75, 1.0 ]
	}
,
	"freq_ramp" : 	{
		"patching_rect" : [ 661, 74, 99, 14 ],
		"hidden" : 0,
		"bgcolor" : [ 0.866667, 0.376471, 0.376471, 1.0 ],
		"bordercolor" : [ 0.0, 0.0, 0.0, 1.0 ],
		"fontsize" : 12.0,
		"labelcolor" : [ 0.0, 0.0, 0.0, 1.0 ],
		"selectcolor" : [ 0.45, 0.67, 1.0, 0.47 ],
		"slidercolor" : [ 0.0, 0.0, 0.0, 1.0 ],
		"slidercolornofocus" : [ 0.768627, 0.768627, 0.768627, 0.72549 ],
		"textcolor" : [ 0.0, 0.0, 0.0, 1.0 ],
		"textcolornofocus" : [ 0.964706, 0.964706, 0.964706, 0.898039 ]
	}
,
	"vols" : 	{
		"patching_rect" : [ 327, 102, 183, 192 ],
		"hidden" : 0,
		"bgcolor" : [ 0.227450980392157, 0.227450980392157, 0.482352941176471, 1.0 ],
		"bordercolor" : [ 0.0, 0.0, 0.0, 1.0 ],
		"fontsize" : 16.0,
		"labelcolor" : [ 0.0, 0.0, 0.0, 1.0 ],
		"selectcolor" : [ 0.45, 0.67, 1.0, 0.47 ],
		"slidercolor" : [ 0.0, 0.0, 0.0, 1.0 ],
		"slidercolornofocus" : [ 0.964706, 0.964706, 0.964706, 1.0 ],
		"textcolor" : [ 0.0, 0.0, 0.0, 1.0 ],
		"textcolornofocus" : [ 0.94902, 0.94902, 0.94902, 0.956863 ]
	}
,
	"envfreqs" : 	{
		"patching_rect" : [ 0, 102, 207, 192 ],
		"hidden" : 0,
		"bgcolor" : [ 0.741176470588235, 0.572549019607843, 0.6, 1.0 ],
		"bordercolor" : [ 0.0, 0.0, 0.0, 1.0 ],
		"fontsize" : 16.0,
		"labelcolor" : [ 0.0, 0.0, 0.0, 1.0 ],
		"selectcolor" : [ 0.45, 0.67, 1.0, 0.47 ],
		"slidercolor" : [ 0.0, 0.0, 0.0, 1.0 ],
		"slidercolornofocus" : [ 0.964706, 0.964706, 0.964706, 1.0 ],
		"textcolor" : [ 0.0, 0.0, 0.0, 1.0 ],
		"textcolornofocus" : [ 0.94902, 0.94902, 0.94902, 0.956863 ]
	}
,
	"env_ramp" : 	{
		"patching_rect" : [ 144, 86, 62, 16 ],
		"hidden" : 0,
		"bgcolor" : [ 0.741176470588235, 0.572549019607843, 0.6, 1.0 ],
		"bordercolor" : [ 0.0, 0.0, 0.0, 1.0 ],
		"fontsize" : 14.0,
		"labelcolor" : [ 0.0, 0.0, 1.0, 1.0 ],
		"selectcolor" : [ 0.45, 0.67, 1.0, 0.47 ],
		"slidercolor" : [ 0.0, 0.0, 0.0, 1.0 ],
		"slidercolornofocus" : [ 0.768627, 0.768627, 0.768627, 0.72549 ],
		"textcolor" : [ 0.454347363945578, 0.126142644557823, 0.0, 1.0 ],
		"textcolornofocus" : [ 0.964706, 0.964706, 0.964706, 0.898039 ]
	}
,
	"vol_ramp" : 	{
		"patching_rect" : [ 511, 75, 128, 26 ],
		"hidden" : 0,
		"bgcolor" : [ 0.090196078431373, 0.227450980392157, 0.796078431372549, 1.0 ],
		"bordercolor" : [ 0.5, 0.5, 0.5, 1.0 ],
		"fontsize" : 13.0,
		"labelcolor" : [ 0.32549, 0.345098, 0.372549, 1.0 ],
		"selectcolor" : [ 0.45, 0.67, 1.0, 0.47 ],
		"slidercolor" : [ 0.0, 0.0, 0.0, 1.0 ],
		"slidercolornofocus" : [ 0.768627, 0.768627, 0.768627, 0.72549 ],
		"textcolor" : [ 0.0, 0.0, 0.0, 1.0 ],
		"textcolornofocus" : [ 0.964706, 0.964706, 0.964706, 0.898039 ]
	}
,
	"envfreqX" : 	{
		"patching_rect" : [ 0, 86, 144, 16 ],
		"hidden" : 0,
		"bgcolor" : [ 0.741176470588235, 0.572549019607843, 0.6, 1.0 ],
		"bordercolor" : [ 0.0, 0.0, 0.0, 1.0 ],
		"fontsize" : 14.0,
		"labelcolor" : [ 0.0, 0.0, 0.0, 1.0 ],
		"selectcolor" : [ 0.45, 0.67, 1.0, 0.47 ],
		"slidercolor" : [ 0.0, 0.0, 0.0, 1.0 ],
		"slidercolornofocus" : [ 0.964706, 0.964706, 0.964706, 1.0 ],
		"textcolor" : [ 0.0, 0.0, 0.0, 1.0 ],
		"textcolornofocus" : [ 0.94902, 0.94902, 0.94902, 0.956863 ]
	}
,
	"select_2D" : 	{
		"patching_rect" : [ 510, 0, 56, 16 ],
		"hidden" : 0,
		"bgcolor" : [ 0.72549, 0.72549, 0.72549, 1.0 ],
		"bgoncolor" : [ 0.113725, 0.72549, 0.0, 1.0 ],
		"fontsize" : 9.0,
		"legacytextcolor" : 1,
		"textcolor" : [ 0.0, 0.0, 0.0, 1.0 ],
		"textoncolor" : [ 0.0, 0.0, 0.0, 1.0 ],
		"textovercolor" : [ 0.0, 0.0, 0.0, 1.0 ],
		"usebgoncolor" : 1,
		"usetextovercolor" : 1
	}
,