{
	"window" : [ 724, 217, 994, 383 ],
	"presets" : 	{
		"patching_rect" : [ 139, 0, 128, 16 ],
		"hidden" : 0,
		"jsarguments" : [ 17, "255 255 255", "50 50 50", "255 0 0", "0 255 0" ]
	}
,
	"order" : 	{
		"patching_rect" : [ 2, 40, 47, 20 ],
		"hidden" : 0,
		"bgcolor" : [ 1, 1, 1, 1 ],
		"bordercolor" : [ 0.5, 0.5, 0.5, 1 ],
		"fontsize" : 10,
		"labelcolor" : [ 0, 0, 0, 1 ],
		"selectcolor" : [ 0.45, 0.67, 1, 0.47 ],
		"slidercolor" : [ 0, 0, 0, 1 ],
		"slidercolornofocus" : [ 0.48, 0.48, 0.48, 0.55 ],
		"textcolor" : [ 0, 0, 0, 1 ],
		"textcolornofocus" : [ 0.48, 0.48, 0.48, 0.79 ]
	}
,
	"1active" : 	{
		"patching_rect" : [ 2, 18, 20, 20 ],
		"hidden" : 0,
		"bgcolor" : [ 0.376187, 0.409384, 0.445165, 1 ],
		"bgoncolor" : [ 0.784314, 0.145098, 0.023529, 1 ],
		"fontsize" : 11,
		"legacytextcolor" : 0,
		"textcolor" : [ 1, 1, 1, 1 ],
		"textoncolor" : [ 0.618934978328545, 0.744701397656435, 0.953750108255376, 1 ],
		"textovercolor" : [ 0.922234290352602, 0.71007200526417, 0.329758341965716, 1 ],
		"usebgoncolor" : 1,
		"usetextovercolor" : 0
	}
,
	"2active" : 	{
		"patching_rect" : [ 24, 18, 20, 20 ],
		"hidden" : 0,
		"bgcolor" : [ 0.376187, 0.409384, 0.445165, 1 ],
		"bgoncolor" : [ 0.784314, 0.145098, 0.023529, 1 ],
		"fontsize" : 11,
		"legacytextcolor" : 0,
		"textcolor" : [ 1, 1, 1, 1 ],
		"textoncolor" : [ 0.618934978328545, 0.744701397656435, 0.953750108255376, 1 ],
		"textovercolor" : [ 0.922234290352602, 0.71007200526417, 0.329758341965716, 1 ],
		"usebgoncolor" : 1,
		"usetextovercolor" : 0
	}
,
	"3active" : 	{
		"patching_rect" : [ 46, 18, 20, 20 ],
		"hidden" : 0,
		"bgcolor" : [ 0.376187, 0.409384, 0.445165, 1 ],
		"bgoncolor" : [ 0.784314, 0.145098, 0.023529, 1 ],
		"fontsize" : 11,
		"legacytextcolor" : 0,
		"textcolor" : [ 1, 1, 1, 1 ],
		"textoncolor" : [ 0.618934978328545, 0.744701397656435, 0.953750108255376, 1 ],
		"textovercolor" : [ 0.922234290352602, 0.71007200526417, 0.329758341965716, 1 ],
		"usebgoncolor" : 1,
		"usetextovercolor" : 0
	}
,
	"4active" : 	{
		"patching_rect" : [ 68, 18, 20, 20 ],
		"hidden" : 0,
		"bgcolor" : [ 0.376187, 0.409384, 0.445165, 1 ],
		"bgoncolor" : [ 0.784314, 0.145098, 0.023529, 1 ],
		"fontsize" : 11,
		"legacytextcolor" : 0,
		"textcolor" : [ 1, 1, 1, 1 ],
		"textoncolor" : [ 0.618934978328545, 0.744701397656435, 0.953750108255376, 1 ],
		"textovercolor" : [ 0.922234290352602, 0.71007200526417, 0.329758341965716, 1 ],
		"usebgoncolor" : 1,
		"usetextovercolor" : 0
	}
,
	"5active" : 	{
		"patching_rect" : [ 90, 18, 20, 20 ],
		"hidden" : 0,
		"bgcolor" : [ 0.376187, 0.409384, 0.445165, 1 ],
		"bgoncolor" : [ 0.784314, 0.145098, 0.023529, 1 ],
		"fontsize" : 11,
		"legacytextcolor" : 0,
		"textcolor" : [ 1, 1, 1, 1 ],
		"textoncolor" : [ 0.618934978328545, 0.744701397656435, 0.953750108255376, 1 ],
		"textovercolor" : [ 0.922234290352602, 0.71007200526417, 0.329758341965716, 1 ],
		"usebgoncolor" : 1,
		"usetextovercolor" : 0
	}
,
	"6active" : 	{
		"patching_rect" : [ 112, 18, 20, 20 ],
		"hidden" : 0,
		"bgcolor" : [ 0.376187, 0.409384, 0.445165, 1 ],
		"bgoncolor" : [ 0.784314, 0.145098, 0.023529, 1 ],
		"fontsize" : 11,
		"legacytextcolor" : 0,
		"textcolor" : [ 1, 1, 1, 1 ],
		"textoncolor" : [ 0.618934978328545, 0.744701397656435, 0.953750108255376, 1 ],
		"textovercolor" : [ 0.922234290352602, 0.71007200526417, 0.329758341965716, 1 ],
		"usebgoncolor" : 1,
		"usetextovercolor" : 0
	}
,
	"7active" : 	{
		"patching_rect" : [ 134, 18, 20, 20 ],
		"hidden" : 0,
		"bgcolor" : [ 0.376187, 0.409384, 0.445165, 1 ],
		"bgoncolor" : [ 0.784314, 0.145098, 0.023529, 1 ],
		"fontsize" : 11,
		"legacytextcolor" : 0,
		"textcolor" : [ 1, 1, 1, 1 ],
		"textoncolor" : [ 0.618934978328545, 0.744701397656435, 0.953750108255376, 1 ],
		"textovercolor" : [ 0.922234290352602, 0.71007200526417, 0.329758341965716, 1 ],
		"usebgoncolor" : 1,
		"usetextovercolor" : 0
	}
,
	"8active" : 	{
		"patching_rect" : [ 156, 18, 20, 20 ],
		"hidden" : 0,
		"bgcolor" : [ 0.376187, 0.409384, 0.445165, 1 ],
		"bgoncolor" : [ 0.784314, 0.145098, 0.023529, 1 ],
		"fontsize" : 11,
		"legacytextcolor" : 0,
		"textcolor" : [ 1, 1, 1, 1 ],
		"textoncolor" : [ 0.618934978328545, 0.744701397656435, 0.953750108255376, 1 ],
		"textovercolor" : [ 0.922234290352602, 0.71007200526417, 0.329758341965716, 1 ],
		"usebgoncolor" : 1,
		"usetextovercolor" : 0
	}
,
	"type" : 	{
		"patching_rect" : [ 177, 40, 92, 20 ],
		"hidden" : 0,
		"applycolors" : 0,
		"bgfillcolor" : 		{
			"type" : "gradient",
			"color1" : [ 0.172137149796092, 0.172137100044002, 0.172137113045018, 1 ],
			"color2" : [ 0.172137149796092, 0.172137100044002, 0.172137113045018, 1 ],
			"color" : [ 0.172137149796092, 0.172137100044002, 0.172137113045018, 1 ]
		}
,
		"color" : [ 0.618934978328545, 0.744701397656435, 0.953750108255376, 1 ],
		"elementcolor" : [ 0.221327066888467, 0.221327006361825, 0.221327022178404, 1 ],
		"fontsize" : 10,
		"textcolor" : [ 0.9, 0.9, 0.9, 1 ]
	}
,
	"distance_mode" : 	{
		"patching_rect" : [ 106, 124, 86, 20 ],
		"hidden" : 0,
		"applycolors" : 0,
		"bgfillcolor" : 		{
			"type" : "color",
			"color1" : [ 0.376471, 0.384314, 0.4, 1.0 ],
			"color2" : [ 0.290196, 0.309804, 0.301961, 1.0 ],
			"color" : [ 0.311041, 0.314599, 0.318357, 1.0 ],
			"angle" : 270.0,
			"autogradient" : 0.0,
			"proportion" : 0.39
		}
,
		"color" : [ 0.311041, 0.314599, 0.318357, 1 ],
		"elementcolor" : [ 0.311041, 0.314599, 0.318357, 1 ],
		"fontsize" : 10,
		"textcolor" : [ 1, 1, 1, 1 ]
	}
,
	"db_unit" : 	{
		"patching_rect" : [ 192.25, 124, 80, 20 ],
		"hidden" : 1,
		"bgcolor" : [ 1, 1, 1, 1 ],
		"bordercolor" : [ 0.5, 0.5, 0.5, 1 ],
		"fontsize" : 10,
		"labelcolor" : [ 0, 0, 0, 1 ],
		"selectcolor" : [ 0.45, 0.67, 1, 0.47 ],
		"slidercolor" : [ 0.784314, 0.145098, 0.023529, 1 ],
		"slidercolornofocus" : [ 0.48, 0.48, 0.48, 0.55 ],
		"textcolor" : [ 0, 0, 0, 1 ],
		"textcolornofocus" : [ 0.48, 0.48, 0.48, 0.79 ]
	}
,
	"dist_att" : 	{
		"patching_rect" : [ 192.25, 124, 80, 20 ],
		"hidden" : 0,
		"bgcolor" : [ 1, 1, 1, 1 ],
		"bordercolor" : [ 0.5, 0.5, 0.5, 1 ],
		"fontsize" : 10,
		"labelcolor" : [ 0, 0, 0, 1 ],
		"selectcolor" : [ 0.45, 0.67, 1, 0.47 ],
		"slidercolor" : [ 0.784314, 0.145098, 0.023529, 1 ],
		"slidercolornofocus" : [ 0.48, 0.48, 0.48, 0.55 ],
		"textcolor" : [ 0, 0, 0, 1 ],
		"textcolornofocus" : [ 0.48, 0.48, 0.48, 0.79 ]
	}
,
	"center_size" : 	{
		"patching_rect" : [ 2, 146, 90, 20 ],
		"hidden" : 0,
		"bgcolor" : [ 1, 1, 1, 1 ],
		"bordercolor" : [ 0.5, 0.5, 0.5, 1 ],
		"fontsize" : 10,
		"labelcolor" : [ 0, 0, 0, 1 ],
		"selectcolor" : [ 0.45, 0.67, 1, 0.47 ],
		"slidercolor" : [ 0.784314, 0.145098, 0.023529, 1 ],
		"slidercolornofocus" : [ 0.48, 0.48, 0.48, 0.55 ],
		"textcolor" : [ 0, 0, 0, 1 ],
		"textcolornofocus" : [ 0.48, 0.48, 0.48, 0.79 ]
	}
,
	"center_curve" : 	{
		"patching_rect" : [ 182.25, 146, 90, 20 ],
		"hidden" : 0,
		"bgcolor" : [ 1, 1, 1, 1 ],
		"bordercolor" : [ 0.5, 0.5, 0.5, 1 ],
		"fontsize" : 10,
		"labelcolor" : [ 0, 0, 0, 1 ],
		"selectcolor" : [ 0.45, 0.67, 1, 0.47 ],
		"slidercolor" : [ 0.784314, 0.145098, 0.023529, 1 ],
		"slidercolornofocus" : [ 0.48, 0.48, 0.48, 0.55 ],
		"textcolor" : [ 0, 0, 0, 1 ],
		"textcolornofocus" : [ 0.48, 0.48, 0.48, 0.79 ]
	}
,
	"center_att_db" : 	{
		"patching_rect" : [ 92, 146, 90, 20 ],
		"hidden" : 0,
		"bgcolor" : [ 1, 1, 1, 1 ],
		"bordercolor" : [ 0.5, 0.5, 0.5, 1 ],
		"fontsize" : 10,
		"labelcolor" : [ 0, 0, 0, 1 ],
		"selectcolor" : [ 0.45, 0.67, 1, 0.47 ],
		"slidercolor" : [ 0.784314, 0.145098, 0.023529, 1 ],
		"slidercolornofocus" : [ 0.48, 0.48, 0.48, 0.55 ],
		"textcolor" : [ 0, 0, 0, 1 ],
		"textcolornofocus" : [ 0.48, 0.48, 0.48, 0.79 ]
	}
,
	"distance_graph" : 	{
		"patching_rect" : [ 2, 62, 270, 60 ],
		"hidden" : 0
	}
,
	"gain" : 	{
		"patching_rect" : [ 178, 18, 89, 20 ],
		"hidden" : 0,
		"bgcolor" : [ 1, 1, 1, 1 ],
		"bordercolor" : [ 0.5, 0.5, 0.5, 1 ],
		"fontsize" : 10,
		"labelcolor" : [ 0, 0, 0, 1 ],
		"selectcolor" : [ 0.45, 0.67, 1, 0.47 ],