{
	"window" : [ 202, 494, 402, 730 ],
	"presets" : 	{
		"patching_rect" : [ 77, 0, 113, 16 ],
		"hidden" : 0,
		"jsarguments" : [ 15, "255 255 255", "50 50 50", "255 0 0", "0 255 0", "analyze@1" ]
	}
,
	"loudness_display1" : 	{
		"patching_rect" : [ 0, 73, 67, 39 ],
		"hidden" : 0,
		"bgcolor" : [ 0.67451, 0, 0.839216, 1 ],
		"peakcolor" : [ 0.498039, 0.498039, 0.498039, 1 ],
		"slidercolor" : [ 0.937255, 0.937255, 0.937255, 1 ]
	}
,
	"brigthness_display1" : 	{
		"patching_rect" : [ 66, 73, 67, 39 ],
		"hidden" : 0,
		"bgcolor" : [ 0.909804, 0.615686, 0, 1 ],
		"peakcolor" : [ 0.498039, 0.498039, 0.498039, 1 ],
		"slidercolor" : [ 1, 1, 1, 1 ]
	}
,
	"loudness_display2" : 	{
		"patching_rect" : [ 0, 168, 67, 36 ],
		"hidden" : 0,
		"bgcolor" : [ 0.67451, 0, 0.839216, 1 ],
		"peakcolor" : [ 0.498039, 0.498039, 0.498039, 1 ],
		"slidercolor" : [ 1, 1, 1, 1 ]
	}
,
	"loudness_send-act" : 	{
		"patching_rect" : [ 0, 204, 67, 19 ],
		"hidden" : 0,
		"applycolors" : 0,
		"bgfillcolor" : 		{
			"type" : "color",
			"color1" : [ 0.376471, 0.384314, 0.4, 1.0 ],
			"color2" : [ 0.290196, 0.309804, 0.301961, 1.0 ],
			"color" : [ 0.284893, 1.0, 0.0, 1.0 ],
			"angle" : 270.0,
			"proportion" : 0.39
		}
,
		"color" : [ 0.618934978328545, 0.744701397656435, 0.953750108255376, 1 ],
		"elementcolor" : [ 0.221327066888467, 0.221327006361825, 0.221327022178404, 1 ],
		"fontsize" : 9,
		"textcolor" : [ 0.149, 0.149, 0.149, 1 ]
	}
,
	"loudness_send-par" : 	{
		"patching_rect" : [ 0, 219, 46, 19 ],
		"hidden" : 0,
		"applycolors" : 0,
		"bgfillcolor" : 		{
			"type" : "color",
			"color1" : [ 0.376471, 0.384314, 0.4, 1.0 ],
			"color2" : [ 0.290196, 0.309804, 0.301961, 1.0 ],
			"color" : [ 0.284893, 1.0, 0.0, 1.0 ],
			"angle" : 270.0,
			"proportion" : 0.39
		}
,
		"color" : [ 0.618934978328545, 0.744701397656435, 0.953750108255376, 1 ],
		"elementcolor" : [ 0.221327066888467, 0.221327006361825, 0.221327022178404, 1 ],
		"fontsize" : 9,
		"textcolor" : [ 0.149, 0.149, 0.149, 1 ]
	}
,
	"loudness_in-low" : 	{
		"patching_rect" : [ 0, 120, 34, 19 ],
		"hidden" : 0,
		"bgcolor" : [ 0.67451, 0, 0.839216, 1 ],
		"fontsize" : 9,
		"htricolor" : [ 0.87, 0.82, 0.24, 1 ],
		"textcolor" : [ 1, 1, 1, 1 ],
		"tricolor" : [ 0.75, 0.75, 0.75, 1 ]
	}
,
	"loudness_in-high" : 	{
		"patching_rect" : [ 33, 121, 34, 19 ],
		"hidden" : 0,
		"bgcolor" : [ 0.67451, 0, 0.839216, 1 ],
		"fontsize" : 9,
		"htricolor" : [ 0.87, 0.82, 0.24, 1 ],
		"textcolor" : [ 1, 1, 1, 1 ],
		"tricolor" : [ 0.75, 0.75, 0.75, 1 ]
	}
,
	"loudness_out-low" : 	{
		"patching_rect" : [ 0, 137, 34, 19 ],
		"hidden" : 0,
		"bgcolor" : [ 0.67451, 0, 0.839216, 1 ],
		"fontsize" : 9,
		"htricolor" : [ 0.87, 0.82, 0.24, 1 ],
		"textcolor" : [ 1, 1, 1, 1 ],
		"tricolor" : [ 0.75, 0.75, 0.75, 1 ]
	}
,
	"loudness_out-high" : 	{
		"patching_rect" : [ 33, 138, 34, 19 ],
		"hidden" : 0,
		"bgcolor" : [ 0.67451, 0, 0.839216, 1 ],
		"fontsize" : 9,
		"htricolor" : [ 0.87, 0.82, 0.24, 1 ],
		"textcolor" : [ 1, 1, 1, 1 ],
		"tricolor" : [ 0.75, 0.75, 0.75, 1 ]
	}
,
	"loudness_log" : 	{
		"patching_rect" : [ -1, 152, 28, 19 ],
		"hidden" : 0,
		"bgcolor" : [ 0.67451, 0, 0.839216, 1 ],
		"fontsize" : 9,
		"htricolor" : [ 0.87, 0.82, 0.24, 1 ],
		"textcolor" : [ 1, 1, 1, 1 ],
		"tricolor" : [ 0.75, 0.75, 0.75, 1 ]
	}
,
	"brightness_in-low" : 	{
		"patching_rect" : [ 66, 121, 34, 19 ],
		"hidden" : 0,
		"bgcolor" : [ 0.909804, 0.615686, 0, 1 ],
		"fontsize" : 9,
		"htricolor" : [ 0.87, 0.82, 0.24, 1 ],
		"textcolor" : [ 1, 1, 1, 1 ],
		"tricolor" : [ 0.75, 0.75, 0.75, 1 ]
	}
,
	"brightness_in-high" : 	{
		"patching_rect" : [ 99, 121, 34, 19 ],
		"hidden" : 0,
		"bgcolor" : [ 0.909804, 0.615686, 0, 1 ],
		"fontsize" : 9,
		"htricolor" : [ 0.87, 0.82, 0.24, 1 ],
		"textcolor" : [ 1, 1, 1, 1 ],
		"tricolor" : [ 0.75, 0.75, 0.75, 1 ]
	}
,
	"brightness_out-low" : 	{
		"patching_rect" : [ 66, 138, 34, 19 ],
		"hidden" : 0,
		"bgcolor" : [ 0.909804, 0.615686, 0, 1 ],
		"fontsize" : 9,
		"htricolor" : [ 0.87, 0.82, 0.24, 1 ],
		"textcolor" : [ 1, 1, 1, 1 ],
		"tricolor" : [ 0.75, 0.75, 0.75, 1 ]
	}
,
	"brightness_out-high" : 	{
		"patching_rect" : [ 99, 138, 34, 19 ],
		"hidden" : 0,
		"bgcolor" : [ 0.909804, 0.615686, 0, 1 ],
		"fontsize" : 9,
		"htricolor" : [ 0.87, 0.82, 0.24, 1 ],
		"textcolor" : [ 1, 1, 1, 1 ],
		"tricolor" : [ 0.75, 0.75, 0.75, 1 ]
	}
,
	"brightness_log" : 	{
		"patching_rect" : [ 65, 154, 28, 19 ],
		"hidden" : 0,
		"bgcolor" : [ 0.909804, 0.615686, 0, 1 ],
		"fontsize" : 9,
		"htricolor" : [ 0.87, 0.82, 0.24, 1 ],
		"textcolor" : [ 1, 1, 1, 1 ],
		"tricolor" : [ 0.75, 0.75, 0.75, 1 ]
	}
,
	"brightness_display2" : 	{
		"patching_rect" : [ 66, 168, 67, 36 ],
		"hidden" : 0,
		"bgcolor" : [ 0.909804, 0.615686, 0, 1 ],
		"peakcolor" : [ 0.498039, 0.498039, 0.498039, 1 ],
		"slidercolor" : [ 1, 1, 1, 1 ]
	}
,
	"brightness_send-act" : 	{
		"patching_rect" : [ 66, 204, 67, 19 ],
		"hidden" : 0,
		"applycolors" : 0,
		"bgfillcolor" : 		{
			"type" : "color",
			"color1" : [ 0.376471, 0.384314, 0.4, 1.0 ],
			"color2" : [ 0.290196, 0.309804, 0.301961, 1.0 ],
			"color" : [ 0.284893, 1.0, 0.0, 1.0 ],
			"angle" : 270.0,
			"proportion" : 0.39
		}
,
		"color" : [ 0.618934978328545, 0.744701397656435, 0.953750108255376, 1 ],
		"elementcolor" : [ 0.221327066888467, 0.221327006361825, 0.221327022178404, 1 ],
		"fontsize" : 9,
		"textcolor" : [ 0.149, 0.149, 0.149, 1 ]
	}
,
	"brightness_send-par" : 	{
		"patching_rect" : [ 66, 219, 46, 19 ],
		"hidden" : 0,
		"applycolors" : 0,
		"bgfillcolor" : 		{
			"type" : "color",
			"color1" : [ 0.376471, 0.384314, 0.4, 1.0 ],
			"color2" : [ 0.290196, 0.309804, 0.301961, 1.0 ],
			"color" : [ 0.284893, 1.0, 0.0, 1.0 ],
			"angle" : 270.0,
			"proportion" : 0.39
		}
,
		"color" : [ 0.618934978328545, 0.744701397656435, 0.953750108255376, 1 ],
		"elementcolor" : [ 0.221327066888467, 0.221327006361825, 0.221327022178404, 1 ],
		"fontsize" : 9,
		"textcolor" : [ 0.149, 0.149, 0.149, 1 ]
	}
,
	"noisiness_display1" : 	{
		"patching_rect" : [ 132, 73, 67, 39 ],
		"hidden" : 0,
		"bgcolor" : [ 0.043137, 0.733333, 0.086275, 1 ],
		"peakcolor" : [ 0.043137, 0.733333, 0.086275, 1 ],
		"slidercolor" : [ 1, 1, 1, 1 ]
	}
,
	"noisiness_in-low" : 	{
		"patching_rect" : [ 132, 121, 34, 19 ],
		"hidden" : 0,
		"bgcolor" : [ 0.043137, 0.733333, 0.086275, 1 ],
		"fontsize" : 9,
		"htricolor" : [ 0.87, 0.82, 0.24, 1 ],
		"textcolor" : [ 1, 1, 1, 1 ],
		"tricolor" : [ 0.75, 0.75, 0.75, 1 ]
	}
,
	"noisiness_in-high" : 	{
		"patching_rect" : [ 165, 121, 34, 19 ],
		"hidden" : 0,
		"bgcolor" : [ 0.043137, 0.733333, 0.086275, 1 ],
		"fontsize" : 9,
		"htricolor" : [ 0.87, 0.82, 0.24, 1 ],
		"textcolor" : [ 1, 1, 1, 1 ],
		"tricolor" : [ 0.75, 0.75, 0.75, 1 ]
	}
,
	"noisiness_out-low" : 	{
		"patching_rect" : [ 132, 138, 34, 19 ],
		"hidden" : 0,
		"bgcolor" : [ 0.043137, 0.733333, 0.086275, 1 ],
		"fontsize" : 9,
		"htricolor" : [ 0.87, 0.82, 0.24, 1 ],
		"textcolor" : [ 1, 1, 1, 1 ],
		"tricolor" : [ 0.75, 0.75, 0.75, 1 ]
	}
,
	"noisiness_out-high" : 	{
		"patching_rect" : [ 165, 138, 34, 19 ],
		"hidden" : 0,
		"bgcolor" : [ 0.086275, 0.733333, 0.086275, 1 ],
		"fontsize" : 9,
		"htricolor" : [ 0.87, 0.82, 0.24, 1 ],
		"textcolor" : [ 1, 1, 1, 1 ],
		"tricolor" : [ 0.75, 0.75, 0.75, 1 ]
	}
,
	"noisiness_log" : 	{
		"patching_rect" : [ 131, 154, 28, 19 ],
		"hidden" : 0,
		"bgcolor" : [ 0.043137, 0.733333, 0.086275, 1 ],
		"fontsize" : 9,
		"htricolor" : [ 0.87, 0.82, 0.24, 1 ],
		"textcolor" : [ 1, 1, 1, 1 ],
		"tricolor" : [ 0.75, 0.75, 0.75, 1 ]
	}
,
	"noisiness_display2" : 	{
		"patching_rect" : [ 132, 168, 67, 36 ],
		"hidden" : 0,
		"bgcolor" : [ 0.043137, 0.698039, 0.086275, 1 ],
		"peakcolor" : [ 0.498039, 0.498039, 0.498039, 1 ],
		"slidercolor" : [ 1, 1, 1, 1 ]
	}
,
	"noisiness_send-act" : 	{
		"patching_rect" : [ 132, 204, 67, 19 ],
		"hidden" : 0,
		"applycolors" : 0,
		"bgfillcolor" : 		{
			"type" : "color",
			"color1" : [ 0.376471, 0.384314, 0.4, 1.0 ],