{
	"window" : [ 253, 479, 553, 586 ],
	"result" : 	{
		"patching_rect" : [ 23, 85, 53, 21 ],
		"hidden" : 1,
		"bgcolor" : [ 0.960784, 0.439216, 0.478431, 1 ],
		"fontsize" : 11,
		"htricolor" : [ 0.87, 0.82, 0.24, 1 ],
		"textcolor" : [ 0, 0, 0, 1 ],
		"tricolor" : [ 0.75, 0.75, 0.75, 1 ]
	}
,
	"act_menu" : 	{
		"patching_rect" : [ 75, 85, 50, 21 ],
		"hidden" : 0,
		"applycolors" : 0,
		"bgfillcolor" : 		{
			"type" : "color",
			"color1" : [ 0.376471, 0.384314, 0.4, 1.0 ],
			"color2" : [ 0.290196, 0.309804, 0.301961, 1.0 ],
			"color" : [ 0.023529, 0.0, 0.847059, 1.0 ],
			"angle" : 270.0,
			"proportion" : 0.39
		}
,
		"color" : [ 0.618934978328545, 0.744701397656435, 0.953750108255376, 1 ],
		"elementcolor" : [ 0.221327066888467, 0.221327006361825, 0.221327022178404, 1 ],
		"fontsize" : 11,
		"textcolor" : [ 1, 1, 1, 1 ]
	}
,
	"par_menu" : 	{
		"patching_rect" : [ 127, 85, 50, 21 ],
		"hidden" : 0,
		"applycolors" : 0,
		"bgfillcolor" : 		{
			"type" : "color",
			"color1" : [ 0.376471, 0.384314, 0.4, 1.0 ],
			"color2" : [ 0.290196, 0.309804, 0.301961, 1.0 ],
			"color" : [ 0.023529, 0.0, 0.847059, 1.0 ],
			"angle" : 270.0,
			"proportion" : 0.39
		}
,
		"color" : [ 0.618934978328545, 0.744701397656435, 0.953750108255376, 1 ],
		"elementcolor" : [ 0.221327066888467, 0.221327006361825, 0.221327022178404, 1 ],
		"fontsize" : 11,
		"textcolor" : [ 1, 1, 1, 1 ]
	}
,
	"preset-ramp" : 	{
		"patching_rect" : [ 198, 0, 65, 16 ],
		"hidden" : 0,
		"bgcolor" : [ 1, 1, 1, 1 ],
		"bordercolor" : [ 0.5, 0.5, 0.5, 1 ],
		"fontsize" : 12,
		"labelcolor" : [ 0, 0, 0, 1 ],
		"selectcolor" : [ 0.45, 0.67, 1, 0.47 ],
		"slidercolor" : [ 0, 0, 0, 1 ],
		"slidercolornofocus" : [ 0.48, 0.48, 0.48, 0.55 ],
		"textcolor" : [ 0, 0, 0, 1 ],
		"textcolornofocus" : [ 0.48, 0.48, 0.48, 0.79 ]
	}
,
	"presets" : 	{
		"patching_rect" : [ 47, 0, 150, 16 ],
		"hidden" : 0,
		"jsarguments" : [ 14, "255 255 255", "50 50 50", "255 0 0", "0 255 0", "op@1" ]
	}
,
	"left" : 	{
		"patching_rect" : [ 23, 16, 73, 21 ],
		"hidden" : 1,
		"bgcolor" : [ 0.960784, 0.439216, 0.478431, 1 ],
		"fontsize" : 11,
		"htricolor" : [ 0.87, 0.82, 0.24, 1 ],
		"textcolor" : [ 0, 0, 0, 1 ],
		"tricolor" : [ 0.75, 0.75, 0.75, 1 ]
	}
,
	"left~ui" : 	{
		"patching_rect" : [ 6, 16, 69, 21 ],
		"hidden" : 0,
		"bgcolor" : [ 1, 0.890196, 0.329412, 1 ],
		"fontsize" : 11,
		"textcolor" : [ 0, 0, 0, 1 ]
	}
,
	"leftMode" : 	{
		"patching_rect" : [ 0, 16, 21, 21 ],
		"hidden" : 0,
		"bgcolor" : [ 0.901961, 0.701961, 0.329412, 1 ],
		"bgoncolor" : [ 1, 0, 0, 1 ],
		"fontsize" : 14,
		"legacytextcolor" : 1,
		"textcolor" : [ 1, 1, 1, 1 ],
		"textoncolor" : [ 1, 1, 1, 1 ],
		"textovercolor" : [ 0, 0, 0, 1 ],
		"usebgoncolor" : 1,
		"usetextovercolor" : 1
	}
,
	"act_menu2" : 	{
		"patching_rect" : [ 75, 85, 50, 21 ],
		"hidden" : 1,
		"applycolors" : 0,
		"bgfillcolor" : 		{
			"type" : "color",
			"color1" : [ 0.376471, 0.384314, 0.4, 1.0 ],
			"color2" : [ 0.290196, 0.309804, 0.301961, 1.0 ],
			"color" : [ 0.294118, 1.0, 0.294118, 1.0 ],
			"angle" : 270.0,
			"proportion" : 0.39
		}
,
		"color" : [ 0.618934978328545, 0.744701397656435, 0.953750108255376, 1 ],
		"elementcolor" : [ 0.221327066888467, 0.221327006361825, 0.221327022178404, 1 ],
		"fontsize" : 11,
		"textcolor" : [ 0, 0, 0, 1 ]
	}
,
	"par_menu2" : 	{
		"patching_rect" : [ 127, 85, 50, 21 ],
		"hidden" : 1,
		"applycolors" : 0,
		"bgfillcolor" : 		{
			"type" : "color",
			"color1" : [ 0.376471, 0.384314, 0.4, 1.0 ],
			"color2" : [ 0.290196, 0.309804, 0.301961, 1.0 ],
			"color" : [ 0.294118, 1.0, 0.294118, 1.0 ],
			"angle" : 270.0,
			"proportion" : 0.39
		}
,
		"color" : [ 0.618934978328545, 0.744701397656435, 0.953750108255376, 1 ],
		"elementcolor" : [ 0.221327066888467, 0.221327006361825, 0.221327022178404, 1 ],
		"fontsize" : 11,
		"textcolor" : [ 0, 0, 0, 1 ]
	}
,
	"result~ui" : 	{
		"patching_rect" : [ 6, 85, 69, 21 ],
		"hidden" : 0,
		"bgcolor" : [ 1, 0.890196, 0.32549, 1 ],
		"fontsize" : 11,
		"textcolor" : [ 0, 0, 0, 1 ]
	}
,
	"right" : 	{
		"patching_rect" : [ 208, 16, 73, 21 ],
		"hidden" : 0,
		"bgcolor" : [ 0.960784, 0.439216, 0.478431, 1 ],
		"fontsize" : 11,
		"htricolor" : [ 0.87, 0.82, 0.24, 1 ],
		"textcolor" : [ 0, 0, 0, 1 ],
		"tricolor" : [ 0.75, 0.75, 0.75, 1 ]
	}
,
	"right~ui" : 	{
		"patching_rect" : [ 191, 16, 69, 21 ],
		"hidden" : 1,
		"bgcolor" : [ 1, 0.890196, 0.329412, 1 ],
		"fontsize" : 11,
		"textcolor" : [ 0, 0, 0, 1 ]
	}
,
	"rightMode" : 	{
		"patching_rect" : [ 185, 16, 21, 21 ],
		"hidden" : 0,
		"bgcolor" : [ 0.901961, 0.701961, 0.329412, 1 ],
		"bgoncolor" : [ 1, 0, 0, 1 ],
		"fontsize" : 14,
		"legacytextcolor" : 1,
		"textcolor" : [ 1, 1, 1, 1 ],
		"textoncolor" : [ 1, 1, 1, 1 ],
		"textovercolor" : [ 0, 0, 0, 1 ],
		"usebgoncolor" : 1,
		"usetextovercolor" : 1
	}
,
	"op" : 	{
		"patching_rect" : [ 114, 16, 46, 21 ],
		"hidden" : 0,
		"applycolors" : 0,
		"bgfillcolor" : 		{
			"type" : "gradient",
			"color1" : [ 0.172137149796092, 0.172137100044002, 0.172137113045018, 1 ],
			"color2" : [ 0.172137149796092, 0.172137100044002, 0.172137113045018, 1 ],
			"color" : [ 0.172137149796092, 0.172137100044002, 0.172137113045018, 1 ]
		}
,
		"color" : [ 0.618934978328545, 0.744701397656435, 0.953750108255376, 1 ],
		"elementcolor" : [ 0.221327066888467, 0.221327006361825, 0.221327022178404, 1 ],
		"fontsize" : 11,
		"textcolor" : [ 0.9, 0.9, 0.9, 1 ]
	}
,
	"outMode" : 	{
		"patching_rect" : [ 0, 85, 21, 21 ],
		"hidden" : 0,
		"bgcolor" : [ 0.901961, 0.701961, 0.329412, 1 ],
		"bgoncolor" : [ 1, 0, 0, 1 ],
		"fontsize" : 14,
		"legacytextcolor" : 1,
		"textcolor" : [ 1, 1, 1, 1 ],
		"textoncolor" : [ 1, 1, 1, 1 ],
		"textovercolor" : [ 0, 0, 0, 1 ],
		"usebgoncolor" : 1,
		"usetextovercolor" : 1
	}
,
	"clipMode" : 	{
		"patching_rect" : [ 23, 62, 37, 21 ],
		"hidden" : 0,
		"applycolors" : 0,
		"bgfillcolor" : 		{
			"type" : "gradient",
			"color1" : [ 0.172137149796092, 0.172137100044002, 0.172137113045018, 1 ],
			"color2" : [ 0.172137149796092, 0.172137100044002, 0.172137113045018, 1 ],
			"color" : [ 0.172137149796092, 0.172137100044002, 0.172137113045018, 1 ]
		}
,
		"color" : [ 0.618934978328545, 0.744701397656435, 0.953750108255376, 1 ],
		"elementcolor" : [ 0.221327066888467, 0.221327006361825, 0.221327022178404, 1 ],
		"fontsize" : 11,
		"textcolor" : [ 0.9, 0.9, 0.9, 1 ]
	}
,
	"dcBlockPostOp" : 	{
		"patching_rect" : [ 0, 39, 21, 21 ],
		"hidden" : 0,
		"bgcolor" : [ 0.862745, 0.870588, 0.878431, 1 ],
		"bgoncolor" : [ 1, 0, 0, 1 ],
		"fontsize" : 8,
		"legacytextcolor" : 1,
		"textcolor" : [ 0, 0, 0, 1 ],
		"textoncolor" : [ 1, 1, 1, 1 ],
		"textovercolor" : [ 0, 0, 0, 1 ],
		"usebgoncolor" : 1,
		"usetextovercolor" : 1
	}
,
	"dcBlockPreA" : 	{
		"patching_rect" : [ 75, 16, 21, 21 ],
		"hidden" : 0,
		"bgcolor" : [ 0.862745, 0.870588, 0.878431, 1 ],
		"bgoncolor" : [ 1, 0, 0, 1 ],
		"fontsize" : 8,
		"legacytextcolor" : 1,
		"textcolor" : [ 0, 0, 0, 1 ],
		"textoncolor" : [ 1, 1, 1, 1 ],
		"textovercolor" : [ 0, 0, 0, 1 ],
		"usebgoncolor" : 1,
		"usetextovercolor" : 1
	}
,
	"dcBlockPreB" : 	{
		"patching_rect" : [ 260, 16, 21, 21 ],
		"hidden" : 1,
		"bgcolor" : [ 0.862745, 0.870588, 0.878431, 1 ],
		"bgoncolor" : [ 1, 0, 0, 1 ],
		"fontsize" : 8,
		"legacytextcolor" : 1,
		"textcolor" : [ 0, 0, 0, 1 ],
		"textoncolor" : [ 1, 1, 1, 1 ],
		"textovercolor" : [ 0, 0, 0, 1 ],
		"usebgoncolor" : 1,
		"usetextovercolor" : 1
	}
,
	"switchOps" : 	{
		"patching_rect" : [ 162, 16, 21, 21 ],
		"hidden" : 0,
		"bgcolor" : [ 0.862745, 0.870588, 0.878431, 1 ],
		"bgoncolor" : [ 1, 0, 0, 1 ],
		"fontsize" : 8,
		"legacytextcolor" : 1,
		"textcolor" : [ 0, 0, 0, 1 ],
		"textoncolor" : [ 1, 1, 1, 1 ],
		"textovercolor" : [ 0, 0, 0, 1 ],
		"usebgoncolor" : 1,
		"usetextovercolor" : 1
	}
,
	"scaleMode" : 	{
		"patching_rect" : [ 23, 39, 33, 21 ],
		"hidden" : 0,
		"bgcolor" : [ 0.862745, 0.870588, 0.878431, 1 ],
		"bgoncolor" : [ 1, 0, 0, 1 ],
		"fontsize" : 11,
		"legacytextcolor" : 1,