{
	"window" : [ 626, 353, 851, 586 ],
	"direction" : 	{
		"patching_rect" : [ 137, 0, 26, 17 ],
		"hidden" : 0,
		"applycolors" : 0,
		"bgfillcolor" : 		{
			"type" : "color",
			"color1" : [ 0.823529411764706, 0.925490196078431, 0.129411764705882, 1.0 ],
			"color2" : [ 0.2, 0.2, 0.2, 1.0 ],
			"color" : [ 0.823529411764706, 0.925490196078431, 0.129411764705882, 1.0 ],
			"angle" : 270.0,
			"autogradient" : 0.0,
			"proportion" : 0.5
		}
,
		"color" : [ 0.618934978328545, 0.744701397656435, 0.953750108255376, 1 ],
		"elementcolor" : [ 0.221327066888467, 0.221327006361825, 0.221327022178404, 1 ],
		"fontsize" : 8,
		"textcolor" : [ 0, 0, 0, 1 ]
	}
,
	"gain" : 	{
		"patching_rect" : [ 179, 252, 32, 19 ],
		"hidden" : 1,
		"bgcolor" : [ 0.780392, 0, 0.972549, 1 ],
		"fontsize" : 9,
		"htricolor" : [ 0.87, 0.82, 0.24, 1 ],
		"textcolor" : [ 0, 0, 0, 1 ],
		"tricolor" : [ 0.75, 0.75, 0.75, 1 ]
	}
,
	"gain_rand" : 	{
		"patching_rect" : [ 179, 265, 32, 19 ],
		"hidden" : 1,
		"bgcolor" : [ 0.698039, 0.211765, 0.313726, 1 ],
		"fontsize" : 9,
		"htricolor" : [ 0.87, 0.82, 0.24, 1 ],
		"textcolor" : [ 0, 0, 0, 1 ],
		"tricolor" : [ 0.75, 0.75, 0.75, 1 ]
	}
,
	"stereo_spread" : 	{
		"patching_rect" : [ 213, 76, 12, 103 ],
		"hidden" : 0,
		"bgcolor" : [ 0.709804, 1, 0.356863, 1 ],
		"peakcolor" : [ 0.498039, 0.498039, 0.498039, 1 ],
		"slidercolor" : [ 0, 0, 0, 1 ]
	}
,
	"random_gain_slider" : 	{
		"patching_rect" : [ 199, 76, 12, 103 ],
		"hidden" : 0,
		"bgcolor" : [ 0.698039, 0.211765, 0.313726, 1 ],
		"peakcolor" : [ 0.498039, 0.498039, 0.498039, 1 ],
		"slidercolor" : [ 0, 0, 0, 1 ]
	}
,
	"gain_slider" : 	{
		"patching_rect" : [ 176, 76, 21, 103 ],
		"hidden" : 0,
		"bgcolor" : [ 0.811765, 0.035294, 1, 1 ],
		"peakcolor" : [ 0.498039, 0.498039, 0.498039, 1 ],
		"slidercolor" : [ 0, 0, 0, 1 ]
	}
,
	"smooth" : 	{
		"patching_rect" : [ 110, 158, 49, 19 ],
		"hidden" : 0,
		"applycolors" : 0,
		"bgfillcolor" : 		{
			"type" : "color",
			"color1" : [ 1.0, 0.615686274509804, 0.933333333333333, 1.0 ],
			"color2" : [ 0.2, 0.2, 0.2, 1.0 ],
			"color" : [ 1.0, 0.615686274509804, 0.933333333333333, 1.0 ],
			"angle" : 270.0,
			"autogradient" : 0.0,
			"proportion" : 0.5
		}
,
		"color" : [ 0.618934978328545, 0.744701397656435, 0.953750108255376, 1 ],
		"elementcolor" : [ 0.221327066888467, 0.221327006361825, 0.221327022178404, 1 ],
		"fontsize" : 9,
		"textcolor" : [ 0, 0, 0, 1 ]
	}
,
	"grain_pitch_variation" : 	{
		"patching_rect" : [ 162, 76, 12, 103 ],
		"hidden" : 0,
		"bgcolor" : [ 1, 0.615686, 0.933333, 1 ],
		"peakcolor" : [ 0.498039, 0.498039, 0.498039, 1 ],
		"slidercolor" : [ 0, 0, 0, 1 ]
	}
,
	"scale" : 	{
		"patching_rect" : [ 0, 97, 96, 81 ],
		"hidden" : 0,
		"bgcolor" : [ 1, 0.615686274509804, 0.933333333333333, 1 ],
		"peakcolor" : [ 0.498039, 0.498039, 0.498039, 1 ],
		"slidercolor" : [ 0.618934978328545, 0.744701397656435, 0.953750108255376, 1 ]
	}
,
	"power" : 	{
		"patching_rect" : [ 75, 0, 19, 16 ],
		"hidden" : 0,
		"bgcolor" : [ 0.75, 0.75, 0.75, 1 ],
		"bgoncolor" : [ 0.752941, 0.023529, 0.247059, 1 ],
		"fontsize" : 8,
		"legacytextcolor" : 1,
		"textcolor" : [ 0.752941, 0.023529, 0.247059, 1 ],
		"textoncolor" : [ 0.870588, 0.819608, 0.239216, 1 ],
		"textovercolor" : [ 0.752941, 0.023529, 0.247059, 1 ],
		"usebgoncolor" : 1,
		"usetextovercolor" : 1
	}
,
	"record" : 	{
		"patching_rect" : [ 164, 0, 60, 33 ],
		"hidden" : 0,
		"bgcolor" : [ 0.752941176470588, 0.176470588235294, 0.349411764705882, 1 ],
		"bgoncolor" : [ 0.74902, 0.74902, 0.74902, 1 ],
		"fontsize" : 9,
		"legacytextcolor" : 1,
		"textcolor" : [ 1, 1, 1, 1 ],
		"textoncolor" : [ 0, 0, 0, 1 ],
		"textovercolor" : [ 1, 1, 1, 1 ],
		"usebgoncolor" : 1,
		"usetextovercolor" : 1
	}
,
	"preset-ramp" : 	{
		"patching_rect" : [ 164, 220, 61, 14 ],
		"hidden" : 0,
		"bgcolor" : [ 1, 1, 1, 1 ],
		"bordercolor" : [ 0.5, 0.5, 0.5, 1 ],
		"fontsize" : 12,
		"labelcolor" : [ 0, 0, 0, 1 ],
		"selectcolor" : [ 0.45, 0.67, 1, 0.47 ],
		"slidercolor" : [ 0, 0, 0, 1 ],
		"slidercolornofocus" : [ 0.48, 0.48, 0.48, 0.55 ],
		"textcolor" : [ 0, 0, 0, 1 ],
		"textcolornofocus" : [ 0.48, 0.48, 0.48, 0.79 ]
	}
,
	"presets" : 	{
		"patching_rect" : [ 164, 181, 61, 37 ],
		"hidden" : 0,
		"jsarguments" : [ 11, "255 255 255", "50 50 50", "255 0 0", "0 255 0", "fmrm1" ]
	}
,
	"ll.blues" : 	{
		"patching_rect" : [ 0, 180, 164, 53 ],
		"hidden" : 0,
		"accentcolor" : [ 0.458595350062755, 0.458595237564901, 0.458595266962388, 1 ],
		"bgcolor" : [ 0.125, 0.125, 0.125, 1 ],
		"bgfillcolor" : 		{
			"type" : "gradient",
			"color1" : [ 0.172137149796092, 0.172137100044002, 0.172137113045018, 1 ],
			"color2" : [ 0.172137149796092, 0.172137100044002, 0.172137113045018, 1 ],
			"color" : [ 0.172137149796092, 0.172137100044002, 0.172137113045018, 1 ]
		}
,
		"bubble_bgcolor" : [ 0.235, 0.235, 0.235, 1 ],
		"bubble_outlinecolor" : [ 0.85, 0.85, 0.85, 1 ],
		"clearcolor" : [ 1, 1, 1, 0 ],
		"color" : [ 0.618934978328545, 0.744701397656435, 0.953750108255376, 1 ],
		"editing_bgcolor" : [ 0.235, 0.235, 0.235, 1 ],
		"elementcolor" : [ 0.221327066888467, 0.221327006361825, 0.221327022178404, 1 ],
		"fontsize" : 12,
		"locked_bgcolor" : [ 0.235, 0.235, 0.235, 1 ],
		"patchlinecolor" : [ 0.447518749806177, 0.44751863973454, 0.447518668498017, 1 ],
		"selectioncolor" : [ 0.922234290352602, 0.71007200526417, 0.329758341965716, 1 ],
		"stripecolor" : [ 0.172137149796092, 0.172137100044002, 0.172137113045018, 1 ],
		"syntax_attrargcolor" : [ 0.987719444392034, 0.772809765725725, 0.723525810589731, 1 ],
		"syntax_attributecolor" : [ 0.574681917362067, 0.746730429372804, 1, 1 ],
		"syntax_objargcolor" : [ 0.9, 0.9, 0.9, 1 ],
		"syntax_objectcolor" : [ 0.956590352327427, 0.76614891786161, 0.452834090916593, 1 ],
		"textcolor" : [ 0.85, 0.85, 0.85, 1 ],
		"textcolor_inverse" : [ 0.9, 0.9, 0.9, 1 ]
	}
,
	"voices" : 	{
		"patching_rect" : [ 96, 0, 40, 16 ],
		"hidden" : 0,
		"bgcolor" : [ 0.13438031462585, 0.866666666666667, 0.305247130102041, 1 ],
		"bordercolor" : [ 0.5, 0.5, 0.5, 1 ],
		"fontsize" : 12,
		"labelcolor" : [ 1, 1, 1, 1 ],
		"selectcolor" : [ 0.45, 0.67, 1, 0.47 ],
		"slidercolor" : [ 0, 0, 0, 1 ],
		"slidercolornofocus" : [ 0.48, 0.48, 0.48, 0.55 ],
		"textcolor" : [ 0, 0, 0, 1 ],
		"textcolornofocus" : [ 0.48, 0.48, 0.48, 0.79 ]
	}
,
	"ramptime" : 	{
		"patching_rect" : [ 0, 16, 101, 17 ],
		"hidden" : 0,
		"bgcolor" : [ 0.490196078431373, 0.694117647058824, 0.929411764705882, 1 ],
		"bordercolor" : [ 0.5, 0.5, 0.5, 1 ],
		"fontsize" : 12,
		"labelcolor" : [ 1, 1, 1, 1 ],
		"selectcolor" : [ 0.45, 0.67, 1, 0.47 ],
		"slidercolor" : [ 0, 0, 0, 1 ],
		"slidercolornofocus" : [ 0.48, 0.48, 0.48, 0.55 ],
		"textcolor" : [ 0, 0, 0, 1 ],
		"textcolornofocus" : [ 0.48, 0.48, 0.48, 0.79 ]
	}
,
	"grain_size" : 	{
		"patching_rect" : [ 1, 34, 100, 19 ],
		"hidden" : 0,
		"bgcolor" : [ 0.490196078431373, 0.694117647058824, 0.929411764705882, 1 ],
		"bordercolor" : [ 0.5, 0.5, 0.5, 1 ],
		"fontsize" : 10,
		"labelcolor" : [ 1, 1, 1, 1 ],
		"selectcolor" : [ 0.45, 0.67, 1, 0.47 ],
		"slidercolor" : [ 0, 0, 0, 1 ],
		"slidercolornofocus" : [ 0.48, 0.48, 0.48, 0.55 ],
		"textcolor" : [ 0, 0, 0, 1 ],
		"textcolornofocus" : [ 0.48, 0.48, 0.48, 0.79 ]
	}
,
	"grain_separation" : 	{
		"patching_rect" : [ 1, 55, 100, 19 ],
		"hidden" : 0,
		"bgcolor" : [ 1, 0.294117647058824, 0.309803921568627, 1 ],
		"bordercolor" : [ 0.5, 0.5, 0.5, 1 ],
		"fontsize" : 10,
		"labelcolor" : [ 1, 1, 1, 1 ],
		"selectcolor" : [ 0.45, 0.67, 1, 0.47 ],
		"slidercolor" : [ 0, 0, 0, 1 ],
		"slidercolornofocus" : [ 0.48, 0.48, 0.48, 0.55 ],
		"textcolor" : [ 0, 0, 0, 1 ],
		"textcolornofocus" : [ 0.48, 0.48, 0.48, 0.79 ]
	}
,
	"delay" : 	{
		"patching_rect" : [ 144, 55, 80, 19 ],
		"hidden" : 0,
		"bgcolor" : [ 0.866666666666667, 0.866666666666667, 0.866666666666667, 1 ],
		"bordercolor" : [ 0.5, 0.5, 0.5, 1 ],
		"fontsize" : 10,
		"labelcolor" : [ 0.396078431372549, 0.396078431372549, 0.396078431372549, 1 ],