{
	"window" : [ 229, 146, 439, 238 ],
	"preset-ramp" : 	{
		"patching_rect" : [ 39.5, 16, 53, 20 ],
		"hidden" : 0,
		"bgcolor" : [ 1, 1, 1, 1 ],
		"bordercolor" : [ 0.5, 0.5, 0.5, 1 ],
		"fontsize" : 12,
		"labelcolor" : [ 0, 0, 0, 1 ],
		"selectcolor" : [ 0.45, 0.67, 1, 0.47 ],
		"slidercolor" : [ 0, 0, 0, 1 ],
		"slidercolornofocus" : [ 0.48, 0.48, 0.48, 0.55 ],
		"textcolor" : [ 0, 0, 0, 1 ],
		"textcolornofocus" : [ 0.48, 0.48, 0.48, 0.79 ]
	}
,
	"presets" : 	{
		"patching_rect" : [ 93, 0, 117, 36 ],
		"hidden" : 0,
		"jsarguments" : [ 12, "255 255 255", "50 50 50", "255 0 0", "0 255 0", "autocount@1" ]
	}
,
	"steps_comm" : 	{
		"patching_rect" : [ 133, 37, 30, 17 ],
		"hidden" : 0,
		"bgcolor" : [ 1, 1, 1, 0 ],
		"bubble_bgcolor" : [ 0.235, 0.235, 0.235, 1 ],
		"bubble_outlinecolor" : [ 0.85, 0.85, 0.85, 1 ],
		"bubbleusescolors" : 0,
		"fontsize" : 9,
		"textcolor" : [ 0.8, 0.611765, 0.380392, 1 ]
	}
,
	"step" : 	{
		"patching_rect" : [ 133, 50, 30, 19 ],
		"hidden" : 0,
		"bgcolor" : [ 0.87451, 0.87451, 0.87451, 1 ],
		"fontsize" : 9,
		"htricolor" : [ 0.87, 0.82, 0.24, 1 ],
		"textcolor" : [ 0, 0, 0, 1 ],
		"tricolor" : [ 0.75, 0.75, 0.75, 1 ]
	}
,
	"rate" : 	{
		"patching_rect" : [ 165, 50, 41, 19 ],
		"hidden" : 0,
		"bgcolor" : [ 0.866667, 0.866667, 0.866667, 1 ],
		"fontsize" : 9,
		"htricolor" : [ 0.87, 0.82, 0.24, 1 ],
		"textcolor" : [ 0, 0, 0, 1 ],
		"tricolor" : [ 0.75, 0.75, 0.75, 1 ]
	}
,
	"wave" : 	{
		"patching_rect" : [ 0, 54, 61, 19 ],
		"hidden" : 0,
		"applycolors" : 0,
		"bgfillcolor" : 		{
			"type" : "color",
			"color1" : [ 0.301961, 0.301961, 0.301961, 1 ],
			"color2" : [ 0.2, 0.2, 0.2, 1 ],
			"color" : [ 0.258824, 0.258824, 0.258824, 1.0 ]
		}
,
		"color" : [ 0.618934978328545, 0.744701397656435, 0.953750108255376, 1 ],
		"elementcolor" : [ 0.221327066888467, 0.221327006361825, 0.221327022178404, 1 ],
		"fontsize" : 9,
		"textcolor" : [ 1, 1, 1, 1 ]
	}
,
	"act_menu" : 	{
		"patching_rect" : [ 0, 73, 53, 19 ],
		"hidden" : 0,
		"applycolors" : 0,
		"bgfillcolor" : 		{
			"type" : "gradient",
			"color1" : [ 0.172137149796092, 0.172137100044002, 0.172137113045018, 1 ],
			"color2" : [ 0.172137149796092, 0.172137100044002, 0.172137113045018, 1 ],
			"color" : [ 0.172137149796092, 0.172137100044002, 0.172137113045018, 1 ]
		}
,
		"color" : [ 0.618934978328545, 0.744701397656435, 0.953750108255376, 1 ],
		"elementcolor" : [ 0.221327066888467, 0.221327006361825, 0.221327022178404, 1 ],
		"fontsize" : 9,
		"textcolor" : [ 0.9, 0.9, 0.9, 1 ]
	}
,
	"par_menu" : 	{
		"patching_rect" : [ 53, 73, 53, 19 ],
		"hidden" : 0,
		"applycolors" : 0,
		"bgfillcolor" : 		{
			"type" : "gradient",
			"color1" : [ 0.172137149796092, 0.172137100044002, 0.172137113045018, 1 ],
			"color2" : [ 0.172137149796092, 0.172137100044002, 0.172137113045018, 1 ],
			"color" : [ 0.172137149796092, 0.172137100044002, 0.172137113045018, 1 ]
		}
,
		"color" : [ 0.618934978328545, 0.744701397656435, 0.953750108255376, 1 ],
		"elementcolor" : [ 0.221327066888467, 0.221327006361825, 0.221327022178404, 1 ],
		"fontsize" : 9,
		"textcolor" : [ 0.9, 0.9, 0.9, 1 ]
	}
,
	"min_comm" : 	{
		"patching_rect" : [ 62, 36, 30, 17 ],
		"hidden" : 0,
		"bgcolor" : [ 1, 1, 1, 0 ],
		"bubble_bgcolor" : [ 0.235, 0.235, 0.235, 1 ],
		"bubble_outlinecolor" : [ 0.85, 0.85, 0.85, 1 ],
		"bubbleusescolors" : 0,
		"fontsize" : 9,
		"textcolor" : [ 0.8, 0.611765, 0.380392, 1 ]
	}
,
	"max_comm" : 	{
		"patching_rect" : [ 62, 55, 30, 17 ],
		"hidden" : 0,
		"bgcolor" : [ 1, 1, 1, 0 ],
		"bubble_bgcolor" : [ 0.235, 0.235, 0.235, 1 ],
		"bubble_outlinecolor" : [ 0.85, 0.85, 0.85, 1 ],
		"bubbleusescolors" : 0,
		"fontsize" : 9,
		"textcolor" : [ 0.8, 0.611765, 0.380392, 1 ]
	}
,
	"rate_comm" : 	{
		"patching_rect" : [ 169, 37, 30, 17 ],
		"hidden" : 0,
		"bgcolor" : [ 1, 1, 1, 0 ],
		"bubble_bgcolor" : [ 0.235, 0.235, 0.235, 1 ],
		"bubble_outlinecolor" : [ 0.85, 0.85, 0.85, 1 ],
		"bubbleusescolors" : 0,
		"fontsize" : 9,
		"textcolor" : [ 0.8, 0.611765, 0.380392, 1 ]
	}
,
	"line" : 	{
		"patching_rect" : [ 165, 69, 41, 19 ],
		"hidden" : 0,
		"bgcolor" : [ 0.866667, 0.866667, 0.866667, 1 ],
		"fontsize" : 9,
		"htricolor" : [ 0.87, 0.82, 0.24, 1 ],
		"textcolor" : [ 0, 0, 0, 1 ],
		"tricolor" : [ 0.75, 0.75, 0.75, 1 ]
	}
,
	"Lgate_on/off" : 	{
		"patching_rect" : [ 150, 69, 18, 18 ],
		"hidden" : 0,
		"bgcolor" : [ 0.125, 0.125, 0.125, 1 ],
		"checkedcolor" : [ 0.618934978328545, 0.744701397656435, 0.953750108255376, 1 ],
		"elementcolor" : [ 0.221327066888467, 0.221327006361825, 0.221327022178404, 1 ],
		"uncheckedcolor" : [ 0.221327066888467, 0.221327006361825, 0.221327022178404, 1 ]
	}
,
	"on/offramp_comm" : 	{
		"patching_rect" : [ 123.5, 71, 30, 17 ],
		"hidden" : 0,
		"bgcolor" : [ 1, 1, 1, 0 ],
		"bubble_bgcolor" : [ 0.235, 0.235, 0.235, 1 ],
		"bubble_outlinecolor" : [ 0.85, 0.85, 0.85, 1 ],
		"bubbleusescolors" : 0,
		"fontsize" : 9,
		"textcolor" : [ 0.8, 0.611765, 0.380392, 1 ]
	}
,
	"min_value" : 	{
		"patching_rect" : [ 87, 37, 46, 19 ],
		"hidden" : 0,
		"bgcolor" : [ 0.909804, 0.615686, 0, 1 ],
		"fontsize" : 9,
		"htricolor" : [ 0.87, 0.82, 0.24, 1 ],
		"textcolor" : [ 0, 0, 0, 1 ],
		"tricolor" : [ 0.75, 0.75, 0.75, 1 ]
	}
,
	"max_value" : 	{
		"patching_rect" : [ 87, 54, 46, 19 ],
		"hidden" : 0,
		"bgcolor" : [ 0.909804, 0.615686, 0, 1 ],
		"fontsize" : 9,
		"htricolor" : [ 0.87, 0.82, 0.24, 1 ],
		"textcolor" : [ 0, 0, 0, 1 ],
		"tricolor" : [ 0.75, 0.75, 0.75, 1 ]
	}
,
	"list_item" : 	{
		"patching_rect" : [ 105, 73, 21, 19 ],
		"hidden" : 0,
		"bgcolor" : [ 0.125, 0.125, 0.125, 1 ],
		"fontsize" : 9,
		"htricolor" : [ 0.922234290352602, 0.71007200526417, 0.329758341965716, 1 ],
		"textcolor" : [ 0.9, 0.9, 0.9, 1 ],
		"tricolor" : [ 0.458595350062755, 0.458595237564901, 0.458595266962388, 1 ]
	}
,
	"auto_ON/OFF" : 	{
		"patching_rect" : [ 0, 16, 43, 20 ],
		"hidden" : 0,
		"bgcolor" : [ 0.75, 0.75, 0.75, 1 ],
		"bgoncolor" : [ 0.752941, 0.023529, 0.247059, 1 ],
		"fontsize" : 12,
		"legacytextcolor" : 1,
		"textcolor" : [ 0.752941, 0.023529, 0.247059, 1 ],
		"textoncolor" : [ 0.870588, 0.819608, 0.239216, 1 ],
		"textovercolor" : [ 0.752941, 0.023529, 0.247059, 1 ],
		"usebgoncolor" : 1,
		"usetextovercolor" : 1
	}
,
	"trigger" : 	{
		"patching_rect" : [ 0, 36, 61, 17 ],
		"hidden" : 0,
		"bgcolor" : [ 0.027451, 0.023529, 0.6, 1 ],
		"bgoncolor" : [ 0.55, 0.55, 0.55, 1 ],
		"fontsize" : 13,
		"legacytextcolor" : 1,
		"textcolor" : [ 1, 1, 1, 1 ],
		"textoncolor" : [ 1, 1, 1, 1 ],
		"textovercolor" : [ 0, 0, 0, 1 ],
		"usebgoncolor" : 1,
		"usetextovercolor" : 1
	}

}
