{
    "pattrstorage": {
        "name": "pat",
        "slots": {
            "1": {
                "id": 1,
                "data": {
                    "chans": [ 4.0 ],
                    "function": [ "data", 0, 19, 1886.0, 0.0, 1.0, 0.0, 0.08641975308642, 0, 65.23899371069183, 1.0, 0, 343.9874213836478, 0.7530864197530864, 0, 1773.314465408805, 0.41975308641975306, 0, 1886.0, 0.0, 0, "linear", "data", 1, 10, 1886.0, 0.0, 1.0, 0.0, 0.8271604938271605, 0, 1886.0, 0.191358024691358, 0, "linear", "data", 2, 13, 1886.0, 0.0, 1.0, 0.0, 0.0, 0, 859.9685534591196, 0.265432098765432, 0, 1886.0, 0.290123456790123, 0, "linear", "data", 3, 16, 1886.0, 0.0, 1.0, 0.0, 0.0, 0, 1417.4654088050315, 0.6666666666666666, 0, 1826.6918238993712, 0.314814814814815, 0, 1886.0000000000014, 0.0, 0, "linear" ],
                    "env-length": [ 1886 ],
                    "loop": [ 0 ],
                    "p_trig": [],
                    "my_control@": [],
                    "s&h": [],
                    "sig_mess": [],
                    "trigger": [ 0.0 ],
                    "presets": [ 2 ],
                    "range_min": [ 0, 0, 0, 0 ],
                    "range_max": [ 1, 1000, 2, 5 ],
                    "act::active_store": [ "_" ],
                    "act::master/activest": [ 0, 0 ],
                    "act::pres_menu": [ "_" ],
                    "act::tetris_menu": [ "(tetris)" ],
                    "act::title_menu": [ "" ],
                    "ll.blues::status": [ 3, 1, 0, 0, 0, 0, 1 ],
                    "ll.blues::outputs~": [ "fmrm1~amplitude.0", "fmrm1~carrier_freq.0", "fmrm1~harmonicity.0", "fmrm1~modindex.0" ],
                    "ll.blues::outputsMix~": [ "no~-no-", "_", "_", "_" ],
                    "ll.blues::chans": [ 2, 4 ],
                    "ll.blues::levels": [ 0, 0, 0, 0, 10, 0, 0.5 ]
                }
            },
            "2": {
                "id": 2,
                "data": {
                    "chans": [ 4.0 ],
                    "function": [ "data", 0, 19, 1886.0, 0.0, 1.0, 0.0, 0.08641975308642, 0, 65.23899371069183, 1.0, 0, 343.9874213836478, 0.7530864197530864, 0, 1773.314465408805, 0.41975308641975306, 0, 1886.0, 0.0, 0, "linear", "data", 1, 13, 1886.0, 0.0, 1.0, 0.0, 0.2716049382716049, 0, 444.811320754717, 0.5185185185185185, 0, 1886.0, 0.024691358024691357, 0, "linear", "data", 2, 16, 1886.0, 0.0, 1.0, 0.0, 0.7222222222222222, 0, 859.9685534591196, 0.265432098765432, 0, 1826.691823899371, 0.5617283950617284, 0, 1886.0, 0.0, 0, "linear", "data", 3, 16, 1886.0, 0.0, 1.0, 0.0, 0.0, 0, 1417.4654088050315, 0.6666666666666666, 0, 1826.6918238993712, 0.314814814814815, 0, 1886.0000000000014, 0.0, 0, "linear" ],
                    "env-length": [ 1886 ],
                    "loop": [ 0 ],
                    "p_trig": [],
                    "my_control@": [],
                    "s&h": [],
                    "sig_mess": [],
                    "trigger": [ 0.0 ],
                    "presets": [ 1 ],
                    "range_min": [ 0, 0, 0, 0 ],
                    "range_max": [ 1, 1000, 2, 5 ],
                    "act::active_store": [ "_" ],
                    "act::master/activest": [ 0, 0 ],
                    "act::pres_menu": [ "_" ],
                    "act::tetris_menu": [ "(tetris)" ],
                    "act::title_menu": [ "" ],
                    "ll.blues::status": [ 3, 1, 0, 0, 0, 0, 1 ],
                    "ll.blues::outputs~": [ "fmrm1~amplitude.0", "fmrm1~carrier_freq.0", "fmrm1~harmonicity.0", "fmrm1~modindex.0" ],
                    "ll.blues::outputsMix~": [ "no~-no-", "_", "_", "_" ],
                    "ll.blues::chans": [ 2, 4 ],
                    "ll.blues::levels": [ 0, 0, 0, 0, 10, 0, 0.5 ]
                }
            },
            "3": {
                "id": 3,
                "data": {
                    "chans": [ 4.0 ],
                    "function": [ "data", 0, 19, 1886.0, 0.0, 1.0, 0.0, 0.08641975308642, 0, 0.0, 1.0, 0, 343.9874213836478, 0.7530864197530864, 0, 1886.0, 0.9506172839506173, 0, 1886.0, 0.0, 0, "linear", "data", 1, 13, 1886.0, 0.0, 1.0, 0.0, 0.6296296296296297, 0, 1708.0754716981132, 0.7777777777777778, 0, 1886.0, 0.6481481481481481, 0, "linear", "data", 2, 13, 1886.0, 0.0, 1.0, 0.0, 0.7222222222222222, 0, 877.7610062893082, 0.6666666666666666, 0, 1886.0, 0.5679012345679012, 0, "linear", "data", 3, 16, 1886.0, 0.0, 1.0, 0.0, 0.5061728395061729, 0, 705.7672955974842, 0.42592592592592593, 0, 1850.4150943396226, 0.845679012345679, 0, 1886.0000000000014, 0.0, 0, "linear" ],
                    "env-length": [ 1886 ],
                    "loop": [ 0 ],
                    "p_trig": [],
                    "my_control@": [],
                    "s&h": [],
                    "sig_mess": [],
                    "trigger": [ 0.0 ],
                    "presets": [ 2 ],
                    "range_min": [ 0, 0, 0, 0 ],
                    "range_max": [ 1, 1000, 2, 5 ],
                    "act::active_store": [ "_" ],
                    "act::master/activest": [ 0, 0 ],
                    "act::pres_menu": [ "_" ],
                    "act::tetris_menu": [ "(tetris)" ],
                    "act::title_menu": [ "" ],
                    "ll.blues::status": [ 3, 1, 0, 0, 0, 0, 1 ],
                    "ll.blues::outputs~": [ "fmrm1~amplitude.0", "fmrm1~carrier_freq.0", "fmrm1~harmonicity.0", "fmrm1~modindex.0" ],
                    "ll.blues::outputsMix~": [ "no~-no-", "_", "_", "_" ],
                    "ll.blues::chans": [ 2, 4 ],
                    "ll.blues::levels": [ 0, 0, 0, 0, 10, 0, 0.5 ]
                }
            },
            "4": {
                "id": 4,
                "data": {
                    "chans": [ 4.0 ],
                    "function": [ "data", 0, 19, 1886.0, 0.0, 1.0, 0.0, 0.08641975308642, 0, 65.23899371069183, 1.0, 0, 343.9874213836478, 0.7530864197530864, 0, 1773.314465408805, 0.41975308641975306, 0, 1886.0, 0.0, 0, "linear", "data", 1, 10, 1886.0, 0.0, 1.0, 0.0, 0.8271604938271605, 0, 1886.0, 0.8395061728395061, 0, "linear", "data", 2, 13, 1886.0, 0.0, 1.0, 0.0, 0.7654320987654321, 0, 1156.5094339622642, 0.7098765432098766, 0, 1886.0, 0.7037037037037037, 0, "linear", "data", 3, 16, 1886.0, 0.0, 1.0, 0.0, 0.0, 0, 1417.4654088050315, 0.6666666666666666, 0, 1844.4842767295597, 0.5740740740740741, 0, 1886.0, 0.7654320987654321, 0, "linear" ],
                    "env-length": [ 1886 ],
                    "loop": [ 0 ],
                    "p_trig": [],
                    "my_control@": [],
                    "s&h": [],
                    "sig_mess": [],
                    "trigger": [ 0.0 ],
                    "presets": [ 1 ],
                    "range_min": [ 0, 0, 0, 0 ],
                    "range_max": [ 1, 1000, 2, 5 ],
                    "act::active_store": [ "_" ],
                    "act::master/activest": [ 0, 0 ],
                    "act::pres_menu": [ "_" ],
                    "act::tetris_menu": [ "(tetris)" ],
                    "act::title_menu": [ "" ],
                    "ll.blues::status": [ 3, 1, 0, 0, 0, 0, 1 ],
                    "ll.blues::outputs~": [ "fmrm1~amplitude.0", "fmrm1~carrier_freq.0", "fmrm1~harmonicity.0", "fmrm1~modindex.0" ],
                    "ll.blues::outputsMix~": [ "no~-no-", "_", "_", "_" ],
                    "ll.blues::chans": [ 2, 4 ],
                    "ll.blues::levels": [ 0, 0, 0, 0, 10, 0, 0.5 ]
                }
            },
            "5": {
                "id": 5,
                "data": {
                    "chans": [ 4.0 ],