{
	"window" : [ 545, 414, 1049, 586 ],
	"1st_Q" : 	{
		"patching_rect" : [ 129, -1, 30, 21 ],
		"hidden" : 0,
		"applycolors" : 0,
		"bgfillcolor" : 		{
			"type" : "color",
			"color1" : [ 0.376471, 0.384314, 0.4, 1.0 ],
			"color2" : [ 0.290196, 0.309804, 0.301961, 1.0 ],
			"color" : [ 1.0, 0.243137, 0.392157, 1.0 ],
			"angle" : 270.0,
			"proportion" : 0.39
		}
,
		"color" : [ 0.618934978328545, 0.744701397656435, 0.953750108255376, 1 ],
		"elementcolor" : [ 0.221327066888467, 0.221327006361825, 0.221327022178404, 1 ],
		"fontsize" : 11,
		"textcolor" : [ 1, 1, 1, 1 ]
	}
,
	"1st_gain" : 	{
		"patching_rect" : [ 99, -1, 31, 21 ],
		"hidden" : 0,
		"applycolors" : 0,
		"bgfillcolor" : 		{
			"type" : "color",
			"color1" : [ 0.376471, 0.384314, 0.4, 1.0 ],
			"color2" : [ 0.290196, 0.309804, 0.301961, 1.0 ],
			"color" : [ 0.470588, 0.470588, 0.862745, 1.0 ],
			"angle" : 270.0,
			"proportion" : 0.39
		}
,
		"color" : [ 0.618934978328545, 0.744701397656435, 0.953750108255376, 1 ],
		"elementcolor" : [ 0.221327066888467, 0.221327006361825, 0.221327022178404, 1 ],
		"fontsize" : 11,
		"textcolor" : [ 1, 1, 1, 1 ]
	}
,
	"viewlog" : 	{
		"patching_rect" : [ 319, 12, 63, 39 ],
		"hidden" : 0,
		"bgcolor" : [ 1, 1, 1, 1 ],
		"fontsize" : 10,
		"gridcolor" : [ 0.392157, 0.392157, 0.392157, 1 ],
		"reflectioncolor" : [ 0.458595350062755, 0.458595237564901, 0.458595266962388, 1 ],
		"selectioncolor" : [ 0, 0, 0, 0.5 ],
		"waveformcolor" : [ 0, 0, 0, 1 ]
	}
,
	"preset-ramp" : 	{
		"patching_rect" : [ 382, 0, 121, 13 ],
		"hidden" : 0,
		"bgcolor" : [ 1, 1, 1, 1 ],
		"bordercolor" : [ 0.5, 0.5, 0.5, 1 ],
		"fontsize" : 12,
		"labelcolor" : [ 0, 0, 0, 1 ],
		"selectcolor" : [ 0.45, 0.67, 1, 0.47 ],
		"slidercolor" : [ 0, 0, 0, 1 ],
		"slidercolornofocus" : [ 0.48, 0.48, 0.48, 0.55 ],
		"textcolor" : [ 0, 0, 0, 1 ],
		"textcolornofocus" : [ 0.48, 0.48, 0.48, 0.79 ]
	}
,
	"presets" : 	{
		"patching_rect" : [ 382, 13, 121, 25 ],
		"hidden" : 0,
		"jsarguments" : [ 11, "255 255 255", "50 50 50", "255 0 0", "0 255 0" ]
	}
,
	"ll.blues" : 	{
		"patching_rect" : [ 159, 0, 160, 53 ],
		"hidden" : 0,
		"accentcolor" : [ 0.458595350062755, 0.458595237564901, 0.458595266962388, 1 ],
		"bgcolor" : [ 0.125, 0.125, 0.125, 1 ],
		"bgfillcolor" : 		{
			"type" : "gradient",
			"color1" : [ 0.172137149796092, 0.172137100044002, 0.172137113045018, 1 ],
			"color2" : [ 0.172137149796092, 0.172137100044002, 0.172137113045018, 1 ],
			"color" : [ 0.172137149796092, 0.172137100044002, 0.172137113045018, 1 ]
		}
,
		"bubble_bgcolor" : [ 0.235, 0.235, 0.235, 1 ],
		"bubble_outlinecolor" : [ 0.85, 0.85, 0.85, 1 ],
		"clearcolor" : [ 1, 1, 1, 0 ],
		"color" : [ 0.618934978328545, 0.744701397656435, 0.953750108255376, 1 ],
		"editing_bgcolor" : [ 0.235, 0.235, 0.235, 1 ],
		"elementcolor" : [ 0.221327066888467, 0.221327006361825, 0.221327022178404, 1 ],
		"fontsize" : 12,
		"locked_bgcolor" : [ 0.235, 0.235, 0.235, 1 ],
		"patchlinecolor" : [ 0.447518749806177, 0.44751863973454, 0.447518668498017, 1 ],
		"selectioncolor" : [ 0.922234290352602, 0.71007200526417, 0.329758341965716, 1 ],
		"stripecolor" : [ 0.172137149796092, 0.172137100044002, 0.172137113045018, 1 ],
		"syntax_attrargcolor" : [ 0.987719444392034, 0.772809765725725, 0.723525810589731, 1 ],
		"syntax_attributecolor" : [ 0.574681917362067, 0.746730429372804, 1, 1 ],
		"syntax_objargcolor" : [ 0.9, 0.9, 0.9, 1 ],
		"syntax_objectcolor" : [ 0.956590352327427, 0.76614891786161, 0.452834090916593, 1 ],
		"textcolor" : [ 0.85, 0.85, 0.85, 1 ],
		"textcolor_inverse" : [ 0.9, 0.9, 0.9, 1 ]
	}
,
	"freqs" : 	{
		"patching_rect" : [ 0, 52, 309, 121 ],
		"hidden" : 0,
		"bgcolor" : [ 0.392157, 0.384314, 0.384314, 0 ],
		"bordercolor" : [ 0, 0, 0, 0.12 ],
		"fontsize" : 15,
		"labelcolor" : [ 0.32549, 0.345098, 0.372549, 1 ],
		"selectcolor" : [ 0.364706, 0.615686, 0.992157, 0.619608 ],
		"slidercolor" : [ 0, 0, 0, 1 ],
		"slidercolornofocus" : [ 0, 0, 0, 1 ],
		"textcolor" : [ 0, 0, 0, 1 ],
		"textcolornofocus" : [ 0.32549, 0.345098, 0.372549, 1 ]
	}
,
	"gains" : 	{
		"patching_rect" : [ 308, 51, 88, 121 ],
		"hidden" : 0,
		"bgcolor" : [ 0.419608, 0.458824, 0.8, 1 ],
		"bordercolor" : [ 0, 0, 0, 1 ],
		"fontsize" : 15,
		"labelcolor" : [ 0.607843, 0.607843, 0.607843, 1 ],
		"selectcolor" : [ 0.45, 0.67, 1, 0.47 ],
		"slidercolor" : [ 0, 0, 0, 1 ],
		"slidercolornofocus" : [ 0.815686, 0.815686, 0.815686, 1 ],
		"textcolor" : [ 0, 0, 0, 1 ],
		"textcolornofocus" : [ 0.815686, 0.815686, 0.815686, 1 ]
	}
,
	"Qs" : 	{
		"patching_rect" : [ 395, 51, 108, 121 ],
		"hidden" : 0,
		"bgcolor" : [ 1, 0.243137, 0.392157, 1 ],
		"bordercolor" : [ 0, 0, 0, 1 ],
		"fontsize" : 15,
		"labelcolor" : [ 0.607843, 0.607843, 0.607843, 1 ],
		"selectcolor" : [ 0.45, 0.67, 1, 0.47 ],
		"slidercolor" : [ 0, 0, 0, 1 ],
		"slidercolornofocus" : [ 0.815686, 0.815686, 0.815686, 1 ],
		"textcolor" : [ 0, 0, 0, 1 ],
		"textcolornofocus" : [ 0.815686, 0.815686, 0.815686, 1 ]
	}
,
	"boost" : 	{
		"patching_rect" : [ 382, 38, 121, 13 ],
		"hidden" : 0,
		"bgcolor" : [ 1, 1, 1, 1 ],
		"bordercolor" : [ 0.5, 0.5, 0.5, 1 ],
		"fontsize" : 12,
		"labelcolor" : [ 0, 0, 0, 1 ],
		"selectcolor" : [ 0.45, 0.67, 1, 0.47 ],
		"slidercolor" : [ 0, 0, 0, 1 ],
		"slidercolornofocus" : [ 0.48, 0.48, 0.48, 0.55 ],
		"textcolor" : [ 0, 0, 0, 1 ],
		"textcolornofocus" : [ 0.48, 0.48, 0.48, 0.79 ]
	}
,
	"noise" : 	{
		"patching_rect" : [ 35, 27, 111, 12 ],
		"hidden" : 0,
		"bgcolor" : [ 1, 1, 1, 1 ],
		"bordercolor" : [ 0.5, 0.5, 0.5, 1 ],
		"fontsize" : 12,
		"labelcolor" : [ 0, 0, 0, 1 ],
		"selectcolor" : [ 0.45, 0.67, 1, 0.47 ],
		"slidercolor" : [ 0, 0, 0, 1 ],
		"slidercolornofocus" : [ 0.48, 0.48, 0.48, 0.55 ],
		"textcolor" : [ 0, 0, 0, 1 ],
		"textcolornofocus" : [ 0.48, 0.48, 0.48, 0.79 ]
	}
,
	"steady" : 	{
		"patching_rect" : [ 35, 39, 111, 12 ],
		"hidden" : 0,
		"bgcolor" : [ 1, 1, 1, 1 ],
		"bordercolor" : [ 0.5, 0.5, 0.5, 1 ],
		"fontsize" : 12,
		"labelcolor" : [ 0, 0, 0, 1 ],
		"selectcolor" : [ 0.45, 0.67, 1, 0.47 ],
		"slidercolor" : [ 0, 0, 0, 1 ],
		"slidercolornofocus" : [ 0.48, 0.48, 0.48, 0.55 ],
		"textcolor" : [ 0, 0, 0, 1 ],
		"textcolornofocus" : [ 0.48, 0.48, 0.48, 0.79 ]
	}
,
	"log_bend" : 	{
		"patching_rect" : [ 319, -1, 63, 14 ],
		"hidden" : 0,
		"bgcolor" : [ 1, 1, 1, 1 ],
		"bordercolor" : [ 0.5, 0.5, 0.5, 1 ],
		"fontsize" : 12,
		"labelcolor" : [ 0, 0, 0, 1 ],
		"selectcolor" : [ 0.45, 0.67, 1, 0.47 ],
		"slidercolor" : [ 0, 0, 0, 1 ],
		"slidercolornofocus" : [ 0.48, 0.48, 0.48, 0.55 ],
		"textcolor" : [ 0, 0, 0, 1 ],
		"textcolornofocus" : [ 0.48, 0.48, 0.48, 0.79 ]
	}
,
	"proposal" : 	{
		"patching_rect" : [ 0, 27, 34, 24 ],
		"hidden" : 0,
		"bgcolor" : [ 0, 1, 0, 1 ],
		"bgoncolor" : [ 0.694118, 0.694118, 0.694118, 1 ],
		"fontsize" : 11,
		"legacytextcolor" : 1,
		"textcolor" : [ 1, 0, 0, 1 ],
		"textoncolor" : [ 1, 1, 1, 1 ],
		"textovercolor" : [ 1, 0, 0, 1 ],
		"usebgoncolor" : 1,
		"usetextovercolor" : 1
	}
,
	"ramp2freqs" : 	{
		"patching_rect" : [ 145, 38, 15, 13 ],
		"hidden" : 0,
		"bgcolor" : [ 0.333333, 0.537255, 0.960784, 1 ],
		"bgoncolor" : [ 0.027451, 0.023529, 0.6, 1 ],
		"fontsize" : 10,
		"legacytextcolor" : 1,
		"textcolor" : [ 1, 1, 1, 1 ],
		"textoncolor" : [ 1, 1, 1, 1 ],
		"textovercolor" : [ 1, 1, 1, 1 ],
		"usebgoncolor" : 1,
		"usetextovercolor" : 1
	}

}
