{
	"window" : [ 298, 420, 666, 479 ],
	"waves" : 	{
		"patching_rect" : [ 306, -2, 30, 19 ],
		"hidden" : 0,
		"applycolors" : 0,
		"bgfillcolor" : 		{
			"type" : "color",
			"color1" : [ 0.376471, 0.384314, 0.4, 1.0 ],
			"color2" : [ 0.290196, 0.309804, 0.301961, 1.0 ],
			"color" : [ 0.972549, 0.160784, 0.0, 1.0 ],
			"angle" : 270.0,
			"proportion" : 0.39
		}
,
		"color" : [ 0.618934978328545, 0.744701397656435, 0.953750108255376, 1 ],
		"elementcolor" : [ 0.221327066888467, 0.221327006361825, 0.221327022178404, 1 ],
		"fontsize" : 9,
		"textcolor" : [ 0.121569, 0.121569, 0.121569, 1 ]
	}
,
	"buffer-menu" : 	{
		"patching_rect" : [ 334, -2, 33, 19 ],
		"hidden" : 0,
		"applycolors" : 0,
		"bgfillcolor" : 		{
			"type" : "color",
			"color1" : [ 0.376471, 0.384314, 0.4, 1.0 ],
			"color2" : [ 0.290196, 0.309804, 0.301961, 1.0 ],
			"color" : [ 0.972549, 0.160784, 0.0, 1.0 ],
			"angle" : 270.0,
			"proportion" : 0.39
		}
,
		"color" : [ 0.618934978328545, 0.744701397656435, 0.953750108255376, 1 ],
		"elementcolor" : [ 0.221327066888467, 0.221327006361825, 0.221327022178404, 1 ],
		"fontsize" : 9,
		"textcolor" : [ 0.121569, 0.121569, 0.121569, 1 ]
	}
,
	"syncto" : 	{
		"patching_rect" : [ 49, 28, 34, 19 ],
		"hidden" : 0,
		"applycolors" : 0,
		"bgfillcolor" : 		{
			"type" : "color",
			"color1" : [ 0.376471, 0.384314, 0.4, 1.0 ],
			"color2" : [ 0.290196, 0.309804, 0.301961, 1.0 ],
			"color" : [ 0.023529, 0.0, 0.847059, 1.0 ],
			"angle" : 270.0,
			"proportion" : 0.39
		}
,
		"color" : [ 0.618934978328545, 0.744701397656435, 0.953750108255376, 1 ],
		"elementcolor" : [ 0.221327066888467, 0.221327006361825, 0.221327022178404, 1 ],
		"fontsize" : 9,
		"textcolor" : [ 1, 1, 1, 1 ]
	}
,
	"hz-ms-switch" : 	{
		"patching_rect" : [ 258, -3, 22, 19 ],
		"hidden" : 0,
		"applycolors" : 0,
		"bgfillcolor" : 		{
			"type" : "color",
			"color1" : [ 0.376470588235294, 0.384313725490196, 0.4, 1.0 ],
			"color2" : [ 0.290196078431373, 0.309803921568627, 0.301960784313725, 1.0 ],
			"color" : [ 0.2, 0.2, 0.2, 1 ],
			"angle" : 270.0,
			"proportion" : 0.39
		}
,
		"color" : [ 0.618934978328545, 0.744701397656435, 0.953750108255376, 1 ],
		"elementcolor" : [ 0.221327066888467, 0.221327006361825, 0.221327022178404, 1 ],
		"fontsize" : 9,
		"textcolor" : [ 0.9, 0.9, 0.9, 1 ]
	}
,
	"link-lo-hi" : 	{
		"patching_rect" : [ 174, 13, 15, 19 ],
		"hidden" : 0,
		"applycolors" : 0,
		"bgfillcolor" : 		{
			"type" : "color",
			"color1" : [ 0.376470588235294, 0.384313725490196, 0.4, 1.0 ],
			"color2" : [ 0.290196078431373, 0.309803921568627, 0.301960784313725, 1.0 ],
			"color" : [ 0.2, 0.2, 0.2, 1 ],
			"angle" : 270.0,
			"proportion" : 0.39
		}
,
		"color" : [ 0.618934978328545, 0.744701397656435, 0.953750108255376, 1 ],
		"elementcolor" : [ 0.221327066888467, 0.221327006361825, 0.221327022178404, 1 ],
		"fontsize" : 9,
		"textcolor" : [ 0.9, 0.9, 0.9, 1 ]
	}
,
	"act_menu" : 	{
		"patching_rect" : [ 137, 43, 40, 19 ],
		"hidden" : 0,
		"applycolors" : 0,
		"bgfillcolor" : 		{
			"type" : "color",
			"color1" : [ 0.376471, 0.384314, 0.4, 1.0 ],
			"color2" : [ 0.290196, 0.309804, 0.301961, 1.0 ],
			"color" : [ 0.294117647058824, 1.0, 0.294117647058824, 1.0 ],
			"angle" : 270.0,
			"proportion" : 0.39
		}
,
		"color" : [ 0.618934978328545, 0.744701397656435, 0.953750108255376, 1 ],
		"elementcolor" : [ 0.221327066888467, 0.221327006361825, 0.221327022178404, 1 ],
		"fontsize" : 9,
		"textcolor" : [ 0, 0, 0, 1 ]
	}
,
	"par_menu" : 	{
		"patching_rect" : [ 178, 43, 41, 19 ],
		"hidden" : 0,
		"applycolors" : 0,
		"bgfillcolor" : 		{
			"type" : "color",
			"color1" : [ 0.376471, 0.384314, 0.4, 1.0 ],
			"color2" : [ 0.290196, 0.309804, 0.301961, 1.0 ],
			"color" : [ 0.294117647058824, 1.0, 0.294117647058824, 1.0 ],
			"angle" : 270.0,
			"proportion" : 0.39
		}
,
		"color" : [ 0.618934978328545, 0.744701397656435, 0.953750108255376, 1 ],
		"elementcolor" : [ 0.221327066888467, 0.221327006361825, 0.221327022178404, 1 ],
		"fontsize" : 9,
		"textcolor" : [ 0, 0, 0, 1 ]
	}
,
	"list_param_item" : 	{
		"patching_rect" : [ 219, 43, 23, 19 ],
		"hidden" : 0,
		"bgcolor" : [ 0.294118, 1, 0.294118, 1 ],
		"fontsize" : 9,
		"htricolor" : [ 0.87, 0.82, 0.24, 1 ],
		"textcolor" : [ 0, 0, 0, 1 ],
		"tricolor" : [ 0.75, 0.75, 0.75, 1 ]
	}
,
	"freq" : 	{
		"patching_rect" : [ 80, 0, 178, 14 ],
		"hidden" : 0,
		"bgcolor" : [ 0.878431, 0.713726, 0.607843, 1 ],
		"bordercolor" : [ 0, 0, 0, 1 ],
		"fontsize" : 14,
		"labelcolor" : [ 0, 0, 0, 1 ],
		"selectcolor" : [ 0.45098, 0.670588, 1, 0.647059 ],
		"slidercolor" : [ 0, 0, 0, 1 ],
		"slidercolornofocus" : [ 1, 1, 1, 1 ],
		"textcolor" : [ 0, 0, 0, 1 ],
		"textcolornofocus" : [ 1, 1, 1, 1 ]
	}
,
	"ring_in" : 	{
		"patching_rect" : [ 83, 29, 21, 16 ],
		"hidden" : 0,
		"bgcolor" : [ 0.294117647058824, 0.886274509803922, 1, 1 ],
		"bgoncolor" : [ 0.035294117647059, 0.270588235294118, 0.415686274509804, 1 ],
		"fontsize" : 9,
		"legacytextcolor" : 1,
		"textcolor" : [ 0.752941, 0.023529, 0.247059, 1 ],
		"textoncolor" : [ 0.870588, 0.819608, 0.239216, 1 ],
		"textovercolor" : [ 0.752941, 0.023529, 0.247059, 1 ],
		"usebgoncolor" : 1,
		"usetextovercolor" : 1
	}
,
	"settriggermode" : 	{
		"patching_rect" : [ 94, 45, 13, 14 ],
		"hidden" : 0,
		"bgcolor" : [ 0.75, 0.75, 0.75, 1 ],
		"bgoncolor" : [ 0.752941, 0.023529, 0.247059, 1 ],
		"fontsize" : 8,
		"legacytextcolor" : 1,
		"textcolor" : [ 0.752941, 0.023529, 0.247059, 1 ],
		"textoncolor" : [ 0.870588, 0.819608, 0.239216, 1 ],
		"textovercolor" : [ 0.752941, 0.023529, 0.247059, 1 ],
		"usebgoncolor" : 1,
		"usetextovercolor" : 1
	}
,
	"low" : 	{
		"patching_rect" : [ 122, 14, 53, 15 ],
		"hidden" : 0,
		"bgcolor" : [ 1, 0.596078, 0.356863, 1 ],
		"bordercolor" : [ 0, 0, 0, 1 ],
		"fontsize" : 12,
		"labelcolor" : [ 0, 0, 0, 1 ],
		"selectcolor" : [ 0.45098, 0.670588, 1, 0.647059 ],
		"slidercolor" : [ 0, 0, 0, 1 ],
		"slidercolornofocus" : [ 0.32549, 0.345098, 0.372549, 1 ],
		"textcolor" : [ 0, 0, 0, 1 ],
		"textcolornofocus" : [ 0.32549, 0.345098, 0.372549, 1 ]
	}
,
	"mes/sig" : 	{
		"patching_rect" : [ 121, 44, 17, 17 ],
		"hidden" : 0,
		"activebgcolor" : [ 0.294118, 1, 0.294118, 1 ],
		"activebgoncolor" : [ 0.023529, 0, 0.847059, 1 ],
		"activetextcolor" : [ 0.85, 0.85, 0.85, 1 ],
		"activetextoncolor" : [ 1, 1, 1, 1 ],
		"bgcolor" : [ 0.294118, 1, 0.294118, 1 ],
		"bgoncolor" : [ 0.023529, 0, 0.847059, 1 ],
		"bordercolor" : [ 0.196078, 0.196078, 0.196078, 0 ],
		"focusbordercolor" : [ 0, 0.019608, 0.078431, 0 ],
		"fontsize" : 11,
		"inactivelcdcolor" : [ 0.54902, 0.54902, 0.54902, 1 ],
		"labeltextcolor" : [ 0.85, 0.85, 0.85, 1 ],
		"lcdbgcolor" : [ 0.156863, 0.156863, 0.156863, 1 ],
		"lcdcolor" : [ 1, 0.709804, 0.196078, 1 ],
		"remapsvgcolors" : 0,
		"textcolor" : [ 0.352941, 0.352941, 0.352941, 1 ],
		"textoffcolor" : [ 0.352941, 0.352941, 0.352941, 1 ]
	}
,
	"endsmooth" : 	{
		"patching_rect" : [ 264, 44, 19, 16 ],
		"hidden" : 0,
		"bgcolor" : [ 0.75, 0.75, 0.75, 1 ],
		"bgoncolor" : [ 0.752941, 0.023529, 0.247059, 1 ],
		"fontsize" : 9,
		"legacytextcolor" : 1,
		"textcolor" : [ 0.752941, 0.023529, 0.247059, 1 ],
		"textoncolor" : [ 0.870588, 0.819608, 0.239216, 1 ],
		"textovercolor" : [ 0.752941, 0.023529, 0.247059, 1 ],
		"usebgoncolor" : 1,
		"usetextovercolor" : 1
	}
,
	"speedlim" : 	{
		"patching_rect" : [ 157, 30, 41, 15 ],
		"hidden" : 0,
		"bgcolor" : [ 0.878431, 0.713726, 0.607843, 1 ],
		"bordercolor" : [ 0, 0, 0, 1 ],
		"fontsize" : 12,
		"labelcolor" : [ 0, 0, 0, 1 ],
		"selectcolor" : [ 0.45098, 0.670588, 1, 0.647059 ],
		"slidercolor" : [ 0, 0, 0, 1 ],
		"slidercolornofocus" : [ 1, 1, 1, 1 ],
		"textcolor" : [ 0, 0, 0, 1 ],
		"textcolornofocus" : [ 1, 1, 1, 1 ]
	}
,
	"log" : 	{
		"patching_rect" : [ 199, 29, 43, 15 ],
		"hidden" : 0,
		"bgcolor" : [ 0.294118, 1, 0.294118, 1 ],
		"bordercolor" : [ 0, 0, 0, 1 ],
		"fontsize" : 12,
		"labelcolor" : [ 0, 0, 0, 1 ],
		"selectcolor" : [ 0.45098, 0.670588, 1, 0.647059 ],
		"slidercolor" : [ 0, 0, 0, 1 ],